factor,sample_index,factor_value,combo,rms_vibration_mm,rms_pointing_error_deg,peak_torque_nm,rms_torque_nm
inertia_scale,0,0.920063,s_curve_standard_pd,0.23012,0.00353152,17.712,7.32692
inertia_scale,0,0.920063,fourth_standard_pd,0.0807469,0.00132833,15.8441,7.69899
inertia_scale,1,0.851132,s_curve_standard_pd,0.224979,0.00347296,16.8799,6.9818
inertia_scale,1,0.851132,fourth_standard_pd,0.0824773,0.00136532,15.1044,7.33654
inertia_scale,2,1.29228,s_curve_standard_pd,0.254681,0.0038212,22.1983,9.19049
inertia_scale,2,1.29228,fourth_standard_pd,0.0731707,0.00117456,19.8387,9.65612
inertia_scale,3,1.02806,s_curve_standard_pd,0.237795,0.00362049,19.0147,7.86765
inertia_scale,3,1.02806,fourth_standard_pd,0.0782584,0.00127648,17.0029,8.26687
inertia_scale,4,0.780158,s_curve_standard_pd,0.219477,0.00341136,16.0228,6.62646
inertia_scale,4,0.780158,fourth_standard_pd,0.0843787,0.00140702,14.3427,6.96334
inertia_scale,5,1.05901,s_curve_standard_pd,0.239914,0.00364531,19.3877,8.02257
inertia_scale,5,1.05901,fourth_standard_pd,0.0775918,0.00126286,17.335,8.42956
inertia_scale,6,0.777798,s_curve_standard_pd,0.219293,0.00340931,15.9943,6.61464
inertia_scale,6,0.777798,fourth_standard_pd,0.0844428,0.00140847,14.3174,6.95094
inertia_scale,7,0.750539,s_curve_standard_pd,0.217121,0.0033853,15.665,6.47816
inertia_scale,7,0.750539,fourth_standard_pd,0.0852046,0.00142559,14.0248,6.80761
inertia_scale,8,0.909593,s_curve_standard_pd,0.229352,0.0035227,17.5856,7.2745
inertia_scale,8,0.909593,fourth_standard_pd,0.081003,0.00133375,15.7317,7.64393
inertia_scale,9,0.736972,s_curve_standard_pd,0.216024,0.00337327,15.5011,6.41024
inertia_scale,9,0.736972,fourth_standard_pd,0.0855892,0.00143434,13.8791,6.73627
inertia_scale,10,1.0064,s_curve_standard_pd,0.236295,0.00360295,18.7535,7.7592
inertia_scale,10,1.0064,fourth_standard_pd,0.0787361,0.00128633,16.7705,8.15297
inertia_scale,11,1.00368,s_curve_standard_pd,0.236105,0.00360074,18.7206,7.74557
inertia_scale,11,1.00368,fourth_standard_pd,0.0787971,0.00128759,16.7413,8.13865
inertia_scale,12,0.804583,s_curve_standard_pd,0.221396,0.00343274,16.3178,6.74875
inertia_scale,12,0.804583,fourth_standard_pd,0.0837102,0.00139224,14.6049,7.09177
inertia_scale,13,1.14386,s_curve_standard_pd,0.245519,0.00371157,20.4102,8.4474
inertia_scale,13,1.14386,fourth_standard_pd,0.0758683,0.00122799,18.2456,8.87572
inertia_scale,14,0.810794,s_curve_standard_pd,0.221879,0.00343814,16.3928,6.77985
inertia_scale,14,0.810794,fourth_standard_pd,0.0835429,0.00138855,14.6715,7.12444
inertia_scale,15,1.2715,s_curve_standard_pd,0.25346,0.00380651,21.9479,9.08645
inertia_scale,15,1.2715,fourth_standard_pd,0.0735249,0.00118152,19.6156,9.54687
inertia_scale,16,0.8818,s_curve_standard_pd,0.227293,0.00349919,17.2502,7.13535
inertia_scale,16,0.8818,fourth_standard_pd,0.0816943,0.00134846,15.4335,7.49779
inertia_scale,17,0.870269,s_curve_standard_pd,0.226425,0.00348935,17.111,7.07762
inertia_scale,17,0.870269,fourth_standard_pd,0.0819864,0.00135472,15.3098,7.43716
inertia_scale,18,0.97036,s_curve_standard_pd,0.233755,0.00357343,18.3188,7.57874
inertia_scale,18,0.97036,fourth_standard_pd,0.0795555,0.00130331,16.3838,7.96345
inertia_scale,19,0.992909,s_curve_standard_pd,0.235347,0.00359193,18.5907,7.69164
inertia_scale,19,0.992909,fourth_standard_pd,0.0790402,0.0012926,16.6257,8.08202
inertia_scale,20,1.12428,s_curve_standard_pd,0.244249,0.00369652,20.1743,8.34937
inertia_scale,20,1.12428,fourth_standard_pd,0.0762532,0.00123573,18.0354,8.77278
inertia_scale,21,0.959386,s_curve_standard_pd,0.232967,0.00356432,18.1864,7.5238
inertia_scale,21,0.959386,fourth_standard_pd,0.0798107,0.00130863,16.266,7.90575
inertia_scale,22,0.842968,s_curve_standard_pd,0.224357,0.00346595,16.7813,6.94093
inertia_scale,22,0.842968,fourth_standard_pd,0.0826905,0.00136992,15.0168,7.29361
inertia_scale,23,0.836108,s_curve_standard_pd,0.223831,0.00346002,16.6985,6.90658
inertia_scale,23,0.836108,fourth_standard_pd,0.0828702,0.00137383,14.9432,7.25754
inertia_scale,24,0.795781,s_curve_standard_pd,0.22071,0.00342506,16.2115,6.70468
inertia_scale,24,0.795781,fourth_standard_pd,0.0839495,0.00139751,14.5104,7.04549
inertia_scale,25,0.971104,s_curve_standard_pd,0.233807,0.00357405,18.3278,7.58247
inertia_scale,25,0.971104,fourth_standard_pd,0.0795382,0.00130295,16.3917,7.96736
inertia_scale,26,1.25187,s_curve_standard_pd,0.252272,0.00379224,21.7115,8.98819
inertia_scale,26,1.25187,fourth_standard_pd,0.0738683,0.00118825,19.405,9.44367
inertia_scale,27,0.803947,s_curve_standard_pd,0.221346,0.00343219,16.3101,6.74556
inertia_scale,27,0.803947,fourth_standard_pd,0.0837274,0.00139262,14.598,7.08843
inertia_scale,28,0.759541,s_curve_standard_pd,0.21784,0.00339328,15.7737,6.52324
inertia_scale,28,0.759541,fourth_standard_pd,0.0849516,0.00141988,14.1214,6.85494
inertia_scale,29,0.962454,s_curve_standard_pd,0.23319,0.00356689,18.2234,7.53916
inertia_scale,29,0.962454,fourth_standard_pd,0.0797389,0.00130714,16.2989,7.92188
inertia_scale,30,1.23314,s_curve_standard_pd,0.251122,0.00377844,21.4858,8.89439
inertia_scale,30,1.23314,fourth_standard_pd,0.0742,0.0011948,19.2038,9.34516
inertia_scale,31,0.776821,s_curve_standard_pd,0.219215,0.00340845,15.9825,6.60975
inertia_scale,31,0.776821,fourth_standard_pd,0.0844699,0.00140908,14.3069,6.9458
inertia_scale,32,0.895855,s_curve_standard_pd,0.228337,0.0035111,17.4198,7.20572
inertia_scale,32,0.895855,fourth_standard_pd,0.0813415,0.00134095,15.5843,7.5717
inertia_scale,33,1.24557,s_curve_standard_pd,0.251885,0.00378761,21.6356,8.95664
inertia_scale,33,1.24557,fourth_standard_pd,0.0739793,0.00119043,19.3373,9.41053
inertia_scale,34,0.87251,s_curve_standard_pd,0.226593,0.00349126,17.138,7.08884
inertia_scale,34,0.87251,fourth_standard_pd,0.0819293,0.0013535,15.3338,7.44894
inertia_scale,35,0.831278,s_curve_standard_pd,0.223461,0.00345587,16.6402,6.8824
inertia_scale,35,0.831278,fourth_standard_pd,0.0829976,0.0013766,14.8914,7.23214
inertia_scale,36,1.0889,s_curve_standard_pd,0.241921,0.00366895,19.7479,8.17223
inertia_scale,36,1.0889,fourth_standard_pd,0.0769686,0.00125017,17.6557,8.58674
inertia_scale,37,1.0868,s_curve_standard_pd,0.241782,0.0036673,19.7227,8.16173
inertia_scale,37,1.0868,fourth_standard_pd,0.077012,0.00125104,17.6332,8.57572
inertia_scale,38,1.21105,s_curve_standard_pd,0.249763,0.00376217,21.2197,8.78379
inertia_scale,38,1.21105,fourth_standard_pd,0.0745994,0.00120271,18.9667,9.229
inertia_scale,39,1.22006,s_curve_standard_pd,0.250319,0.00376882,21.3283,8.82894
inertia_scale,39,1.22006,fourth_standard_pd,0.0744351,0.00119945,19.0635,9.27643
inertia_scale,40,0.834854,s_curve_standard_pd,0.223735,0.00345895,16.6834,6.9003
inertia_scale,40,0.834854,fourth_standard_pd,0.0829033,0.00137455,14.9297,7.25094
inertia_scale,41,0.77267,s_curve_standard_pd,0.218886,0.00340481,15.9323,6.58897
inertia_scale,41,0.77267,fourth_standard_pd,0.0845848,0.00141165,14.2623,6.92397
inertia_scale,42,1.26494,s_curve_standard_pd,0.253066,0.00380177,21.869,9.05364
inertia_scale,42,1.26494,fourth_standard_pd,0.0736383,0.00118375,19.5453,9.51241
inertia_scale,43,0.917497,s_curve_standard_pd,0.229932,0.00352936,17.681,7.31408
inertia_scale,43,0.917497,fourth_standard_pd,0.0808099,0.00132965,15.8165,7.68549
inertia_scale,44,1.13196,s_curve_standard_pd,0.244751,0.00370247,20.2668,8.38782
inertia_scale,44,1.13196,fourth_standard_pd,0.0761012,0.00123266,18.1179,8.81315
inertia_scale,45,0.933755,s_curve_standard_pd,0.231119,0.00354303,17.8772,7.39547
inertia_scale,45,0.933755,fourth_standard_pd,0.0804164,0.00132136,15.991,7.77098
inertia_scale,46,0.997825,s_curve_standard_pd,0.235696,0.00359597,18.65,7.71626
inertia_scale,46,0.997825,fourth_standard_pd,0.0789289,0.00129031,16.6785,8.10787
inertia_scale,47,1.18472,s_curve_standard_pd,0.248124,0.00374257,20.9025,8.65197
inertia_scale,47,1.18472,fourth_standard_pd,0.0750866,0.00121238,18.6841,9.09057
inertia_scale,48,0.811227,s_curve_standard_pd,0.221913,0.00343851,16.398,6.78201
inertia_scale,48,0.811227,fourth_standard_pd,0.0835313,0.00138829,14.6762,7.12671
inertia_scale,49,0.944191,s_curve_standard_pd,0.231875,0.00355171,18.0031,7.44772
inertia_scale,49,0.944191,fourth_standard_pd,0.0801689,0.00131614,16.103,7.82585
inertia_scale,50,1.12224,s_curve_standard_pd,0.244117,0.00369495,20.1497,8.33918
inertia_scale,50,1.12224,fourth_standard_pd,0.0762939,0.00123654,18.0136,8.76207
inertia_scale,51,1.0853,s_curve_standard_pd,0.241682,0.00366612,19.7045,8.15421
inertia_scale,51,1.0853,fourth_standard_pd,0.0770431,0.00125167,17.6171,8.56781
inertia_scale,52,1.27564,s_curve_standard_pd,0.253706,0.00380945,21.9979,9.1072
inertia_scale,52,1.27564,fourth_standard_pd,0.0734539,0.00118011,19.6601,9.56866
inertia_scale,53,1.0245,s_curve_standard_pd,0.23755,0.00361761,18.9717,7.8498
inertia_scale,53,1.0245,fourth_standard_pd,0.0783352,0.00127808,16.9647,8.24812
inertia_scale,54,1.02029,s_curve_standard_pd,0.237259,0.0036142,18.9209,7.82873
inertia_scale,54,1.02029,fourth_standard_pd,0.078428,0.00127999,16.9195,8.22599
inertia_scale,55,1.04996,s_curve_standard_pd,0.239295,0.00363808,19.2786,7.97727
inertia_scale,55,1.04996,fourth_standard_pd,0.0777851,0.00126679,17.2379,8.38199
inertia_scale,56,1.27105,s_curve_standard_pd,0.253434,0.00380619,21.9426,9.08422
inertia_scale,56,1.27105,fourth_standard_pd,0.0735318,0.00118167,19.6108,9.54452
inertia_scale,57,0.921143,s_curve_standard_pd,0.230199,0.00353242,17.725,7.33233
inertia_scale,57,0.921143,fourth_standard_pd,0.0807212,0.00132777,15.8557,7.70466
inertia_scale,58,0.883901,s_curve_standard_pd,0.227448,0.00350097,17.2755,7.14587
inertia_scale,58,0.883901,fourth_standard_pd,0.0816413,0.00134733,15.4561,7.50884
inertia_scale,59,1.28561,s_curve_standard_pd,0.254293,0.0038165,22.1179,9.15709
inertia_scale,59,1.28561,fourth_standard_pd,0.0732848,0.00117678,19.7671,9.62105
inertia_scale,60,1.29868,s_curve_standard_pd,0.255053,0.00382567,22.2755,9.22255
inertia_scale,60,1.29868,fourth_standard_pd,0.0730628,0.00117244,19.9074,9.6898
inertia_scale,61,1.02164,s_curve_standard_pd,0.237353,0.0036153,18.9372,7.83551
inertia_scale,61,1.02164,fourth_standard_pd,0.0783981,0.00127937,16.934,8.23311
inertia_scale,62,1.00707,s_curve_standard_pd,0.236341,0.00360349,18.7615,7.76253
inertia_scale,62,1.00707,fourth_standard_pd,0.0787218,0.00128603,16.7776,8.15647
inertia_scale,63,1.16307,s_curve_standard_pd,0.24675,0.00372621,20.6416,8.54358
inertia_scale,63,1.16307,fourth_standard_pd,0.0754971,0.00122056,18.4518,8.97674
inertia_scale,64,0.797261,s_curve_standard_pd,0.220824,0.00342635,16.2293,6.71209
inertia_scale,64,0.797261,fourth_standard_pd,0.0839091,0.00139662,14.5263,7.05328
inertia_scale,65,0.840227,s_curve_standard_pd,0.224148,0.0034636,16.7482,6.9272
inertia_scale,65,0.840227,fourth_standard_pd,0.0827618,0.00137149,14.9874,7.2792
inertia_scale,66,1.25365,s_curve_standard_pd,0.252381,0.00379355,21.7329,8.99708
inertia_scale,66,1.25365,fourth_standard_pd,0.0738369,0.00118763,19.424,9.45301
inertia_scale,67,1.07965,s_curve_standard_pd,0.241301,0.00366165,19.6365,8.12594
inertia_scale,67,1.07965,fourth_standard_pd,0.0771601,0.00125404,17.5565,8.53813
inertia_scale,68,0.917064,s_curve_standard_pd,0.2299,0.003529,17.6758,7.31191
inertia_scale,68,0.917064,fourth_standard_pd,0.0808205,0.00132988,15.8119,7.68322
inertia_scale,69,0.888419,s_curve_standard_pd,0.227785,0.00350481,17.3301,7.16849
inertia_scale,69,0.888419,fourth_standard_pd,0.0815273,0.00134491,15.5045,7.5326
inertia_scale,70,0.858061,s_curve_standard_pd,0.225504,0.00347892,16.9636,7.0165
inertia_scale,70,0.858061,fourth_standard_pd,0.0822984,0.00136146,15.1788,7.37297
inertia_scale,71,0.968324,s_curve_standard_pd,0.233609,0.00357174,18.2942,7.56855
inertia_scale,71,0.968324,fourth_standard_pd,0.0796021,0.00130429,16.3619,7.95275
inertia_scale,72,0.753651,s_curve_standard_pd,0.217371,0.00338806,15.7026,6.49374
inertia_scale,72,0.753651,fourth_standard_pd,0.085118,0.00142361,14.0582,6.82397
inertia_scale,73,1.10781,s_curve_standard_pd,0.24317,0.00368373,19.9758,8.2669
inertia_scale,73,1.10781,fourth_standard_pd,0.0765829,0.00124238,17.8587,8.68616
inertia_scale,74,1.17499,s_curve_standard_pd,0.247508,0.00373527,20.7853,8.60329
inertia_scale,74,1.17499,fourth_standard_pd,0.0752707,0.00121603,18.5798,9.03945
inertia_scale,75,1.21635,s_curve_standard_pd,0.250092,0.0037661,21.2835,8.81032
inertia_scale,75,1.21635,fourth_standard_pd,0.074503,0.00120079,19.0236,9.25687
inertia_scale,76,0.82684,s_curve_standard_pd,0.22312,0.00345204,16.5866,6.86018
inertia_scale,76,0.82684,fourth_standard_pd,0.0831152,0.00137916,14.8437,7.20881
inertia_scale,77,1.05783,s_curve_standard_pd,0.23983,0.00364435,19.3735,8.0167
inertia_scale,77,1.05783,fourth_standard_pd,0.0776168,0.00126337,17.3224,8.4234
inertia_scale,78,1.26994,s_curve_standard_pd,0.253367,0.00380539,21.9292,9.07867
inertia_scale,78,1.26994,fourth_standard_pd,0.0735511,0.00118205,19.5989,9.53869
inertia_scale,79,0.934337,s_curve_standard_pd,0.231161,0.00354351,17.8842,7.39839
inertia_scale,79,0.934337,fourth_standard_pd,0.0804024,0.00132107,15.9972,7.77404
inertia_scale,80,1.14865,s_curve_standard_pd,0.245826,0.00371522,20.4679,8.47137
inertia_scale,80,1.14865,fourth_standard_pd,0.0757747,0.00122612,18.297,8.9009
inertia_scale,81,0.945177,s_curve_standard_pd,0.231946,0.00355253,18.015,7.45266
inertia_scale,81,0.945177,fourth_standard_pd,0.0801454,0.00131565,16.1135,7.83104
inertia_scale,82,0.731714,s_curve_standard_pd,0.215598,0.0033686,15.4376,6.38391
inertia_scale,82,0.731714,fourth_standard_pd,0.0857401,0.00143777,13.8227,6.70862
inertia_scale,83,0.929006,s_curve_standard_pd,0.230776,0.00353904,17.8199,7.3717
inertia_scale,83,0.929006,fourth_standard_pd,0.0805308,0.00132377,15.94,7.74601
inertia_scale,84,0.910219,s_curve_standard_pd,0.229398,0.00352322,17.5932,7.27764
inertia_scale,84,0.910219,fourth_standard_pd,0.0809876,0.00133342,15.7384,7.64722
inertia_scale,85,0.827239,s_curve_standard_pd,0.223151,0.00345238,16.5914,6.86218
inertia_scale,85,0.827239,fourth_standard_pd,0.0831047,0.00137893,14.848,7.2109
inertia_scale,86,0.818583,s_curve_standard_pd,0.222483,0.0034449,16.4869,6.81884
inertia_scale,86,0.818583,fourth_standard_pd,0.0833353,0.00138397,14.7551,7.16539
inertia_scale,87,0.878149,s_curve_standard_pd,0.227015,0.00349607,17.2061,7.11707
inertia_scale,87,0.878149,fourth_standard_pd,0.0817861,0.00135043,15.3943,7.4786
inertia_scale,88,1.1624,s_curve_standard_pd,0.246708,0.0037257,20.6335,8.54021
inertia_scale,88,1.1624,fourth_standard_pd,0.07551,0.00122082,18.4445,8.9732
inertia_scale,89,1.27576,s_curve_standard_pd,0.253713,0.00380954,21.9993,9.1078
inertia_scale,89,1.27576,fourth_standard_pd,0.0734518,0.00118007,19.6614,9.56928
inertia_scale,90,1.13281,s_curve_standard_pd,0.244806,0.00370313,20.2771,8.39209
inertia_scale,90,1.13281,fourth_standard_pd,0.0760844,0.00123233,18.127,8.81763
inertia_scale,91,1.28013,s_curve_standard_pd,0.25397,0.00381262,22.052,9.12969
inertia_scale,91,1.28013,fourth_standard_pd,0.0733763,0.0011786,19.7083,9.59228
inertia_scale,92,1.11051,s_curve_standard_pd,0.243351,0.00368586,20.0083,8.28042
inertia_scale,92,1.11051,fourth_standard_pd,0.0765282,0.00124128,17.8876,8.70036
inertia_scale,93,0.864899,s_curve_standard_pd,0.22602,0.00348477,17.0461,7.05073
inertia_scale,93,0.864899,fourth_standard_pd,0.0821233,0.00135767,15.2522,7.40893
inertia_scale,94,0.803572,s_curve_standard_pd,0.221317,0.00343186,16.3056,6.74368
inertia_scale,94,0.803572,fourth_standard_pd,0.0837376,0.00139284,14.594,7.08646
inertia_scale,95,1.15162,s_curve_standard_pd,0.24602,0.00371752,20.5037,8.48627
inertia_scale,95,1.15162,fourth_standard_pd,0.0757168,0.00122496,18.3289,8.91655
inertia_scale,96,0.963708,s_curve_standard_pd,0.23328,0.00356793,18.2386,7.54544
inertia_scale,96,0.963708,fourth_standard_pd,0.0797096,0.00130653,16.3124,7.92848
inertia_scale,97,1.10634,s_curve_standard_pd,0.243074,0.00368259,19.9581,8.25954
inertia_scale,97,1.10634,fourth_standard_pd,0.0766128,0.00124298,17.8429,8.67843
inertia_scale,98,1.03994,s_curve_standard_pd,0.238614,0.00363007,19.1578,7.92712
inertia_scale,98,1.03994,fourth_standard_pd,0.0780004,0.00127119,17.1304,8.32932
inertia_scale,99,1.01898,s_curve_standard_pd,0.237169,0.00361315,18.9052,7.82219
inertia_scale,99,1.01898,fourth_standard_pd,0.0784569,0.00128058,16.9055,8.21912
inertia_scale,100,0.774302,s_curve_standard_pd,0.219016,0.00340624,15.952,6.59714
inertia_scale,100,0.774302,fourth_standard_pd,0.0845394,0.00141064,14.2799,6.93255
inertia_scale,101,0.953608,s_curve_standard_pd,0.232553,0.00355953,18.1167,7.49487
inertia_scale,101,0.953608,fourth_standard_pd,0.0799466,0.00131147,16.204,7.87537
inertia_scale,102,0.870323,s_curve_standard_pd,0.226429,0.00348939,17.1116,7.07789
inertia_scale,102,0.870323,fourth_standard_pd,0.081985,0.00135469,15.3104,7.43745
inertia_scale,103,0.749651,s_curve_standard_pd,0.21705,0.00338452,15.6543,6.47372
inertia_scale,103,0.749651,fourth_standard_pd,0.0852294,0.00142615,14.0152,6.80293
inertia_scale,104,1.21321,s_curve_standard_pd,0.249895,0.00376376,21.2457,8.79461
inertia_scale,104,1.21321,fourth_standard_pd,0.0745605,0.00120192,18.9899,9.24038
inertia_scale,105,0.708661,s_curve_standard_pd,0.213715,0.00334807,15.1592,6.26849
inertia_scale,105,0.708661,fourth_standard_pd,0.086408,0.00145311,13.5752,6.58741
inertia_scale,106,1.06903,s_curve_standard_pd,0.240589,0.00365326,19.5085,8.07275
inertia_scale,106,1.06903,fourth_standard_pd,0.0773814,0.00125855,17.4425,8.48227
inertia_scale,107,0.817667,s_curve_standard_pd,0.222412,0.00344411,16.4758,6.81425
inertia_scale,107,0.817667,fourth_standard_pd,0.0833586,0.00138451,14.7453,7.16057
inertia_scale,108,0.768721,s_curve_standard_pd,0.218572,0.00340135,15.8846,6.5692
inertia_scale,108,0.768721,fourth_standard_pd,0.0846947,0.00141411,14.22,6.90321
inertia_scale,109,0.844706,s_curve_standard_pd,0.22449,0.00346745,16.8023,6.94963
inertia_scale,109,0.844706,fourth_standard_pd,0.082645,0.00136894,15.0355,7.30275
inertia_scale,110,0.871449,s_curve_standard_pd,0.226513,0.00349035,17.1252,7.08352
inertia_scale,110,0.871449,fourth_standard_pd,0.0819563,0.00135407,15.3224,7.44336
inertia_scale,111,1.2201,s_curve_standard_pd,0.250322,0.00376885,21.3287,8.82911
inertia_scale,111,1.2201,fourth_standard_pd,0.0744345,0.00119944,19.0639,9.27661
inertia_scale,112,0.995059,s_curve_standard_pd,0.235498,0.00359369,18.6167,7.7024
inertia_scale,112,0.995059,fourth_standard_pd,0.0789915,0.0012916,16.6488,8.09332
inertia_scale,113,1.2741,s_curve_standard_pd,0.253616,0.00380836,21.9793,9.0995
inertia_scale,113,1.2741,fourth_standard_pd,0.0734797,0.00118064,19.6436,9.56057
inertia_scale,114,0.908122,s_curve_standard_pd,0.229243,0.00352146,17.5679,7.26714
inertia_scale,114,0.908122,fourth_standard_pd,0.0810392,0.00133452,15.716,7.6362
inertia_scale,115,1.13934,s_curve_standard_pd,0.245228,0.00370812,20.3557,8.42477
inertia_scale,115,1.13934,fourth_standard_pd,0.0759563,0.00122975,18.1971,8.85196
inertia_scale,116,1.12791,s_curve_standard_pd,0.244485,0.00369932,20.218,8.36754
inertia_scale,116,1.12791,fourth_standard_pd,0.0761817,0.00123427,18.0744,8.79185
inertia_scale,117,0.895008,s_curve_standard_pd,0.228274,0.00351039,17.4096,7.20148
inertia_scale,117,0.895008,fourth_standard_pd,0.0813626,0.0013414,15.5752,7.56724
inertia_scale,118,0.798073,s_curve_standard_pd,0.220888,0.00342706,16.2392,6.71615
inertia_scale,118,0.798073,fourth_standard_pd,0.083887,0.00139613,14.535,7.05755
inertia_scale,119,0.949907,s_curve_standard_pd,0.232287,0.00355645,18.0721,7.47634
inertia_scale,119,0.949907,fourth_standard_pd,0.0800334,0.00131329,16.1643,7.85591
inertia_scale,120,1.21875,s_curve_standard_pd,0.250239,0.00376787,21.3125,8.82238
inertia_scale,120,1.21875,fourth_standard_pd,0.0744591,0.00119992,19.0494,9.26953
inertia_scale,121,1.07142,s_curve_standard_pd,0.24075,0.00365514,19.5372,8.0847
inertia_scale,121,1.07142,fourth_standard_pd,0.0773318,0.00125754,17.4681,8.49481
inertia_scale,122,0.755512,s_curve_standard_pd,0.21752,0.00338971,15.7251,6.50306
inertia_scale,122,0.755512,fourth_standard_pd,0.0850654,0.00142243,14.0782,6.83375
inertia_scale,123,1.17376,s_curve_standard_pd,0.247431,0.00373434,20.7705,8.59712
inertia_scale,123,1.17376,fourth_standard_pd,0.0752941,0.00121649,18.5665,9.03296
inertia_scale,124,1.20706,s_curve_standard_pd,0.249517,0.00375923,21.1717,8.76384
inertia_scale,124,1.20706,fourth_standard_pd,0.0746727,0.00120415,18.924,9.20806
inertia_scale,125,0.848681,s_curve_standard_pd,0.224792,0.00347086,16.8503,6.96953
inertia_scale,125,0.848681,fourth_standard_pd,0.082541,0.0013667,15.0781,7.32365
inertia_scale,126,1.21845,s_curve_standard_pd,0.250221,0.00376765,21.3089,8.82087
inertia_scale,126,1.21845,fourth_standard_pd,0.0744646,0.00120003,19.0462,9.26794
inertia_scale,127,0.852082,s_curve_standard_pd,0.225051,0.00347377,16.8914,6.98656
inertia_scale,127,0.852082,fourth_standard_pd,0.0824526,0.00136479,15.1146,7.34153
inertia_scale,128,0.719222,s_curve_standard_pd,0.214581,0.00335749,15.2867,6.32137
inertia_scale,128,0.719222,fourth_standard_pd,0.0861007,0.00144602,13.6886,6.64293
inertia_scale,129,1.17048,s_curve_standard_pd,0.247224,0.00373187,20.731,8.5807
inertia_scale,129,1.17048,fourth_standard_pd,0.0753551,0.00121773,18.5313,9.01572
inertia_scale,130,1.04683,s_curve_standard_pd,0.239084,0.00363558,19.2408,7.96159
inertia_scale,130,1.04683,fourth_standard_pd,0.0778524,0.00126816,17.2043,8.36553
inertia_scale,131,1.06113,s_curve_standard_pd,0.240057,0.003647,19.4132,8.03318
inertia_scale,131,1.06113,fourth_standard_pd,0.0775468,0.00126194,17.3577,8.44071
inertia_scale,132,0.856458,s_curve_standard_pd,0.225383,0.00347755,16.9442,7.00847
inertia_scale,132,0.856458,fourth_standard_pd,0.0823398,0.00136235,15.1616,7.36454
inertia_scale,133,0.877295,s_curve_standard_pd,0.226951,0.00349534,17.1958,7.11279
inertia_scale,133,0.877295,fourth_standard_pd,0.0818077,0.0013509,15.3852,7.4741
inertia_scale,134,0.75724,s_curve_standard_pd,0.217658,0.00339125,15.7459,6.51171
inertia_scale,134,0.75724,fourth_standard_pd,0.0850167,0.00142134,14.0967,6.84284
inertia_scale,135,0.967856,s_curve_standard_pd,0.233575,0.00357135,18.2886,7.56621
inertia_scale,135,0.967856,fourth_standard_pd,0.079613,0.00130452,16.3569,7.95029
inertia_scale,136,1.15093,s_curve_standard_pd,0.245976,0.003717,20.4954,8.4828
inertia_scale,136,1.15093,fourth_standard_pd,0.0757302,0.00122523,18.3215,8.9129
inertia_scale,137,1.26079,s_curve_standard_pd,0.252817,0.00379876,21.8189,9.03283
inertia_scale,137,1.26079,fourth_standard_pd,0.0737111,0.00118517,19.5007,9.49055
inertia_scale,138,1.04543,s_curve_standard_pd,0.238989,0.00363447,19.224,7.95461
inertia_scale,138,1.04543,fourth_standard_pd,0.0778824,0.00126877,17.1893,8.3582
inertia_scale,139,1.23574,s_curve_standard_pd,0.251283,0.00378037,21.5171,8.90741
inertia_scale,139,1.23574,fourth_standard_pd,0.0741532,0.00119388,19.2318,9.35884
inertia_scale,140,0.906298,s_curve_standard_pd,0.229109,0.00351992,17.5459,7.258
inertia_scale,140,0.906298,fourth_standard_pd,0.0810842,0.00133547,15.6964,7.62661
inertia_scale,141,1.025,s_curve_standard_pd,0.237584,0.00361802,18.9777,7.85231
inertia_scale,141,1.025,fourth_standard_pd,0.0783242,0.00127786,16.9701,8.25076
inertia_scale,142,0.842683,s_curve_standard_pd,0.224336,0.00346571,16.7779,6.9395
inertia_scale,142,0.842683,fourth_standard_pd,0.0826979,0.00137009,15.0138,7.29211
inertia_scale,143,0.773093,s_curve_standard_pd,0.21892,0.00340518,15.9374,6.59108
inertia_scale,143,0.773093,fourth_standard_pd,0.084573,0.00141139,14.2669,6.9262
inertia_scale,144,0.80007,s_curve_standard_pd,0.221044,0.0034288,16.2633,6.72615
inertia_scale,144,0.80007,fourth_standard_pd,0.0838326,0.00139494,14.5564,7.06804
inertia_scale,145,0.959563,s_curve_standard_pd,0.23298,0.00356446,18.1886,7.52469
inertia_scale,145,0.959563,fourth_standard_pd,0.0798066,0.00130855,16.2679,7.90668
inertia_scale,146,1.09071,s_curve_standard_pd,0.242041,0.00367038,19.7698,8.18132
inertia_scale,146,1.09071,fourth_standard_pd,0.0769311,0.00124941,17.6752,8.59629
inertia_scale,147,0.77251,s_curve_standard_pd,0.218874,0.00340467,15.9304,6.58817
inertia_scale,147,0.77251,fourth_standard_pd,0.0845892,0.00141175,14.2606,6.92313
inertia_scale,148,0.985648,s_curve_standard_pd,0.234837,0.00358599,18.5032,7.65529
inertia_scale,148,0.985648,fourth_standard_pd,0.0792043,0.00129602,16.5478,8.04384
inertia_scale,149,1.28066,s_curve_standard_pd,0.254001,0.00381299,22.0583,9.13233
inertia_scale,149,1.28066,fourth_standard_pd,0.073369,0.00117843,19.714,9.59505
inertia_scale,150,0.820935,s_curve_standard_pd,0.222665,0.00344694,16.5153,6.83061
inertia_scale,150,0.820935,fourth_standard_pd,0.0832725,0.00138259,14.7804,7.17776
inertia_scale,151,0.900929,s_curve_standard_pd,0.228713,0.00351539,17.4811,7.23112
inertia_scale,151,0.900929,fourth_standard_pd,0.0812169,0.00133828,15.6388,7.59838
inertia_scale,152,1.0905,s_curve_standard_pd,0.242027,0.00367021,19.7673,8.18027
inertia_scale,152,1.0905,fourth_standard_pd,0.0769355,0.0012495,17.673,8.59519
inertia_scale,153,1.19724,s_curve_standard_pd,0.248906,0.00375193,21.0533,8.71465
inertia_scale,153,1.19724,fourth_standard_pd,0.0748539,0.00120774,18.8185,9.1564
inertia_scale,154,1.08957,s_curve_standard_pd,0.241966,0.00366948,19.756,8.1756
inertia_scale,154,1.08957,fourth_standard_pd,0.0769547,0.00124989,17.663,8.59028
inertia_scale,155,1.0063,s_curve_standard_pd,0.236287,0.00360286,18.7522,7.75866
inertia_scale,155,1.0063,fourth_standard_pd,0.0787385,0.00128638,16.7693,8.15241
inertia_scale,156,1.26722,s_curve_standard_pd,0.253205,0.00380343,21.8964,9.06505
inertia_scale,156,1.26722,fourth_standard_pd,0.0735985,0.00118297,19.5697,9.52439
inertia_scale,157,1.00205,s_curve_standard_pd,0.235991,0.00359941,18.701,7.73741
inertia_scale,157,1.00205,fourth_standard_pd,0.0788337,0.00128834,16.7238,8.13009
inertia_scale,158,0.913096,s_curve_standard_pd,0.229609,0.00352566,17.6279,7.29204
inertia_scale,158,0.913096,fourth_standard_pd,0.0809176,0.00133193,15.7693,7.66235
inertia_scale,159,1.04884,s_curve_standard_pd,0.239219,0.00363719,19.2651,7.97166
inertia_scale,159,1.04884,fourth_standard_pd,0.0778091,0.00126728,17.2258,8.3761
inertia_scale,160,1.2279,s_curve_standard_pd,0.250801,0.00377459,21.4227,8.86815
inertia_scale,160,1.2279,fourth_standard_pd,0.0742945,0.00119666,19.1476,9.31761
inertia_scale,161,1.13816,s_curve_standard_pd,0.245152,0.00370722,20.3416,8.41888
inertia_scale,161,1.13816,fourth_standard_pd,0.0759794,0.00123021,18.1844,8.84578
inertia_scale,162,1.24301,s_curve_standard_pd,0.251729,0.00378573,21.6047,8.94382
inertia_scale,162,1.24301,fourth_standard_pd,0.0740249,0.00119132,19.3098,9.39707
inertia_scale,163,0.712976,s_curve_standard_pd,0.21407,0.00335192,15.2113,6.2901
inertia_scale,163,0.712976,fourth_standard_pd,0.086282,0.00145021,13.6215,6.61009
inertia_scale,164,0.861054,s_curve_standard_pd,0.22573,0.00348149,16.9997,7.03148
inertia_scale,164,0.861054,fourth_standard_pd,0.0822225,0.0013598,15.2109,7.38871
inertia_scale,165,1.03108,s_curve_standard_pd,0.238007,0.00362297,19.051,7.88276
inertia_scale,165,1.03108,fourth_standard_pd,0.0781924,0.00127513,17.0353,8.28274
inertia_scale,166,0.996926,s_curve_standard_pd,0.235633,0.00359524,18.6392,7.71175
inertia_scale,166,0.996926,fourth_standard_pd,0.0789493,0.00129072,16.6688,8.10314
inertia_scale,167,0.729561,s_curve_standard_pd,0.215423,0.00336669,15.4116,6.37313
inertia_scale,167,0.729561,fourth_standard_pd,0.085802,0.00143919,13.7996,6.6973
inertia_scale,168,0.921062,s_curve_standard_pd,0.230193,0.00353235,17.724,7.33192
inertia_scale,168,0.921062,fourth_standard_pd,0.0807231,0.00132781,15.8548,7.70424
inertia_scale,169,0.910974,s_curve_standard_pd,0.229453,0.00352388,17.6023,7.28141
inertia_scale,169,0.910974,fourth_standard_pd,0.0809691,0.00133303,15.7465,7.65119
inertia_scale,170,0.872071,s_curve_standard_pd,0.22656,0.00349089,17.1327,7.08664
inertia_scale,170,0.872071,fourth_standard_pd,0.0819405,0.00135373,15.3291,7.44664
inertia_scale,171,1.15328,s_curve_standard_pd,0.246127,0.00371879,20.5237,8.49459
inertia_scale,171,1.15328,fourth_standard_pd,0.0756845,0.00122432,18.3467,8.92528
inertia_scale,172,1.27999,s_curve_standard_pd,0.253961,0.00381252,22.0502,9.12895
inertia_scale,172,1.27999,fourth_standard_pd,0.0733788,0.00117865,19.7067,9.5915
inertia_scale,173,1.10916,s_curve_standard_pd,0.243259,0.00368478,19.9921,8.27368
inertia_scale,173,1.10916,fourth_standard_pd,0.0765555,0.00124183,17.8732,8.69328
inertia_scale,174,0.944111,s_curve_standard_pd,0.231869,0.00355164,18.0021,7.44732
inertia_scale,174,0.944111,fourth_standard_pd,0.0801708,0.00131618,16.1021,7.82543
inertia_scale,175,0.793902,s_curve_standard_pd,0.220563,0.00342342,16.1888,6.69527
inertia_scale,175,0.793902,fourth_standard_pd,0.0840008,0.00139865,14.4902,7.03561
inertia_scale,176,1.00608,s_curve_standard_pd,0.236272,0.00360268,18.7495,7.75756
inertia_scale,176,1.00608,fourth_standard_pd,0.0787434,0.00128648,16.767,8.15125
inertia_scale,177,1.22528,s_curve_standard_pd,0.250641,0.00377267,21.3911,8.85506
inertia_scale,177,1.22528,fourth_standard_pd,0.0743419,0.00119759,19.1195,9.30385
inertia_scale,178,0.961838,s_curve_standard_pd,0.233146,0.00356638,18.216,7.53607
inertia_scale,178,0.961838,fourth_standard_pd,0.0797533,0.00130744,16.2923,7.91864
inertia_scale,179,0.708541,s_curve_standard_pd,0.213705,0.00334796,15.1577,6.26789
inertia_scale,179,0.708541,fourth_standard_pd,0.0864116,0.00145319,13.5739,6.58677
inertia_scale,180,0.72472,s_curve_standard_pd,0.215028,0.00336239,15.3531,6.34889
inertia_scale,180,0.72472,fourth_standard_pd,0.0859416,0.00144237,13.7476,6.67184
inertia_scale,181,0.893077,s_curve_standard_pd,0.228131,0.00350876,17.3863,7.19181
inertia_scale,181,0.893077,fourth_standard_pd,0.0814103,0.00134242,15.5545,7.55709
inertia_scale,182,1.27255,s_curve_standard_pd,0.253524,0.00380728,21.9607,9.09174
inertia_scale,182,1.27255,fourth_standard_pd,0.0735066,0.00118116,19.627,9.55242
inertia_scale,183,1.18636,s_curve_standard_pd,0.248227,0.0037438,20.9222,8.66018
inertia_scale,183,1.18636,fourth_standard_pd,0.0750557,0.00121177,18.7017,9.09919
inertia_scale,184,0.782263,s_curve_standard_pd,0.219643,0.00341321,16.0482,6.63699
inertia_scale,184,0.782263,fourth_standard_pd,0.0843205,0.00140573,14.3653,6.97441
inertia_scale,185,0.919395,s_curve_standard_pd,0.230071,0.00353096,17.7039,7.32357
inertia_scale,185,0.919395,fourth_standard_pd,0.0807632,0.00132867,15.8369,7.69547
inertia_scale,186,0.897237,s_curve_standard_pd,0.22844,0.00351227,17.4365,7.21264
inertia_scale,186,0.897237,fourth_standard_pd,0.0813071,0.00134022,15.5992,7.57896
inertia_scale,187,0.700491,s_curve_standard_pd,0.213042,0.00334075,15.0605,6.22759
inertia_scale,187,0.700491,fourth_standard_pd,0.0866467,0.00145865,13.4874,6.54444
inertia_scale,188,1.07905,s_curve_standard_pd,0.241261,0.00366117,19.6292,8.12292
inertia_scale,188,1.07905,fourth_standard_pd,0.0771727,0.0012543,17.55,8.53496
inertia_scale,189,1.16908,s_curve_standard_pd,0.247135,0.00373081,20.714,8.57367
inertia_scale,189,1.16908,fourth_standard_pd,0.075382,0.00121827,18.5162,9.00833
inertia_scale,190,1.01205,s_curve_standard_pd,0.236688,0.00360753,18.8215,7.78746
inertia_scale,190,1.01205,fourth_standard_pd,0.0786107,0.00128374,16.8311,8.18265
inertia_scale,191,0.834774,s_curve_standard_pd,0.223729,0.00345888,16.6824,6.8999
inertia_scale,191,0.834774,fourth_standard_pd,0.0829054,0.0013746,14.9289,7.25052
inertia_scale,192,1.24128,s_curve_standard_pd,0.251621,0.00378445,21.5839,8.93517
inertia_scale,192,1.24128,fourth_standard_pd,0.0740558,0.00119193,19.2913,9.38799
inertia_scale,193,1.27653,s_curve_standard_pd,0.253758,0.00381008,22.0086,9.11165
inertia_scale,193,1.27653,fourth_standard_pd,0.0734385,0.00117981,19.6697,9.57333
inertia_scale,194,1.27683,s_curve_standard_pd,0.253776,0.00381029,22.0122,9.11315
inertia_scale,194,1.27683,fourth_standard_pd,0.0734333,0.00117971,19.6729,9.5749
inertia_scale,195,1.06761,s_curve_standard_pd,0.240494,0.00365215,19.4914,8.06567
inertia_scale,195,1.06761,fourth_standard_pd,0.0774096,0.00125916,17.4273,8.47483
inertia_scale,196,1.17701,s_curve_standard_pd,0.247635,0.00373678,20.8097,8.6134
inertia_scale,196,1.17701,fourth_standard_pd,0.0752323,0.00121526,18.6014,9.05006
inertia_scale,197,1.19695,s_curve_standard_pd,0.248888,0.00375172,21.0499,8.71324
inertia_scale,197,1.19695,fourth_standard_pd,0.0748591,0.00120785,18.8155,9.15491
inertia_scale,198,1.03623,s_curve_standard_pd,0.23836,0.0036271,19.1131,7.90854
inertia_scale,198,1.03623,fourth_standard_pd,0.0780803,0.00127283,17.0906,8.30981
inertia_scale,199,1.06825,s_curve_standard_pd,0.240537,0.00365265,19.4991,8.06885
inertia_scale,199,1.06825,fourth_standard_pd,0.0773962,0.00125889,17.4342,8.47817
inertia_scale,200,1.26059,s_curve_standard_pd,0.252805,0.00379861,21.8165,9.03182
inertia_scale,200,1.26059,fourth_standard_pd,0.0737147,0.00118524,19.4985,9.48949
inertia_scale,201,0.978309,s_curve_standard_pd,0.234319,0.00357997,18.4147,7.61854
inertia_scale,201,0.978309,fourth_standard_pd,0.079372,0.0012995,16.4691,8.00525
inertia_scale,202,1.10563,s_curve_standard_pd,0.243027,0.00368204,19.9496,8.25602
inertia_scale,202,1.10563,fourth_standard_pd,0.0766271,0.00124327,17.8353,8.67473
inertia_scale,203,0.959445,s_curve_standard_pd,0.232971,0.00356437,18.1871,7.5241
inertia_scale,203,0.959445,fourth_standard_pd,0.0798094,0.0013086,16.2666,7.90606
inertia_scale,204,0.908737,s_curve_standard_pd,0.229288,0.00352198,17.5753,7.27022
inertia_scale,204,0.908737,fourth_standard_pd,0.081024,0.00133419,15.7226,7.63943
inertia_scale,205,1.26123,s_curve_standard_pd,0.252843,0.00379907,21.8242,9.03503
inertia_scale,205,1.26123,fourth_standard_pd,0.0737034,0.00118502,19.5054,9.49286
inertia_scale,206,0.845118,s_curve_standard_pd,0.224521,0.0034678,16.8073,6.95169
inertia_scale,206,0.845118,fourth_standard_pd,0.0826343,0.00136871,15.0399,7.30492
inertia_scale,207,1.14475,s_curve_standard_pd,0.245576,0.00371225,20.4209,8.45186
inertia_scale,207,1.14475,fourth_standard_pd,0.0758508,0.00122764,18.2551,8.88041
inertia_scale,208,0.797052,s_curve_standard_pd,0.220808,0.00342616,16.2268,6.71104
inertia_scale,208,0.797052,fourth_standard_pd,0.0839148,0.00139675,14.524,7.05218
inertia_scale,209,0.715127,s_curve_standard_pd,0.214246,0.00335384,15.2373,6.30087
inertia_scale,209,0.715127,fourth_standard_pd,0.0862193,0.00144876,13.6446,6.62141
inertia_scale,210,1.07553,s_curve_standard_pd,0.241026,0.0036584,19.5868,8.10529
inertia_scale,210,1.07553,fourth_standard_pd,0.0772456,0.00125579,17.5123,8.51644
inertia_scale,211,1.10634,s_curve_standard_pd,0.243074,0.00368259,19.9581,8.25956
inertia_scale,211,1.10634,fourth_standard_pd,0.0766127,0.00124298,17.8429,8.67845
inertia_scale,212,0.803802,s_curve_standard_pd,0.221335,0.00343206,16.3084,6.74484
inertia_scale,212,0.803802,fourth_standard_pd,0.0837313,0.00139271,14.5965,7.08767
inertia_scale,213,1.04265,s_curve_standard_pd,0.238799,0.00363224,19.1905,7.94069
inertia_scale,213,1.04265,fourth_standard_pd,0.0779424,0.00127,17.1595,8.34357
inertia_scale,214,1.1727,s_curve_standard_pd,0.247364,0.00373354,20.7576,8.59178
inertia_scale,214,1.1727,fourth_standard_pd,0.0753136,0.0012169,18.5551,9.02736
inertia_scale,215,0.868045,s_curve_standard_pd,0.226257,0.00348745,17.0841,7.06648
inertia_scale,215,0.868045,fourth_standard_pd,0.0820432,0.00135594,15.2859,7.42547
inertia_scale,216,1.11142,s_curve_standard_pd,0.243411,0.00368657,20.0193,8.28499
inertia_scale,216,1.11142,fourth_standard_pd,0.0765108,0.00124091,17.8974,8.70516
inertia_scale,217,1.09442,s_curve_standard_pd,0.242287,0.00367328,19.8145,8.19989
inertia_scale,217,1.09442,fourth_standard_pd,0.0768555,0.00124788,17.715,8.61579
inertia_scale,218,0.916065,s_curve_standard_pd,0.229827,0.00352816,17.6637,7.3069
inertia_scale,218,0.916065,fourth_standard_pd,0.0808449,0.00133039,15.8012,7.67796
inertia_scale,219,0.894401,s_curve_standard_pd,0.228229,0.00350987,17.4023,7.19844
inertia_scale,219,0.894401,fourth_standard_pd,0.0813777,0.00134172,15.5687,7.56405
inertia_scale,220,0.973726,s_curve_standard_pd,0.233994,0.0035762,18.3594,7.5956
inertia_scale,220,0.973726,fourth_standard_pd,0.0794775,0.00130169,16.4199,7.98115
inertia_scale,221,1.08696,s_curve_standard_pd,0.241792,0.00366743,19.7246,8.16252
inertia_scale,221,1.08696,fourth_standard_pd,0.0770087,0.00125098,17.6349,8.57655
inertia_scale,222,1.16749,s_curve_standard_pd,0.247034,0.0037296,20.6949,8.5657
inertia_scale,222,1.16749,fourth_standard_pd,0.0754124,0.00121887,18.4992,8.99997
inertia_scale,223,1.1762,s_curve_standard_pd,0.247584,0.00373618,20.7999,8.60933
inertia_scale,223,1.1762,fourth_standard_pd,0.0752477,0.00121557,18.5927,9.04579
inertia_scale,224,0.976258,s_curve_standard_pd,0.234173,0.00357829,18.3899,7.60827
inertia_scale,224,0.976258,fourth_standard_pd,0.0794187,0.00130048,16.447,7.99447
inertia_scale,225,0.951467,s_curve_standard_pd,0.232399,0.00355775,18.0909,7.48415
inertia_scale,225,0.951467,fourth_standard_pd,0.0799971,0.00131252,16.181,7.86411
inertia_scale,226,0.768181,s_curve_standard_pd,0.218529,0.00340087,15.8781,6.56649
inertia_scale,226,0.768181,fourth_standard_pd,0.0847098,0.00141445,14.2142,6.90037
inertia_scale,227,1.04011,s_curve_standard_pd,0.238626,0.00363021,19.1599,7.92797
inertia_scale,227,1.04011,fourth_standard_pd,0.0779967,0.00127111,17.1322,8.33021
inertia_scale,228,0.982176,s_curve_standard_pd,0.234592,0.00358314,18.4613,7.6379
inertia_scale,228,0.982176,fourth_standard_pd,0.0792828,0.00129767,16.5105,8.02558
inertia_scale,229,0.78693,s_curve_standard_pd,0.220011,0.00341729,16.1046,6.66036
inertia_scale,229,0.78693,fourth_standard_pd,0.0841918,0.00140288,14.4154,6.99895
inertia_scale,230,0.729143,s_curve_standard_pd,0.215389,0.00336633,15.4066,6.37104
inertia_scale,230,0.729143,fourth_standard_pd,0.085814,0.00143946,13.7951,6.6951
inertia_scale,231,1.28064,s_curve_standard_pd,0.253999,0.00381298,22.0581,9.13222
inertia_scale,231,1.28064,fourth_standard_pd,0.0733694,0.00117844,19.7138,9.59493
inertia_scale,232,0.951827,s_curve_standard_pd,0.232425,0.00355805,18.0952,7.48595
inertia_scale,232,0.951827,fourth_standard_pd,0.0799886,0.00131234,16.1849,7.866
inertia_scale,233,1.04912,s_curve_standard_pd,0.239238,0.00363741,19.2684,7.97305
inertia_scale,233,1.04912,fourth_standard_pd,0.0778032,0.00126716,17.2288,8.37756
inertia_scale,234,1.28583,s_curve_standard_pd,0.254306,0.00381666,22.1206,9.15821
inertia_scale,234,1.28583,fourth_standard_pd,0.073281,0.0011767,19.7695,9.62222
inertia_scale,235,0.866047,s_curve_standard_pd,0.226107,0.00348575,17.06,7.05648
inertia_scale,235,0.866047,fourth_standard_pd,0.0820939,0.00135704,15.2645,7.41496
inertia_scale,236,0.723635,s_curve_standard_pd,0.214942,0.00336142,15.34,6.34346
inertia_scale,236,0.723635,fourth_standard_pd,0.0859729,0.00144309,13.7359,6.66614
inertia_scale,237,0.994171,s_curve_standard_pd,0.235436,0.00359296,18.606,7.69796
inertia_scale,237,0.994171,fourth_standard_pd,0.0790116,0.00129201,16.6393,8.08866
inertia_scale,238,0.991612,s_curve_standard_pd,0.235256,0.00359087,18.5751,7.68515
inertia_scale,238,0.991612,fourth_standard_pd,0.0790691,0.00129321,16.6118,8.0752
inertia_scale,239,1.26494,s_curve_standard_pd,0.253066,0.00380177,21.869,9.05363
inertia_scale,239,1.26494,fourth_standard_pd,0.0736383,0.00118375,19.5453,9.5124
inertia_scale,240,0.947694,s_curve_standard_pd,0.232128,0.00355462,18.0454,7.46526
inertia_scale,240,0.947694,fourth_standard_pd,0.0800852,0.00131439,16.1406,7.84427
inertia_scale,241,0.725832,s_curve_standard_pd,0.215119,0.00336338,15.3666,6.35446
inertia_scale,241,0.725832,fourth_standard_pd,0.0859094,0.00144164,13.7595,6.67769
inertia_scale,242,0.934591,s_curve_standard_pd,0.23118,0.00354372,17.8873,7.39966
inertia_scale,242,0.934591,fourth_standard_pd,0.0803963,0.00132094,16,7.77537
inertia_scale,243,1.13107,s_curve_standard_pd,0.244693,0.00370179,20.2561,8.38335
inertia_scale,243,1.13107,fourth_standard_pd,0.0761189,0.00123302,18.1083,8.80846
inertia_scale,244,1.24837,s_curve_standard_pd,0.252057,0.00378967,21.6693,8.97067
inertia_scale,244,1.24837,fourth_standard_pd,0.0739295,0.00118945,19.3674,9.42528
inertia_scale,245,1.07684,s_curve_standard_pd,0.241113,0.00365943,19.6026,8.11185
inertia_scale,245,1.07684,fourth_standard_pd,0.0772189,0.00125523,17.5263,8.52333
inertia_scale,246,0.924911,s_curve_standard_pd,0.230477,0.00353562,17.7705,7.35119
inertia_scale,246,0.924911,fourth_standard_pd,0.0806302,0.00132585,15.8961,7.72447
inertia_scale,247,1.0899,s_curve_standard_pd,0.241988,0.00366974,19.76,8.17727
inertia_scale,247,1.0899,fourth_standard_pd,0.0769478,0.00124975,17.6665,8.59203
inertia_scale,248,1.12555,s_curve_standard_pd,0.244332,0.00369751,20.1896,8.35576
inertia_scale,248,1.12555,fourth_standard_pd,0.0762285,0.00123521,18.0491,8.77948
inertia_scale,249,1.29604,s_curve_standard_pd,0.2549,0.00382383,22.2436,9.20933
inertia_scale,249,1.29604,fourth_standard_pd,0.0731066,0.00117331,19.8791,9.67591
inertia_scale,250,0.729259,s_curve_standard_pd,0.215398,0.00336642,15.4079,6.37162
inertia_scale,250,0.729259,fourth_standard_pd,0.0858107,0.00143938,13.7963,6.69571
inertia_scale,251,0.810954,s_curve_standard_pd,0.221892,0.00343828,16.3947,6.78065
inertia_scale,251,0.810954,fourth_standard_pd,0.0835386,0.00138845,14.6732,7.12528
inertia_scale,252,1.16341,s_curve_standard_pd,0.246772,0.00372648,20.6458,8.5453
inertia_scale,252,1.16341,fourth_standard_pd,0.0754905,0.00122043,18.4555,8.97855
inertia_scale,253,1.16703,s_curve_standard_pd,0.247001,0.00372922,20.6894,8.56341
inertia_scale,253,1.16703,fourth_standard_pd,0.0754212,0.00121904,18.4943,8.99756
inertia_scale,254,1.07597,s_curve_standard_pd,0.241055,0.00365875,19.5921,8.10751
inertia_scale,254,1.07597,fourth_standard_pd,0.0772363,0.0012556,17.517,8.51877
inertia_scale,255,1.21042,s_curve_standard_pd,0.249724,0.0037617,21.2121,8.78065
inertia_scale,255,1.21042,fourth_standard_pd,0.0746109,0.00120293,18.96,9.2257
inertia_scale,256,0.751892,s_curve_standard_pd,0.21723,0.0033865,15.6813,6.48494
inertia_scale,256,0.751892,fourth_standard_pd,0.0851663,0.00142472,14.0393,6.81472
inertia_scale,257,0.742924,s_curve_standard_pd,0.216508,0.00337857,15.573,6.44004
inertia_scale,257,0.742924,fourth_standard_pd,0.0854199,0.00143048,13.943,6.76757
inertia_scale,258,1.27442,s_curve_standard_pd,0.253634,0.00380859,21.9832,9.10109
inertia_scale,258,1.27442,fourth_standard_pd,0.0734742,0.00118053,19.647,9.56224
inertia_scale,259,0.752049,s_curve_standard_pd,0.217242,0.00338663,15.6832,6.48572
inertia_scale,259,0.752049,fourth_standard_pd,0.0851619,0.00142462,14.041,6.81554
inertia_scale,260,0.731304,s_curve_standard_pd,0.215564,0.00336824,15.4327,6.38186
inertia_scale,260,0.731304,fourth_standard_pd,0.0857519,0.00143804,13.8183,6.70646
inertia_scale,261,0.775986,s_curve_standard_pd,0.219149,0.00340772,15.9724,6.60557
inertia_scale,261,0.775986,fourth_standard_pd,0.0844931,0.00140959,14.2979,6.94141
inertia_scale,262,0.804349,s_curve_standard_pd,0.221378,0.00343254,16.315,6.74758
inertia_scale,262,0.804349,fourth_standard_pd,0.0837165,0.00139238,14.6024,7.09055
inertia_scale,263,0.752404,s_curve_standard_pd,0.217271,0.00338696,15.6875,6.4875
inertia_scale,263,0.752404,fourth_standard_pd,0.0851514,0.0014244,14.0448,6.81741
inertia_scale,264,1.1686,s_curve_standard_pd,0.247105,0.00373045,20.7083,8.57127
inertia_scale,264,1.1686,fourth_standard_pd,0.0753911,0.00121845,18.5111,9.00582
inertia_scale,265,1.11804,s_curve_standard_pd,0.243843,0.00369169,20.099,8.31811
inertia_scale,265,1.11804,fourth_standard_pd,0.0763782,0.00123823,17.9684,8.73995
inertia_scale,266,1.14096,s_curve_standard_pd,0.245332,0.00370936,20.3753,8.43288
inertia_scale,266,1.14096,fourth_standard_pd,0.0759244,0.00122912,18.2145,8.86048
inertia_scale,267,0.983189,s_curve_standard_pd,0.234664,0.00358397,18.4735,7.64298
inertia_scale,267,0.983189,fourth_standard_pd,0.0792591,0.00129718,16.5214,8.03091
inertia_scale,268,0.731115,s_curve_standard_pd,0.215549,0.00336807,15.4304,6.38091
inertia_scale,268,0.731115,fourth_standard_pd,0.0857573,0.00143817,13.8162,6.70547
inertia_scale,269,0.764713,s_curve_standard_pd,0.218253,0.00339783,15.8362,6.54913
inertia_scale,269,0.764713,fourth_standard_pd,0.0848064,0.00141662,14.1769,6.88213
inertia_scale,270,0.774534,s_curve_standard_pd,0.219034,0.00340644,15.9548,6.5983
inertia_scale,270,0.774534,fourth_standard_pd,0.0845329,0.0014105,14.2823,6.93377
inertia_scale,271,0.712631,s_curve_standard_pd,0.214041,0.00335161,15.2071,6.28837
inertia_scale,271,0.712631,fourth_standard_pd,0.0862921,0.00145044,13.6178,6.60828
inertia_scale,272,0.813088,s_curve_standard_pd,0.222057,0.00344013,16.4205,6.79133
inertia_scale,272,0.813088,fourth_standard_pd,0.0834813,0.0013872,14.6961,7.1365
inertia_scale,273,1.27507,s_curve_standard_pd,0.253672,0.00380905,21.991,9.10433
inertia_scale,273,1.27507,fourth_standard_pd,0.0734629,0.00118031,19.654,9.56564
inertia_scale,274,1.17988,s_curve_standard_pd,0.247816,0.00373893,20.8442,8.62775
inertia_scale,274,1.17988,fourth_standard_pd,0.075178,0.00121419,18.6322,9.06513
inertia_scale,275,1.22253,s_curve_standard_pd,0.25047,0.00377063,21.358,8.8413
inertia_scale,275,1.22253,fourth_standard_pd,0.074391,0.00119857,19.09,9.2894
inertia_scale,276,0.911951,s_curve_standard_pd,0.229525,0.0035247,17.6141,7.28631
inertia_scale,276,0.911951,fourth_standard_pd,0.0809456,0.00133252,15.757,7.65633
inertia_scale,277,1.0164,s_curve_standard_pd,0.23699,0.00361106,18.874,7.80926
inertia_scale,277,1.0164,fourth_standard_pd,0.078514,0.00128175,16.8778,8.20554
inertia_scale,278,1.02832,s_curve_standard_pd,0.237813,0.00362069,19.0177,7.86894
inertia_scale,278,1.02832,fourth_standard_pd,0.0782528,0.00127637,17.0057,8.26822
inertia_scale,279,1.23945,s_curve_standard_pd,0.251511,0.00378312,21.5618,8.92599
inertia_scale,279,1.23945,fourth_standard_pd,0.0740886,0.00119257,19.2716,9.37835
inertia_scale,280,0.982444,s_curve_standard_pd,0.234611,0.00358336,18.4645,7.63925
inertia_scale,280,0.982444,fourth_standard_pd,0.0792767,0.00129754,16.5134,8.02699
inertia_scale,281,0.90825,s_curve_standard_pd,0.229253,0.00352157,17.5694,7.26778
inertia_scale,281,0.90825,fourth_standard_pd,0.081036,0.00133445,15.7173,7.63687
inertia_scale,282,0.744654,s_curve_standard_pd,0.216648,0.0033801,15.5939,6.4487
inertia_scale,282,0.744654,fourth_standard_pd,0.0853709,0.00142937,13.9616,6.77666
inertia_scale,283,0.977702,s_curve_standard_pd,0.234276,0.00357947,18.4074,7.6155
inertia_scale,283,0.977702,fourth_standard_pd,0.0793854,0.00129979,16.4625,8.00206
inertia_scale,284,1.1868,s_curve_standard_pd,0.248252,0.00374413,20.9275,8.66237
inertia_scale,284,1.1868,fourth_standard_pd,0.0750475,0.0012116,18.7064,9.10149
inertia_scale,285,1.06419,s_curve_standard_pd,0.240263,0.00364943,19.4501,8.04851
inertia_scale,285,1.06419,fourth_standard_pd,0.0774814,0.00126062,17.3906,8.4568
inertia_scale,286,1.17479,s_curve_standard_pd,0.247496,0.00373512,20.7829,8.60229
inertia_scale,286,1.17479,fourth_standard_pd,0.0752745,0.0012161,18.5776,9.03839
inertia_scale,287,1.16241,s_curve_standard_pd,0.246708,0.00372571,20.6337,8.54028
inertia_scale,287,1.16241,fourth_standard_pd,0.0755098,0.00122081,18.4447,8.97327
inertia_scale,288,1.12509,s_curve_standard_pd,0.244302,0.00369715,20.1841,8.35344
inertia_scale,288,1.12509,fourth_standard_pd,0.076237,0.0012354,18.0442,8.77704
inertia_scale,289,0.884576,s_curve_standard_pd,0.227499,0.00350155,17.2837,7.14925
inertia_scale,289,0.884576,fourth_standard_pd,0.0816243,0.00134697,15.4633,7.51239
inertia_scale,290,1.10585,s_curve_standard_pd,0.243042,0.00368221,19.9522,8.25709
inertia_scale,290,1.10585,fourth_standard_pd,0.0766227,0.00124318,17.8376,8.67586
inertia_scale,291,1.26027,s_curve_standard_pd,0.252786,0.00379839,21.8127,9.03023
inertia_scale,291,1.26027,fourth_standard_pd,0.0737202,0.00118535,19.4951,9.48783
inertia_scale,292,1.2964,s_curve_standard_pd,0.254921,0.00382408,22.248,9.21114
inertia_scale,292,1.2964,fourth_standard_pd,0.0731005,0.00117319,19.883,9.67782
inertia_scale,293,0.813314,s_curve_standard_pd,0.222075,0.00344033,16.4232,6.79246
inertia_scale,293,0.813314,fourth_standard_pd,0.0834752,0.00138706,14.6986,7.13768
inertia_scale,294,1.17404,s_curve_standard_pd,0.247448,0.00373455,20.7738,8.59851
inertia_scale,294,1.17404,fourth_standard_pd,0.0752888,0.00121639,18.5695,9.03442
inertia_scale,295,1.2003,s_curve_standard_pd,0.249096,0.0037542,21.0902,8.73
inertia_scale,295,1.2003,fourth_standard_pd,0.0747977,0.00120662,18.8514,9.17251
inertia_scale,296,1.27149,s_curve_standard_pd,0.25346,0.00380651,21.9479,9.08644
inertia_scale,296,1.27149,fourth_standard_pd,0.073525,0.00118152,19.6156,9.54685
inertia_scale,297,0.814459,s_curve_standard_pd,0.222164,0.00344132,16.4371,6.79819
inertia_scale,297,0.814459,fourth_standard_pd,0.0834444,0.00138639,14.7109,7.14371
inertia_scale,298,0.866266,s_curve_standard_pd,0.226123,0.00348594,17.0626,7.05758
inertia_scale,298,0.866266,fourth_standard_pd,0.0820883,0.00135692,15.2668,7.41611
inertia_scale,299,0.7455,s_curve_standard_pd,0.216716,0.00338085,15.6041,6.45293
inertia_scale,299,0.7455,fourth_standard_pd,0.0853468,0.00142882,13.9707,6.78111
inertia_scale,300,0.808686,s_curve_standard_pd,0.221716,0.0034363,16.3673,6.76929
inertia_scale,300,0.808686,fourth_standard_pd,0.0835998,0.0013898,14.6489,7.11335
inertia_scale,301,0.784391,s_curve_standard_pd,0.219811,0.00341507,16.0739,6.64765
inertia_scale,301,0.784391,fourth_standard_pd,0.0842615,0.00140442,14.3882,6.98561
inertia_scale,302,1.13958,s_curve_standard_pd,0.245243,0.0037083,20.3586,8.42597
inertia_scale,302,1.13958,fourth_standard_pd,0.0759515,0.00122966,18.1996,8.85322
inertia_scale,303,1.10985,s_curve_standard_pd,0.243308,0.00368536,20.0004,8.27714
inertia_scale,303,1.10985,fourth_standard_pd,0.0765415,0.00124154,17.8806,8.69692
inertia_scale,304,0.902994,s_curve_standard_pd,0.228865,0.00351714,17.506,7.24146
inertia_scale,304,0.902994,fourth_standard_pd,0.0811658,0.0013372,15.6609,7.60923
inertia_scale,305,1.17011,s_curve_standard_pd,0.2472,0.00373159,20.7265,8.57884
inertia_scale,305,1.17011,fourth_standard_pd,0.0753622,0.00121787,18.5273,9.01376
inertia_scale,306,0.840516,s_curve_standard_pd,0.22417,0.00346385,16.7517,6.92865
inertia_scale,306,0.840516,fourth_standard_pd,0.0827542,0.00137132,14.9905,7.28072
inertia_scale,307,0.830793,s_curve_standard_pd,0.223424,0.00345545,16.6343,6.87997
inertia_scale,307,0.830793,fourth_standard_pd,0.0830105,0.00137688,14.8862,7.22959
inertia_scale,308,0.70292,s_curve_standard_pd,0.213242,0.00334292,15.0898,6.23975
inertia_scale,308,0.70292,fourth_standard_pd,0.0865764,0.001457,13.5135,6.55722
inertia_scale,309,0.746491,s_curve_standard_pd,0.216796,0.00338172,15.6161,6.4579
inertia_scale,309,0.746491,fourth_standard_pd,0.0853191,0.00142818,13.9813,6.78632
inertia_scale,310,0.78624,s_curve_standard_pd,0.219956,0.00341669,16.0962,6.65691
inertia_scale,310,0.78624,fourth_standard_pd,0.0842104,0.0014033,14.408,6.99532
inertia_scale,311,0.746684,s_curve_standard_pd,0.216811,0.0033819,15.6184,6.45886
inertia_scale,311,0.746684,fourth_standard_pd,0.0853136,0.00142805,13.9834,6.78734
inertia_scale,312,0.797458,s_curve_standard_pd,0.22084,0.00342652,16.2317,6.71308
inertia_scale,312,0.797458,fourth_standard_pd,0.0839037,0.0013965,14.5284,7.05431
inertia_scale,313,0.974366,s_curve_standard_pd,0.234039,0.00357672,18.3671,7.5988
inertia_scale,313,0.974366,fourth_standard_pd,0.0794628,0.00130139,16.4267,7.98452
inertia_scale,314,1.18012,s_curve_standard_pd,0.247831,0.00373911,20.8471,8.62895
inertia_scale,314,1.18012,fourth_standard_pd,0.0751734,0.0012141,18.6348,9.06639
inertia_scale,315,1.13766,s_curve_standard_pd,0.24512,0.00370684,20.3355,8.41638
inertia_scale,315,1.13766,fourth_standard_pd,0.0759892,0.00123041,18.1791,8.84315
inertia_scale,316,1.18559,s_curve_standard_pd,0.248179,0.00374322,20.913,8.65636
inertia_scale,316,1.18559,fourth_standard_pd,0.0750701,0.00121205,18.6935,9.09518
inertia_scale,317,1.02887,s_curve_standard_pd,0.237851,0.00362113,19.0243,7.87168
inertia_scale,317,1.02887,fourth_standard_pd,0.0782408,0.00127612,17.0116,8.2711
inertia_scale,318,1.21001,s_curve_standard_pd,0.249699,0.0037614,21.2072,8.77859
inertia_scale,318,1.21001,fourth_standard_pd,0.0746184,0.00120308,18.9556,9.22355
inertia_scale,319,1.22738,s_curve_standard_pd,0.250769,0.00377421,21.4164,8.86555
inertia_scale,319,1.22738,fourth_standard_pd,0.074304,0.00119684,19.142,9.31487
inertia_scale,320,1.09499,s_curve_standard_pd,0.242325,0.00367374,19.8213,8.20273
inertia_scale,320,1.09499,fourth_standard_pd,0.0768438,0.00124764,17.7211,8.61877
inertia_scale,321,0.933383,s_curve_standard_pd,0.231092,0.00354272,17.8727,7.39361
inertia_scale,321,0.933383,fourth_standard_pd,0.0804253,0.00132155,15.987,7.76902
inertia_scale,322,0.744323,s_curve_standard_pd,0.216621,0.00337981,15.5899,6.44704
inertia_scale,322,0.744323,fourth_standard_pd,0.0853803,0.00142958,13.9581,6.77492
inertia_scale,323,1.15989,s_curve_standard_pd,0.246549,0.00372379,20.6034,8.52767
inertia_scale,323,1.15989,fourth_standard_pd,0.0755583,0.00122178,18.4177,8.96003
inertia_scale,324,0.926505,s_curve_standard_pd,0.230594,0.00353695,17.7897,7.35918
inertia_scale,324,0.926505,fourth_standard_pd,0.0805912,0.00132504,15.9132,7.73286
inertia_scale,325,0.888653,s_curve_standard_pd,0.227802,0.003505,17.3329,7.16966
inertia_scale,325,0.888653,fourth_standard_pd,0.0815214,0.00134479,15.507,7.53383
inertia_scale,326,1.17954,s_curve_standard_pd,0.247794,0.00373867,20.84,8.62603
inertia_scale,326,1.17954,fourth_standard_pd,0.0751845,0.00121432,18.6285,9.06332
inertia_scale,327,1.02452,s_curve_standard_pd,0.237551,0.00361763,18.9719,7.84989
inertia_scale,327,1.02452,fourth_standard_pd,0.0783349,0.00127808,16.9649,8.24821
inertia_scale,328,1.24323,s_curve_standard_pd,0.251742,0.00378589,21.6074,8.94492
inertia_scale,328,1.24323,fourth_standard_pd,0.074021,0.00119125,19.3122,9.39823
inertia_scale,329,1.23697,s_curve_standard_pd,0.251357,0.00378126,21.5319,8.91357
inertia_scale,329,1.23697,fourth_standard_pd,0.0741311,0.00119345,19.245,9.3653
inertia_scale,330,0.908184,s_curve_standard_pd,0.229248,0.00352151,17.5686,7.26745
inertia_scale,330,0.908184,fourth_standard_pd,0.0810377,0.00133448,15.7166,7.63652
inertia_scale,331,0.938741,s_curve_standard_pd,0.231481,0.00354718,17.9374,7.42044
inertia_scale,331,0.938741,fourth_standard_pd,0.0802969,0.00131886,16.0445,7.7972
inertia_scale,332,1.26752,s_curve_standard_pd,0.253222,0.00380364,21.9,9.06652
inertia_scale,332,1.26752,fourth_standard_pd,0.0735934,0.00118287,19.5729,9.52593
inertia_scale,333,0.862594,s_curve_standard_pd,0.225846,0.0034828,17.0183,7.03919
inertia_scale,333,0.862594,fourth_standard_pd,0.0821829,0.00135895,15.2274,7.39681
inertia_scale,334,1.22852,s_curve_standard_pd,0.250839,0.00377505,21.4302,8.87128
inertia_scale,334,1.22852,fourth_standard_pd,0.0742833,0.00119643,19.1543,9.32089
inertia_scale,335,0.855324,s_curve_standard_pd,0.225297,0.00347656,16.9305,7.00279
inertia_scale,335,0.855324,fourth_standard_pd,0.0823691,0.00136298,15.1494,7.35858
inertia_scale,336,1.19615,s_curve_standard_pd,0.248839,0.00375112,21.0403,8.70923
inertia_scale,336,1.19615,fourth_standard_pd,0.0748723,0.00120814,18.8069,9.1507
inertia_scale,337,1.24488,s_curve_standard_pd,0.251841,0.00378708,21.6272,8.95316
inertia_scale,337,1.24488,fourth_standard_pd,0.0739917,0.00119067,19.3298,9.40688
inertia_scale,338,1.22329,s_curve_standard_pd,0.25052,0.00377123,21.3672,8.84511
inertia_scale,338,1.22329,fourth_standard_pd,0.0743772,0.0011983,19.0982,9.29341
inertia_scale,339,0.790788,s_curve_standard_pd,0.220318,0.0034207,16.1512,6.67968
inertia_scale,339,0.790788,fourth_standard_pd,0.0840864,0.00140054,14.4568,7.01924
inertia_scale,340,1.02196,s_curve_standard_pd,0.237375,0.00361556,18.9411,7.8371
inertia_scale,340,1.02196,fourth_standard_pd,0.0783911,0.00127923,16.9374,8.23478
inertia_scale,341,0.818927,s_curve_standard_pd,0.22251,0.0034452,16.491,6.82056
inertia_scale,341,0.818927,fourth_standard_pd,0.0833261,0.00138377,14.7588,7.1672
inertia_scale,342,0.973943,s_curve_standard_pd,0.234009,0.00357638,18.362,7.59668
inertia_scale,342,0.973943,fourth_standard_pd,0.0794725,0.00130159,16.4222,7.98229
inertia_scale,343,0.770554,s_curve_standard_pd,0.218718,0.00340296,15.9068,6.57837
inertia_scale,343,0.770554,fourth_standard_pd,0.0846441,0.00141297,14.2396,6.91284
inertia_scale,344,0.747011,s_curve_standard_pd,0.216837,0.00338218,15.6224,6.4605
inertia_scale,344,0.747011,fourth_standard_pd,0.0853043,0.00142784,13.9869,6.78905
inertia_scale,345,1.05254,s_curve_standard_pd,0.239471,0.00364014,19.3098,7.99021
inertia_scale,345,1.05254,fourth_standard_pd,0.0777297,0.00126566,17.2656,8.39558
inertia_scale,346,1.06108,s_curve_standard_pd,0.240054,0.00364697,19.4127,8.03297
inertia_scale,346,1.06108,fourth_standard_pd,0.0775477,0.00126196,17.3573,8.44049
inertia_scale,347,0.814824,s_curve_standard_pd,0.222192,0.00344164,16.4415,6.80002
inertia_scale,347,0.814824,fourth_standard_pd,0.0834347,0.00138617,14.7148,7.14562
inertia_scale,348,0.765041,s_curve_standard_pd,0.218279,0.00339812,15.8402,6.55077
inertia_scale,348,0.765041,fourth_standard_pd,0.0847972,0.00141642,14.1805,6.88386
inertia_scale,349,1.09864,s_curve_standard_pd,0.242566,0.00367659,19.8653,8.221
inertia_scale,349,1.09864,fourth_standard_pd,0.0767695,0.00124614,17.7603,8.63795
inertia_scale,350,1.16241,s_curve_standard_pd,0.246708,0.00372571,20.6337,8.54028
inertia_scale,350,1.16241,fourth_standard_pd,0.0755098,0.00122081,18.4447,8.97327
inertia_scale,351,0.871948,s_curve_standard_pd,0.226551,0.00349078,17.1312,7.08602
inertia_scale,351,0.871948,fourth_standard_pd,0.0819436,0.0013538,15.3278,7.44599
inertia_scale,352,0.976908,s_curve_standard_pd,0.234219,0.00357882,18.3978,7.61153
inertia_scale,352,0.976908,fourth_standard_pd,0.0794037,0.00130017,16.454,7.99788
inertia_scale,353,1.24227,s_curve_standard_pd,0.251681,0.00378517,21.5959,8.94013
inertia_scale,353,1.24227,fourth_standard_pd,0.0740381,0.00119158,19.3019,9.3932
inertia_scale,354,1.22246,s_curve_standard_pd,0.250466,0.00377058,21.3572,8.84094
inertia_scale,354,1.22246,fourth_standard_pd,0.0743923,0.0011986,19.0892,9.28902
inertia_scale,355,0.796624,s_curve_standard_pd,0.220776,0.00342579,16.2217,6.7089
inertia_scale,355,0.796624,fourth_standard_pd,0.0839265,0.00139701,14.5195,7.04993
inertia_scale,356,0.709317,s_curve_standard_pd,0.213769,0.00334865,15.1671,6.27178
inertia_scale,356,0.709317,fourth_standard_pd,0.0863889,0.00145267,13.5822,6.59085
inertia_scale,357,1.23327,s_curve_standard_pd,0.251131,0.00377854,21.4874,8.89508
inertia_scale,357,1.23327,fourth_standard_pd,0.0741975,0.00119475,19.2053,9.34588
inertia_scale,358,1.10798,s_curve_standard_pd,0.243182,0.00368387,19.9779,8.26778
inertia_scale,358,1.10798,fourth_standard_pd,0.0765794,0.00124231,17.8605,8.68709
inertia_scale,359,0.955408,s_curve_standard_pd,0.232682,0.00356102,18.1384,7.50388
inertia_scale,359,0.955408,fourth_standard_pd,0.0799042,0.00131058,16.2233,7.88483
inertia_scale,360,0.808981,s_curve_standard_pd,0.221739,0.00343656,16.3709,6.77077
inertia_scale,360,0.808981,fourth_standard_pd,0.0835918,0.00138962,14.6521,7.1149
inertia_scale,361,0.780972,s_curve_standard_pd,0.219541,0.00341208,16.0326,6.63053
inertia_scale,361,0.780972,fourth_standard_pd,0.0843562,0.00140652,14.3515,6.96763
inertia_scale,362,0.713327,s_curve_standard_pd,0.214098,0.00335223,15.2155,6.29185
inertia_scale,362,0.713327,fourth_standard_pd,0.0862718,0.00144997,13.6253,6.61194
inertia_scale,363,0.976412,s_curve_standard_pd,0.234184,0.00357841,18.3918,7.60904
inertia_scale,363,0.976412,fourth_standard_pd,0.0794151,0.00130041,16.4487,7.99527
inertia_scale,364,1.14108,s_curve_standard_pd,0.24534,0.00370945,20.3767,8.43348
inertia_scale,364,1.14108,fourth_standard_pd,0.0759221,0.00122907,18.2157,8.86111
inertia_scale,365,1.05517,s_curve_standard_pd,0.23965,0.00364222,19.3414,8.00334
inertia_scale,365,1.05517,fourth_standard_pd,0.0776736,0.00126452,17.2938,8.40937
inertia_scale,366,1.13687,s_curve_standard_pd,0.245069,0.00370623,20.3259,8.41239
inertia_scale,366,1.13687,fourth_standard_pd,0.0760049,0.00123072,18.1705,8.83896
inertia_scale,367,1.21241,s_curve_standard_pd,0.249846,0.00376317,21.236,8.7906
inertia_scale,367,1.21241,fourth_standard_pd,0.0745752,0.00120221,18.9813,9.23616
inertia_scale,368,1.16934,s_curve_standard_pd,0.247152,0.00373101,20.7172,8.575
inertia_scale,368,1.16934,fourth_standard_pd,0.0753769,0.00121816,18.5191,9.00973
inertia_scale,369,1.20588,s_curve_standard_pd,0.249441,0.00375832,21.1575,8.75794
inertia_scale,369,1.20588,fourth_standard_pd,0.0746945,0.00120458,18.9113,9.20186
inertia_scale,370,1.2639,s_curve_standard_pd,0.253005,0.00380103,21.8565,9.04843
inertia_scale,370,1.2639,fourth_standard_pd,0.0736565,0.00118411,19.5341,9.50694
inertia_scale,371,0.881298,s_curve_standard_pd,0.227252,0.00349873,17.2441,7.13283
inertia_scale,371,0.881298,fourth_standard_pd,0.081707,0.00134873,15.4281,7.49515
inertia_scale,372,1.05522,s_curve_standard_pd,0.239653,0.00364227,19.3421,8.00363
inertia_scale,372,1.05522,fourth_standard_pd,0.0776724,0.0012645,17.2944,8.40968
inertia_scale,373,0.79641,s_curve_standard_pd,0.220759,0.0034256,16.2191,6.70783
inertia_scale,373,0.79641,fourth_standard_pd,0.0839323,0.00139713,14.5172,7.0488
inertia_scale,374,0.976023,s_curve_standard_pd,0.234157,0.00357809,18.3871,7.6071
inertia_scale,374,0.976023,fourth_standard_pd,0.0794241,0.0013006,16.4445,7.99323
inertia_scale,375,1.02341,s_curve_standard_pd,0.237475,0.00361673,18.9585,7.84434
inertia_scale,375,1.02341,fourth_standard_pd,0.0783592,0.00127858,16.953,8.24239
inertia_scale,376,1.1079,s_curve_standard_pd,0.243176,0.0036838,19.9769,8.26736
inertia_scale,376,1.1079,fourth_standard_pd,0.0765811,0.00124234,17.8596,8.68665
inertia_scale,377,1.27662,s_curve_standard_pd,0.253763,0.00381014,22.0096,9.11208
inertia_scale,377,1.27662,fourth_standard_pd,0.073437,0.00117978,19.6706,9.57378
inertia_scale,378,0.704254,s_curve_standard_pd,0.213353,0.00334411,15.1059,6.24643
inertia_scale,378,0.704254,fourth_standard_pd,0.0865373,0.00145609,13.5279,6.56423
inertia_scale,379,1.25738,s_curve_standard_pd,0.252609,0.00379626,21.7778,9.01576
inertia_scale,379,1.25738,fourth_standard_pd,0.0737711,0.00118634,19.464,9.47262
inertia_scale,380,1.21814,s_curve_standard_pd,0.250202,0.00376741,21.3051,8.81931
inertia_scale,380,1.21814,fourth_standard_pd,0.0744702,0.00120014,19.0429,9.26631
inertia_scale,381,0.755484,s_curve_standard_pd,0.217518,0.00338969,15.7247,6.50292
inertia_scale,381,0.755484,fourth_standard_pd,0.0850662,0.00142245,14.0779,6.83361
inertia_scale,382,1.29867,s_curve_standard_pd,0.255052,0.00382566,22.2753,9.22249
inertia_scale,382,1.29867,fourth_standard_pd,0.073063,0.00117244,19.9073,9.68973
inertia_scale,383,0.913318,s_curve_standard_pd,0.229625,0.00352585,17.6306,7.29315
inertia_scale,383,0.913318,fourth_standard_pd,0.0809121,0.00133181,15.7717,7.66352
inertia_scale,384,0.715149,s_curve_standard_pd,0.214248,0.00335386,15.2375,6.30098
inertia_scale,384,0.715149,fourth_standard_pd,0.0862187,0.00144875,13.6448,6.62152
inertia_scale,385,1.05313,s_curve_standard_pd,0.239511,0.00364059,19.3168,7.99312
inertia_scale,385,1.05313,fourth_standard_pd,0.0777172,0.00126541,17.2719,8.39864
inertia_scale,386,0.865777,s_curve_standard_pd,0.226086,0.00348552,17.0567,7.05513
inertia_scale,386,0.865777,fourth_standard_pd,0.0821008,0.00135719,15.2616,7.41354
inertia_scale,387,0.750743,s_curve_standard_pd,0.217137,0.00338548,15.6675,6.47918
inertia_scale,387,0.750743,fourth_standard_pd,0.0851988,0.00142546,14.027,6.80868
inertia_scale,388,0.949786,s_curve_standard_pd,0.232278,0.00355635,18.0706,7.47574
inertia_scale,388,0.949786,fourth_standard_pd,0.0800362,0.00131336,16.163,7.85527
inertia_scale,389,1.16578,s_curve_standard_pd,0.246922,0.00372827,20.6743,8.55713
inertia_scale,389,1.16578,fourth_standard_pd,0.0754451,0.00121953,18.4808,8.99097
inertia_scale,390,0.920688,s_curve_standard_pd,0.230165,0.00353204,17.7195,7.33005
inertia_scale,390,0.920688,fourth_standard_pd,0.0807322,0.00132801,15.8508,7.70227
inertia_scale,391,1.0003,s_curve_standard_pd,0.235869,0.00359799,18.6799,7.72865
inertia_scale,391,1.0003,fourth_standard_pd,0.0788731,0.00128915,16.705,8.12089
inertia_scale,392,1.07617,s_curve_standard_pd,0.241068,0.0036589,19.5945,8.10848
inertia_scale,392,1.07617,fourth_standard_pd,0.0772323,0.00125552,17.5191,8.51979
inertia_scale,393,1.15217,s_curve_standard_pd,0.246056,0.00371794,20.5104,8.48904
inertia_scale,393,1.15217,fourth_standard_pd,0.075706,0.00122475,18.3348,8.91946
inertia_scale,394,1.23616,s_curve_standard_pd,0.251308,0.00378068,21.5222,8.90951
inertia_scale,394,1.23616,fourth_standard_pd,0.0741457,0.00119373,19.2363,9.36104
inertia_scale,395,0.838849,s_curve_standard_pd,0.224043,0.00346241,16.7316,6.9203
inertia_scale,395,0.838849,fourth_standard_pd,0.0827975,0.00137227,14.9726,7.27195
inertia_scale,396,1.06539,s_curve_standard_pd,0.240345,0.00365039,19.4647,8.05455
inertia_scale,396,1.06539,fourth_standard_pd,0.0774565,0.00126011,17.4035,8.46315
inertia_scale,397,1.14785,s_curve_standard_pd,0.245776,0.00371462,20.4583,8.46739
inertia_scale,397,1.14785,fourth_standard_pd,0.0757902,0.00122643,18.2884,8.89672
inertia_scale,398,1.25447,s_curve_standard_pd,0.252433,0.00379417,21.7428,9.0012
inertia_scale,398,1.25447,fourth_standard_pd,0.0738223,0.00118735,19.4328,9.45733
inertia_scale,399,1.26186,s_curve_standard_pd,0.252883,0.00379955,21.8318,9.0382
inertia_scale,399,1.26186,fourth_standard_pd,0.0736923,0.0011848,19.5122,9.49619
inertia_scale,400,0.876656,s_curve_standard_pd,0.226903,0.0034948,17.1881,7.1096
inertia_scale,400,0.876656,fourth_standard_pd,0.0818239,0.00135124,15.3783,7.47075
inertia_scale,401,1.15339,s_curve_standard_pd,0.246134,0.00371886,20.5251,8.49513
inertia_scale,401,1.15339,fourth_standard_pd,0.0756824,0.00122428,18.3479,8.92586
inertia_scale,402,0.855438,s_curve_standard_pd,0.225305,0.00347667,16.9319,7.00336
inertia_scale,402,0.855438,fourth_standard_pd,0.0823661,0.00136292,15.1506,7.35918
inertia_scale,403,0.754851,s_curve_standard_pd,0.217467,0.00338912,15.7171,6.49975
inertia_scale,403,0.754851,fourth_standard_pd,0.0850841,0.00142285,14.0711,6.83028
inertia_scale,404,1.21564,s_curve_standard_pd,0.250048,0.00376558,21.275,8.8068
inertia_scale,404,1.21564,fourth_standard_pd,0.0745159,0.00120104,19.016,9.25317
inertia_scale,405,1.18257,s_curve_standard_pd,0.247989,0.00374097,20.8766,8.64122
inertia_scale,405,1.18257,fourth_standard_pd,0.0751271,0.00121318,18.6611,9.07928
inertia_scale,406,1.26209,s_curve_standard_pd,0.252896,0.00379972,21.8347,9.03937
inertia_scale,406,1.26209,fourth_standard_pd,0.0736882,0.00118472,19.5147,9.49743
inertia_scale,407,0.987866,s_curve_standard_pd,0.234992,0.0035878,18.5299,7.66639
inertia_scale,407,0.987866,fourth_standard_pd,0.0791537,0.00129497,16.5716,8.0555
inertia_scale,408,1.16208,s_curve_standard_pd,0.246688,0.00372546,20.6298,8.53864
inertia_scale,408,1.16208,fourth_standard_pd,0.0755161,0.00122094,18.4412,8.97155
inertia_scale,409,0.777418,s_curve_standard_pd,0.219262,0.00340897,15.9897,6.61274
inertia_scale,409,0.777418,fourth_standard_pd,0.0844534,0.00140871,14.3133,6.94894
inertia_scale,410,1.13997,s_curve_standard_pd,0.245269,0.00370861,20.3634,8.42795
inertia_scale,410,1.13997,fourth_standard_pd,0.0759438,0.0012295,18.2039,8.8553
inertia_scale,411,1.20914,s_curve_standard_pd,0.249645,0.00376076,21.1967,8.77424
inertia_scale,411,1.20914,fourth_standard_pd,0.0746344,0.0012034,18.9462,9.21898
inertia_scale,412,0.987356,s_curve_standard_pd,0.234958,0.00358738,18.5238,7.66384
inertia_scale,412,0.987356,fourth_standard_pd,0.0791653,0.00129521,16.5661,8.05282
inertia_scale,413,1.15301,s_curve_standard_pd,0.246109,0.00371858,20.5204,8.49321
inertia_scale,413,1.15301,fourth_standard_pd,0.0756898,0.00122443,18.3438,8.92383
inertia_scale,414,0.958304,s_curve_standard_pd,0.23289,0.00356341,18.1734,7.51838
inertia_scale,414,0.958304,fourth_standard_pd,0.0798361,0.00130916,16.2544,7.90006
inertia_scale,415,0.85373,s_curve_standard_pd,0.225176,0.00347519,16.9113,6.99481
inertia_scale,415,0.85373,fourth_standard_pd,0.0824104,0.00136387,15.1323,7.3502
inertia_scale,416,0.761784,s_curve_standard_pd,0.21802,0.00339525,15.8008,6.53447
inertia_scale,416,0.761784,fourth_standard_pd,0.0848885,0.00141846,14.1455,6.86673
inertia_scale,417,1.12096,s_curve_standard_pd,0.244033,0.00369396,20.1343,8.33277
inertia_scale,417,1.12096,fourth_standard_pd,0.0763195,0.00123706,17.9998,8.75534
inertia_scale,418,1.01013,s_curve_standard_pd,0.236554,0.00360597,18.7984,7.77785
inertia_scale,418,1.01013,fourth_standard_pd,0.0786534,0.00128462,16.8105,8.17256
inertia_scale,419,0.764501,s_curve_standard_pd,0.218236,0.00339764,15.8336,6.54807
inertia_scale,419,0.764501,fourth_standard_pd,0.0848124,0.00141676,14.1747,6.88102
inertia_scale,420,0.949266,s_curve_standard_pd,0.232241,0.00355592,18.0643,7.47313
inertia_scale,420,0.949266,fourth_standard_pd,0.0800485,0.00131361,16.1574,7.85254
inertia_scale,421,1.09659,s_curve_standard_pd,0.242431,0.00367499,19.8406,8.21074
inertia_scale,421,1.09659,fourth_standard_pd,0.076811,0.00124698,17.7383,8.62719
inertia_scale,422,1.12919,s_curve_standard_pd,0.244568,0.00370031,20.2335,8.37398
inertia_scale,422,1.12919,fourth_standard_pd,0.0761561,0.00123376,18.0882,8.79862
inertia_scale,423,0.985763,s_curve_standard_pd,0.234846,0.00358608,18.5046,7.65586
inertia_scale,423,0.985763,fourth_standard_pd,0.0792017,0.00129596,16.549,8.04444
inertia_scale,424,0.908788,s_curve_standard_pd,0.229292,0.00352202,17.5759,7.27047
inertia_scale,424,0.908788,fourth_standard_pd,0.0810228,0.00133417,15.7231,7.6397
inertia_scale,425,1.15084,s_curve_standard_pd,0.24597,0.00371693,20.4943,8.48233
inertia_scale,425,1.15084,fourth_standard_pd,0.075732,0.00122527,18.3205,8.91241
inertia_scale,426,0.872273,s_curve_standard_pd,0.226575,0.00349106,17.1352,7.08765
inertia_scale,426,0.872273,fourth_standard_pd,0.0819353,0.00135362,15.3313,7.4477
inertia_scale,427,0.890441,s_curve_standard_pd,0.227935,0.00350652,17.3545,7.17861
inertia_scale,427,0.890441,fourth_standard_pd,0.0814766,0.00134383,15.5262,7.54323
inertia_scale,428,0.745537,s_curve_standard_pd,0.216719,0.00338088,15.6046,6.45312
inertia_scale,428,0.745537,fourth_standard_pd,0.0853458,0.0014288,13.9711,6.7813
inertia_scale,429,1.16393,s_curve_standard_pd,0.246805,0.00372687,20.652,8.54787
inertia_scale,429,1.16393,fourth_standard_pd,0.0754806,0.00122023,18.4609,8.98124
inertia_scale,430,1.06907,s_curve_standard_pd,0.240592,0.00365329,19.509,8.07296
inertia_scale,430,1.06907,fourth_standard_pd,0.0773805,0.00125854,17.443,8.48249
inertia_scale,431,0.730026,s_curve_standard_pd,0.215461,0.0033671,15.4172,6.37546
inertia_scale,431,0.730026,fourth_standard_pd,0.0857886,0.00143888,13.8046,6.69974
inertia_scale,432,0.835828,s_curve_standard_pd,0.22381,0.00345978,16.6951,6.90518
inertia_scale,432,0.835828,fourth_standard_pd,0.0828776,0.00137399,14.9402,7.25606
inertia_scale,433,0.792068,s_curve_standard_pd,0.220419,0.00342182,16.1666,6.68609
inertia_scale,433,0.792068,fourth_standard_pd,0.0840513,0.00139976,14.4706,7.02597
inertia_scale,434,1.11689,s_curve_standard_pd,0.243768,0.00369081,20.0853,8.31239
inertia_scale,434,1.11689,fourth_standard_pd,0.0764012,0.00123869,17.9562,8.73394
inertia_scale,435,1.0211,s_curve_standard_pd,0.237316,0.00361486,18.9307,7.83281
inertia_scale,435,1.0211,fourth_standard_pd,0.07841,0.00127962,16.9283,8.23027
inertia_scale,436,0.91531,s_curve_standard_pd,0.229771,0.00352753,17.6546,7.30313
inertia_scale,436,0.91531,fourth_standard_pd,0.0808633,0.00133078,15.7931,7.674
inertia_scale,437,0.840572,s_curve_standard_pd,0.224175,0.0034639,16.7524,6.92893
inertia_scale,437,0.840572,fourth_standard_pd,0.0827528,0.00137129,14.9911,7.28101
inertia_scale,438,1.15202,s_curve_standard_pd,0.246046,0.00371783,20.5085,8.48826
inertia_scale,438,1.15202,fourth_standard_pd,0.075709,0.00122481,18.3332,8.91864
inertia_scale,439,0.785426,s_curve_standard_pd,0.219892,0.00341598,16.0864,6.65283
inertia_scale,439,0.785426,fourth_standard_pd,0.084233,0.00140379,14.3993,6.99104
inertia_scale,440,0.706278,s_curve_standard_pd,0.213519,0.00334594,15.1304,6.25656
inertia_scale,440,0.706278,fourth_standard_pd,0.0864777,0.00145472,13.5496,6.57488
inertia_scale,441,1.27187,s_curve_standard_pd,0.253482,0.00380677,21.9524,9.08831
inertia_scale,441,1.27187,fourth_standard_pd,0.0735185,0.00118139,19.6196,9.54881
inertia_scale,442,0.968077,s_curve_standard_pd,0.233591,0.00357153,18.2913,7.56731
inertia_scale,442,0.968077,fourth_standard_pd,0.0796079,0.00130441,16.3593,7.95145
inertia_scale,443,0.710286,s_curve_standard_pd,0.213849,0.00334952,15.1788,6.27663
inertia_scale,443,0.710286,fourth_standard_pd,0.0863605,0.00145202,13.5926,6.59595
inertia_scale,444,1.00687,s_curve_standard_pd,0.236328,0.00360333,18.7591,7.76156
inertia_scale,444,1.00687,fourth_standard_pd,0.0787262,0.00128611,16.7756,8.15545
inertia_scale,445,0.970225,s_curve_standard_pd,0.233745,0.00357331,18.3172,7.57807
inertia_scale,445,0.970225,fourth_standard_pd,0.0795586,0.00130338,16.3823,7.96275
inertia_scale,446,0.720824,s_curve_standard_pd,0.214712,0.00335892,15.3061,6.32939
inertia_scale,446,0.720824,fourth_standard_pd,0.0860543,0.00144496,13.7058,6.65136
inertia_scale,447,1.25342,s_curve_standard_pd,0.252367,0.00379339,21.7302,8.99596
inertia_scale,447,1.25342,fourth_standard_pd,0.0738408,0.00118771,19.4216,9.45183
inertia_scale,448,1.06885,s_curve_standard_pd,0.240577,0.00365312,19.5063,8.07185
inertia_scale,448,1.06885,fourth_standard_pd,0.0773852,0.00125863,17.4406,8.48131
inertia_scale,449,0.865487,s_curve_standard_pd,0.226064,0.00348527,17.0532,7.05367
inertia_scale,449,0.865487,fourth_standard_pd,0.0821082,0.00135735,15.2585,7.41202
inertia_scale,450,1.00893,s_curve_standard_pd,0.236471,0.003605,18.784,7.77186
inertia_scale,450,1.00893,fourth_standard_pd,0.0786802,0.00128517,16.7976,8.16627
inertia_scale,451,0.838963,s_curve_standard_pd,0.224052,0.00346251,16.733,6.92088
inertia_scale,451,0.838963,fourth_standard_pd,0.0827945,0.00137221,14.9738,7.27255
inertia_scale,452,0.994608,s_curve_standard_pd,0.235466,0.00359332,18.6112,7.70014
inertia_scale,452,0.994608,fourth_standard_pd,0.0790017,0.00129181,16.6439,8.09095
inertia_scale,453,1.13484,s_curve_standard_pd,0.244938,0.00370468,20.3016,8.40226
inertia_scale,453,1.13484,fourth_standard_pd,0.0760449,0.00123152,18.1488,8.82832
inertia_scale,454,1.05824,s_curve_standard_pd,0.239858,0.00364467,19.3784,8.01874
inertia_scale,454,1.05824,fourth_standard_pd,0.0776081,0.00126319,17.3267,8.42554
inertia_scale,455,1.27407,s_curve_standard_pd,0.253614,0.00380834,21.9789,9.09931
inertia_scale,455,1.27407,fourth_standard_pd,0.0734803,0.00118065,19.6432,9.56037
inertia_scale,456,0.793759,s_curve_standard_pd,0.220551,0.00342329,16.187,6.69455
inertia_scale,456,0.793759,fourth_standard_pd,0.0840047,0.00139873,14.4887,7.03486
inertia_scale,457,1.1567,s_curve_standard_pd,0.246345,0.00372138,20.5649,8.51171
inertia_scale,457,1.1567,fourth_standard_pd,0.0756199,0.001223,18.3834,8.94326
inertia_scale,458,1.04214,s_curve_standard_pd,0.238764,0.00363183,19.1843,7.93813
inertia_scale,458,1.04214,fourth_standard_pd,0.0779535,0.00127022,17.154,8.34088
inertia_scale,459,1.09351,s_curve_standard_pd,0.242227,0.00367256,19.8035,8.19532
inertia_scale,459,1.09351,fourth_standard_pd,0.0768742,0.00124825,17.7052,8.61099
inertia_scale,460,0.964788,s_curve_standard_pd,0.233357,0.00356882,18.2516,7.55085
inertia_scale,460,0.964788,fourth_standard_pd,0.0796844,0.001306,16.324,7.93416
inertia_scale,461,0.751597,s_curve_standard_pd,0.217206,0.00338624,15.6778,6.48346
inertia_scale,461,0.751597,fourth_standard_pd,0.0851746,0.00142491,14.0361,6.81317
inertia_scale,462,0.946284,s_curve_standard_pd,0.232026,0.00355345,18.0284,7.4582
inertia_scale,462,0.946284,fourth_standard_pd,0.0801191,0.0013151,16.1254,7.83686
inertia_scale,463,0.784816,s_curve_standard_pd,0.219844,0.00341544,16.079,6.64978
inertia_scale,463,0.784816,fourth_standard_pd,0.0842498,0.00140416,14.3927,6.98784
inertia_scale,464,1.0511,s_curve_standard_pd,0.239373,0.00363899,19.2923,7.98297
inertia_scale,464,1.0511,fourth_standard_pd,0.0777607,0.00126629,17.2501,8.38798
inertia_scale,465,1.18272,s_curve_standard_pd,0.247999,0.00374108,20.8784,8.64198
inertia_scale,465,1.18272,fourth_standard_pd,0.0751242,0.00121312,18.6627,9.08008
inertia_scale,466,1.06519,s_curve_standard_pd,0.240331,0.00365023,19.4622,8.05354
inertia_scale,466,1.06519,fourth_standard_pd,0.0774608,0.00126019,17.4013,8.46209
inertia_scale,467,1.05863,s_curve_standard_pd,0.239888,0.00364502,19.3831,8.02069
inertia_scale,467,1.05863,fourth_standard_pd,0.0775998,0.00126302,17.3309,8.42759
inertia_scale,468,1.22647,s_curve_standard_pd,0.250714,0.00377354,21.4055,8.86101
inertia_scale,468,1.22647,fourth_standard_pd,0.0743204,0.00119716,19.1323,9.3101
inertia_scale,469,1.20867,s_curve_standard_pd,0.249616,0.00376041,21.191,8.77188
inertia_scale,469,1.20867,fourth_standard_pd,0.0746431,0.00120357,18.9412,9.2165
inertia_scale,470,0.932572,s_curve_standard_pd,0.231035,0.00354204,17.8629,7.38955
inertia_scale,470,0.932572,fourth_standard_pd,0.0804448,0.00132196,15.9783,7.76476
inertia_scale,471,0.963527,s_curve_standard_pd,0.233267,0.00356778,18.2364,7.54453
inertia_scale,471,0.963527,fourth_standard_pd,0.0797139,0.00130661,16.3104,7.92752
inertia_scale,472,1.08527,s_curve_standard_pd,0.241679,0.0036661,19.7042,8.15405
inertia_scale,472,1.08527,fourth_standard_pd,0.0770438,0.00125168,17.6168,8.56764
inertia_scale,473,1.03662,s_curve_standard_pd,0.238387,0.00362741,19.1178,7.91047
inertia_scale,473,1.03662,fourth_standard_pd,0.0780719,0.00127266,17.0947,8.31184
inertia_scale,474,0.742111,s_curve_standard_pd,0.216443,0.00337785,15.5632,6.43597
inertia_scale,474,0.742111,fourth_standard_pd,0.0854431,0.001431,13.9343,6.76329
inertia_scale,475,0.962403,s_curve_standard_pd,0.233187,0.00356685,18.2228,7.53891
inertia_scale,475,0.962403,fourth_standard_pd,0.0797401,0.00130716,16.2984,7.92161
inertia_scale,476,1.24784,s_curve_standard_pd,0.252025,0.00378928,21.6629,8.96802
inertia_scale,476,1.24784,fourth_standard_pd,0.0739389,0.00118964,19.3617,9.42248
inertia_scale,477,1.01979,s_curve_standard_pd,0.237225,0.0036138,18.9149,7.82621
inertia_scale,477,1.01979,fourth_standard_pd,0.0784391,0.00128021,16.9141,8.22335
inertia_scale,478,0.721722,s_curve_standard_pd,0.214785,0.00335972,15.3169,6.33388
inertia_scale,478,0.721722,fourth_standard_pd,0.0860279,0.00144436,13.7154,6.65608
inertia_scale,479,0.875154,s_curve_standard_pd,0.226791,0.00349352,17.1699,7.10207
inertia_scale,479,0.875154,fourth_standard_pd,0.0818621,0.00135206,15.3622,7.46285
inertia_scale,480,0.82356,s_curve_standard_pd,0.222868,0.00344922,16.547,6.84376
inertia_scale,480,0.82356,fourth_standard_pd,0.0832025,0.00138107,14.8085,7.19156
inertia_scale,481,1.08233,s_curve_standard_pd,0.24148,0.00366375,19.6687,8.13933
inertia_scale,481,1.08233,fourth_standard_pd,0.0771048,0.00125292,17.5852,8.55218
inertia_scale,482,0.755175,s_curve_standard_pd,0.217493,0.00338942,15.721,6.50138
inertia_scale,482,0.755175,fourth_standard_pd,0.0850749,0.00142264,14.0745,6.83198
inertia_scale,483,1.0368,s_curve_standard_pd,0.238399,0.00362755,19.1199,7.91138
inertia_scale,483,1.0368,fourth_standard_pd,0.078068,0.00127258,17.0966,8.31279
inertia_scale,484,0.973685,s_curve_standard_pd,0.233991,0.00357617,18.3589,7.59539
inertia_scale,484,0.973685,fourth_standard_pd,0.0794785,0.00130171,16.4194,7.98094
inertia_scale,485,0.939959,s_curve_standard_pd,0.231569,0.00354819,17.952,7.42653
inertia_scale,485,0.939959,fourth_standard_pd,0.0802678,0.00131825,16.0576,7.8036
inertia_scale,486,1.14838,s_curve_standard_pd,0.245809,0.00371502,20.4647,8.47004
inertia_scale,486,1.14838,fourth_standard_pd,0.0757798,0.00122622,18.2941,8.89951
inertia_scale,487,1.0423,s_curve_standard_pd,0.238776,0.00363196,19.1863,7.93894
inertia_scale,487,1.0423,fourth_standard_pd,0.07795,0.00127015,17.1557,8.34174
inertia_scale,488,0.724697,s_curve_standard_pd,0.215027,0.00336237,15.3529,6.34878
inertia_scale,488,0.724697,fourth_standard_pd,0.0859422,0.00144239,13.7473,6.67173
inertia_scale,489,0.887217,s_curve_standard_pd,0.227695,0.00350379,17.3156,7.16247
inertia_scale,489,0.887217,fourth_standard_pd,0.0815575,0.00134555,15.4916,7.52628
inertia_scale,490,1.25441,s_curve_standard_pd,0.252429,0.00379413,21.7421,9.00092
inertia_scale,490,1.25441,fourth_standard_pd,0.0738233,0.00118737,19.4322,9.45704
inertia_scale,491,1.05776,s_curve_standard_pd,0.239825,0.00364429,19.3726,8.01633
inertia_scale,491,1.05776,fourth_standard_pd,0.0776183,0.0012634,17.3216,8.42301
inertia_scale,492,0.786767,s_curve_standard_pd,0.219998,0.00341715,16.1026,6.65955
inertia_scale,492,0.786767,fourth_standard_pd,0.0841959,0.00140298,14.4137,6.9981
inertia_scale,493,1.22341,s_curve_standard_pd,0.250527,0.00377131,21.3686,8.84569
inertia_scale,493,1.22341,fourth_standard_pd,0.0743751,0.00119826,19.0994,9.29401
inertia_scale,494,1.22169,s_curve_standard_pd,0.250419,0.00377002,21.3479,8.8371
inertia_scale,494,1.22169,fourth_standard_pd,0.0744063,0.00119887,19.081,9.28499
inertia_scale,495,0.872728,s_curve_standard_pd,0.226609,0.00349145,17.1406,7.08993
inertia_scale,495,0.872728,fourth_standard_pd,0.0819237,0.00135338,15.3362,7.45009
inertia_scale,496,0.966158,s_curve_standard_pd,0.233455,0.00356995,18.2681,7.55771
inertia_scale,496,0.966158,fourth_standard_pd,0.0796525,0.00130534,16.3387,7.94136
inertia_scale,497,0.752462,s_curve_standard_pd,0.217275,0.00338701,15.6882,6.48779
inertia_scale,497,0.752462,fourth_standard_pd,0.0851498,0.00142437,14.0454,6.81771
inertia_scale,498,0.86214,s_curve_standard_pd,0.225812,0.00348241,17.0128,7.03692
inertia_scale,498,0.86214,fourth_standard_pd,0.0821946,0.0013592,15.2225,7.39442
inertia_scale,499,0.885516,s_curve_standard_pd,0.227569,0.00350234,17.295,7.15395
inertia_scale,499,0.885516,fourth_standard_pd,0.0816003,0.00134647,15.4734,7.51733
