frequency_hz,controller,L_real,L_imag
0.010000,standard_pd,-3.105393e+02,-3.493569e+01
0.010000,filtered_pd,-3.106048e+02,-5.240345e+01
0.010093,standard_pd,-3.048654e+02,-3.461504e+01
0.010093,filtered_pd,-3.049309e+02,-5.192247e+01
0.010186,standard_pd,-2.992951e+02,-3.429734e+01
0.010186,filtered_pd,-2.993606e+02,-5.144591e+01
0.010280,standard_pd,-2.938266e+02,-3.398255e+01
0.010280,filtered_pd,-2.938921e+02,-5.097373e+01
0.010376,standard_pd,-2.884580e+02,-3.367064e+01
0.010376,filtered_pd,-2.885235e+02,-5.050587e+01
0.010472,standard_pd,-2.831875e+02,-3.336160e+01
0.010472,filtered_pd,-2.832530e+02,-5.004231e+01
0.010569,standard_pd,-2.780133e+02,-3.305540e+01
0.010569,filtered_pd,-2.780788e+02,-4.958300e+01
0.010667,standard_pd,-2.729337e+02,-3.275200e+01
0.010667,filtered_pd,-2.729992e+02,-4.912791e+01
0.010765,standard_pd,-2.679468e+02,-3.245139e+01
0.010765,filtered_pd,-2.680123e+02,-4.867699e+01
0.010865,standard_pd,-2.630510e+02,-3.215354e+01
0.010865,filtered_pd,-2.631165e+02,-4.823021e+01
0.010966,standard_pd,-2.582447e+02,-3.185842e+01
0.010966,filtered_pd,-2.583102e+02,-4.778753e+01
0.011067,standard_pd,-2.535262e+02,-3.156601e+01
0.011067,filtered_pd,-2.535917e+02,-4.734891e+01
0.011170,standard_pd,-2.488939e+02,-3.127628e+01
0.011170,filtered_pd,-2.489594e+02,-4.691432e+01
0.011273,standard_pd,-2.443462e+02,-3.098921e+01
0.011273,filtered_pd,-2.444117e+02,-4.648371e+01
0.011378,standard_pd,-2.398817e+02,-3.070477e+01
0.011378,filtered_pd,-2.399472e+02,-4.605706e+01
0.011483,standard_pd,-2.354987e+02,-3.042295e+01
0.011483,filtered_pd,-2.355642e+02,-4.563432e+01
0.011589,standard_pd,-2.311957e+02,-3.014371e+01
0.011589,filtered_pd,-2.312612e+02,-4.521546e+01
0.011697,standard_pd,-2.269714e+02,-2.986703e+01
0.011697,filtered_pd,-2.270369e+02,-4.480044e+01
0.011805,standard_pd,-2.228243e+02,-2.959289e+01
0.011805,filtered_pd,-2.228898e+02,-4.438923e+01
0.011915,standard_pd,-2.187529e+02,-2.932127e+01
0.011915,filtered_pd,-2.188184e+02,-4.398180e+01
0.012025,standard_pd,-2.147559e+02,-2.905214e+01
0.012025,filtered_pd,-2.148214e+02,-4.357810e+01
0.012136,standard_pd,-2.108320e+02,-2.878548e+01
0.012136,filtered_pd,-2.108975e+02,-4.317810e+01
0.012249,standard_pd,-2.069797e+02,-2.852126e+01
0.012249,filtered_pd,-2.070452e+02,-4.278178e+01
0.012362,standard_pd,-2.031978e+02,-2.825947e+01
0.012362,filtered_pd,-2.032633e+02,-4.238909e+01
0.012477,standard_pd,-1.994851e+02,-2.800008e+01
0.012477,filtered_pd,-1.995506e+02,-4.200001e+01
0.012592,standard_pd,-1.958401e+02,-2.774307e+01
0.012592,filtered_pd,-1.959056e+02,-4.161450e+01
0.012709,standard_pd,-1.922617e+02,-2.748842e+01
0.012709,filtered_pd,-1.923272e+02,-4.123252e+01
0.012826,standard_pd,-1.887488e+02,-2.723611e+01
0.012826,filtered_pd,-1.888143e+02,-4.085405e+01
0.012945,standard_pd,-1.853000e+02,-2.698611e+01
0.012945,filtered_pd,-1.853655e+02,-4.047905e+01
0.013065,standard_pd,-1.819142e+02,-2.673841e+01
0.013065,filtered_pd,-1.819797e+02,-4.010749e+01
0.013186,standard_pd,-1.785902e+02,-2.649297e+01
0.013186,filtered_pd,-1.786557e+02,-3.973934e+01
0.013308,standard_pd,-1.753270e+02,-2.624979e+01
0.013308,filtered_pd,-1.753925e+02,-3.937457e+01
0.013432,standard_pd,-1.721235e+02,-2.600885e+01
0.013432,filtered_pd,-1.721890e+02,-3.901315e+01
0.013556,standard_pd,-1.689784e+02,-2.577011e+01
0.013556,filtered_pd,-1.690439e+02,-3.865504e+01
0.013682,standard_pd,-1.658908e+02,-2.553356e+01
0.013682,filtered_pd,-1.659563e+02,-3.830022e+01
0.013808,standard_pd,-1.628596e+02,-2.529918e+01
0.013808,filtered_pd,-1.629251e+02,-3.794865e+01
0.013936,standard_pd,-1.598838e+02,-2.506696e+01
0.013936,filtered_pd,-1.599493e+02,-3.760031e+01
0.014065,standard_pd,-1.569624e+02,-2.483686e+01
0.014065,filtered_pd,-1.570279e+02,-3.725516e+01
0.014196,standard_pd,-1.540943e+02,-2.460887e+01
0.014196,filtered_pd,-1.541598e+02,-3.691318e+01
0.014327,standard_pd,-1.512787e+02,-2.438298e+01
0.014327,filtered_pd,-1.513442e+02,-3.657434e+01
0.014460,standard_pd,-1.485145e+02,-2.415916e+01
0.014460,filtered_pd,-1.485800e+02,-3.623861e+01
0.014594,standard_pd,-1.458007e+02,-2.393739e+01
0.014594,filtered_pd,-1.458662e+02,-3.590596e+01
0.014729,standard_pd,-1.431366e+02,-2.371766e+01
0.014729,filtered_pd,-1.432021e+02,-3.557636e+01
0.014865,standard_pd,-1.405212e+02,-2.349995e+01
0.014865,filtered_pd,-1.405867e+02,-3.524978e+01
0.015003,standard_pd,-1.379535e+02,-2.328423e+01
0.015003,filtered_pd,-1.380190e+02,-3.492621e+01
0.015142,standard_pd,-1.354327e+02,-2.307049e+01
0.015142,filtered_pd,-1.354982e+02,-3.460559e+01
0.015282,standard_pd,-1.329580e+02,-2.285871e+01
0.015282,filtered_pd,-1.330235e+02,-3.428793e+01
0.015424,standard_pd,-1.305285e+02,-2.264887e+01
0.015424,filtered_pd,-1.305940e+02,-3.397317e+01
0.015567,standard_pd,-1.281434e+02,-2.244096e+01
0.015567,filtered_pd,-1.282089e+02,-3.366130e+01
0.015711,standard_pd,-1.258019e+02,-2.223496e+01
0.015711,filtered_pd,-1.258674e+02,-3.335230e+01
0.015856,standard_pd,-1.235031e+02,-2.203085e+01
0.015856,filtered_pd,-1.235686e+02,-3.304613e+01
0.016003,standard_pd,-1.212464e+02,-2.182861e+01
0.016003,filtered_pd,-1.213119e+02,-3.274277e+01
0.016151,standard_pd,-1.190309e+02,-2.162822e+01
0.016151,filtered_pd,-1.190963e+02,-3.244219e+01
0.016301,standard_pd,-1.168558e+02,-2.142968e+01
0.016301,filtered_pd,-1.169213e+02,-3.214437e+01
0.016452,standard_pd,-1.147205e+02,-2.123295e+01
0.016452,filtered_pd,-1.147860e+02,-3.184928e+01
0.016604,standard_pd,-1.126242e+02,-2.103803e+01
0.016604,filtered_pd,-1.126897e+02,-3.155690e+01
0.016758,standard_pd,-1.105662e+02,-2.084490e+01
0.016758,filtered_pd,-1.106317e+02,-3.126720e+01
0.016913,standard_pd,-1.085458e+02,-2.065354e+01
0.016913,filtered_pd,-1.086113e+02,-3.098016e+01
0.017070,standard_pd,-1.065623e+02,-2.046393e+01
0.017070,filtered_pd,-1.066278e+02,-3.069575e+01
0.017228,standard_pd,-1.046151e+02,-2.027607e+01
0.017228,filtered_pd,-1.046806e+02,-3.041395e+01
0.017388,standard_pd,-1.027034e+02,-2.008993e+01
0.017388,filtered_pd,-1.027689e+02,-3.013474e+01
0.017549,standard_pd,-1.008267e+02,-1.990549e+01
0.017549,filtered_pd,-1.008922e+02,-2.985808e+01
0.017711,standard_pd,-9.898425e+01,-1.972275e+01
0.017711,filtered_pd,-9.904974e+01,-2.958397e+01
0.017875,standard_pd,-9.717546e+01,-1.954169e+01
0.017875,filtered_pd,-9.724095e+01,-2.931237e+01
0.018041,standard_pd,-9.539972e+01,-1.936228e+01
0.018041,filtered_pd,-9.546521e+01,-2.904326e+01
0.018208,standard_pd,-9.365642e+01,-1.918452e+01
0.018208,filtered_pd,-9.372191e+01,-2.877662e+01
0.018377,standard_pd,-9.194497e+01,-1.900840e+01
0.018377,filtered_pd,-9.201046e+01,-2.851243e+01
0.018547,standard_pd,-9.026479e+01,-1.883388e+01
0.018547,filtered_pd,-9.033028e+01,-2.825066e+01
0.018719,standard_pd,-8.861531e+01,-1.866097e+01
0.018719,filtered_pd,-8.868080e+01,-2.799129e+01
0.018892,standard_pd,-8.699596e+01,-1.848965e+01
0.018892,filtered_pd,-8.706145e+01,-2.773430e+01
0.019067,standard_pd,-8.540620e+01,-1.831989e+01
0.019067,filtered_pd,-8.547169e+01,-2.747967e+01
0.019244,standard_pd,-8.384549e+01,-1.815170e+01
0.019244,filtered_pd,-8.391098e+01,-2.722738e+01
0.019422,standard_pd,-8.231329e+01,-1.798505e+01
0.019422,filtered_pd,-8.237878e+01,-2.697739e+01
0.019602,standard_pd,-8.080908e+01,-1.781992e+01
0.019602,filtered_pd,-8.087457e+01,-2.672971e+01
0.019783,standard_pd,-7.933235e+01,-1.765631e+01
0.019783,filtered_pd,-7.939784e+01,-2.648429e+01
0.019966,standard_pd,-7.788261e+01,-1.749420e+01
0.019966,filtered_pd,-7.794809e+01,-2.624112e+01
0.020151,standard_pd,-7.645935e+01,-1.733358e+01
0.020151,filtered_pd,-7.652484e+01,-2.600019e+01
0.020338,standard_pd,-7.506209e+01,-1.717443e+01
0.020338,filtered_pd,-7.512758e+01,-2.576146e+01
0.020526,standard_pd,-7.369036e+01,-1.701674e+01
0.020526,filtered_pd,-7.375585e+01,-2.552493e+01
0.020716,standard_pd,-7.234370e+01,-1.686050e+01
0.020716,filtered_pd,-7.240919e+01,-2.529056e+01
0.020908,standard_pd,-7.102164e+01,-1.670569e+01
0.020908,filtered_pd,-7.108712e+01,-2.505835e+01
0.021102,standard_pd,-6.972373e+01,-1.655230e+01
0.021102,filtered_pd,-6.978922e+01,-2.482826e+01
0.021297,standard_pd,-6.844953e+01,-1.640032e+01
0.021297,filtered_pd,-6.851502e+01,-2.460029e+01
0.021495,standard_pd,-6.719862e+01,-1.624973e+01
0.021495,filtered_pd,-6.726410e+01,-2.437440e+01
0.021694,standard_pd,-6.597056e+01,-1.610052e+01
0.021694,filtered_pd,-6.603604e+01,-2.415059e+01
0.021895,standard_pd,-6.476493e+01,-1.595269e+01
0.021895,filtered_pd,-6.483042e+01,-2.392883e+01
0.022098,standard_pd,-6.358134e+01,-1.580620e+01
0.022098,filtered_pd,-6.364682e+01,-2.370911e+01
0.022302,standard_pd,-6.241936e+01,-1.566106e+01
0.022302,filtered_pd,-6.248485e+01,-2.349140e+01
0.022509,standard_pd,-6.127862e+01,-1.551726e+01
0.022509,filtered_pd,-6.134411e+01,-2.327568e+01
0.022717,standard_pd,-6.015872e+01,-1.537477e+01
0.022717,filtered_pd,-6.022420e+01,-2.306195e+01
0.022928,standard_pd,-5.905928e+01,-1.523359e+01
0.022928,filtered_pd,-5.912476e+01,-2.285017e+01
0.023140,standard_pd,-5.797993e+01,-1.509370e+01
0.023140,filtered_pd,-5.804541e+01,-2.264034e+01
0.023354,standard_pd,-5.692029e+01,-1.495510e+01
0.023354,filtered_pd,-5.698577e+01,-2.243243e+01
0.023571,standard_pd,-5.588002e+01,-1.481776e+01
0.023571,filtered_pd,-5.594550e+01,-2.222643e+01
0.023789,standard_pd,-5.485875e+01,-1.468169e+01
0.023789,filtered_pd,-5.492423e+01,-2.202232e+01
0.024009,standard_pd,-5.385614e+01,-1.454686e+01
0.024009,filtered_pd,-5.392162e+01,-2.182008e+01
0.024232,standard_pd,-5.287185e+01,-1.441327e+01
0.024232,filtered_pd,-5.293733e+01,-2.161969e+01
0.024456,standard_pd,-5.190554e+01,-1.428091e+01
0.024456,filtered_pd,-5.197102e+01,-2.142115e+01
0.024683,standard_pd,-5.095688e+01,-1.414976e+01
0.024683,filtered_pd,-5.102236e+01,-2.122442e+01
0.024911,standard_pd,-5.002556e+01,-1.401981e+01
0.024911,filtered_pd,-5.009104e+01,-2.102950e+01
0.025142,standard_pd,-4.911125e+01,-1.389106e+01
0.025142,filtered_pd,-4.917673e+01,-2.083636e+01
0.025375,standard_pd,-4.821365e+01,-1.376348e+01
0.025375,filtered_pd,-4.827913e+01,-2.064500e+01
0.025610,standard_pd,-4.733245e+01,-1.363708e+01
0.025610,filtered_pd,-4.739793e+01,-2.045539e+01
0.025847,standard_pd,-4.646735e+01,-1.351183e+01
0.025847,filtered_pd,-4.653282e+01,-2.026752e+01
0.026087,standard_pd,-4.561805e+01,-1.338774e+01
0.026087,filtered_pd,-4.568352e+01,-2.008137e+01
0.026328,standard_pd,-4.478427e+01,-1.326478e+01
0.026328,filtered_pd,-4.484974e+01,-1.989693e+01
0.026572,standard_pd,-4.396572e+01,-1.314294e+01
0.026572,filtered_pd,-4.403119e+01,-1.971418e+01
0.026818,standard_pd,-4.316213e+01,-1.302223e+01
0.026818,filtered_pd,-4.322760e+01,-1.953310e+01
0.027067,standard_pd,-4.237321e+01,-1.290262e+01
0.027067,filtered_pd,-4.243869e+01,-1.935369e+01
0.027317,standard_pd,-4.159872e+01,-1.278411e+01
0.027317,filtered_pd,-4.166419e+01,-1.917592e+01
0.027570,standard_pd,-4.083837e+01,-1.266669e+01
0.027570,filtered_pd,-4.090384e+01,-1.899978e+01
0.027826,standard_pd,-4.009191e+01,-1.255034e+01
0.027826,filtered_pd,-4.015738e+01,-1.882526e+01
0.028083,standard_pd,-3.935910e+01,-1.243506e+01
0.028083,filtered_pd,-3.942457e+01,-1.865234e+01
0.028343,standard_pd,-3.863967e+01,-1.232083e+01
0.028343,filtered_pd,-3.870513e+01,-1.848100e+01
0.028606,standard_pd,-3.793338e+01,-1.220766e+01
0.028606,filtered_pd,-3.799885e+01,-1.831123e+01
0.028871,standard_pd,-3.724000e+01,-1.209552e+01
0.028871,filtered_pd,-3.730547e+01,-1.814302e+01
0.029138,standard_pd,-3.655929e+01,-1.198441e+01
0.029138,filtered_pd,-3.662475e+01,-1.797635e+01
0.029408,standard_pd,-3.589101e+01,-1.187432e+01
0.029408,filtered_pd,-3.595647e+01,-1.781121e+01
0.029681,standard_pd,-3.523494e+01,-1.176523e+01
0.029681,filtered_pd,-3.530041e+01,-1.764758e+01
0.029955,standard_pd,-3.459086e+01,-1.165715e+01
0.029955,filtered_pd,-3.465632e+01,-1.748546e+01
0.030233,standard_pd,-3.395855e+01,-1.155006e+01
0.030233,filtered_pd,-3.402401e+01,-1.732482e+01
0.030513,standard_pd,-3.333779e+01,-1.144395e+01
0.030513,filtered_pd,-3.340325e+01,-1.716565e+01
0.030796,standard_pd,-3.272837e+01,-1.133881e+01
0.030796,filtered_pd,-3.279383e+01,-1.700794e+01
0.031081,standard_pd,-3.213008e+01,-1.123464e+01
0.031081,filtered_pd,-3.219554e+01,-1.685168e+01
0.031369,standard_pd,-3.154273e+01,-1.113142e+01
0.031369,filtered_pd,-3.160819e+01,-1.669684e+01
0.031659,standard_pd,-3.096610e+01,-1.102914e+01
0.031659,filtered_pd,-3.103156e+01,-1.654343e+01
0.031952,standard_pd,-3.040001e+01,-1.092781e+01
0.031952,filtered_pd,-3.046547e+01,-1.639143e+01
0.032248,standard_pd,-2.984427e+01,-1.082740e+01
0.032248,filtered_pd,-2.990972e+01,-1.624081e+01
0.032547,standard_pd,-2.929867e+01,-1.072792e+01
0.032547,filtered_pd,-2.936413e+01,-1.609158e+01
0.032849,standard_pd,-2.876305e+01,-1.062934e+01
0.032849,filtered_pd,-2.882850e+01,-1.594372e+01
0.033153,standard_pd,-2.823721e+01,-1.053167e+01
0.033153,filtered_pd,-2.830266e+01,-1.579721e+01
0.033460,standard_pd,-2.772098e+01,-1.043490e+01
0.033460,filtered_pd,-2.778643e+01,-1.565204e+01
0.033770,standard_pd,-2.721418e+01,-1.033901e+01
0.033770,filtered_pd,-2.727963e+01,-1.550821e+01
0.034083,standard_pd,-2.671663e+01,-1.024400e+01
0.034083,filtered_pd,-2.678209e+01,-1.536569e+01
0.034398,standard_pd,-2.622818e+01,-1.014986e+01
0.034398,filtered_pd,-2.629363e+01,-1.522448e+01
0.034717,standard_pd,-2.574866e+01,-1.005658e+01
0.034717,filtered_pd,-2.581411e+01,-1.508456e+01
0.035038,standard_pd,-2.527789e+01,-9.964162e+00
0.035038,filtered_pd,-2.534334e+01,-1.494593e+01
0.035363,standard_pd,-2.481572e+01,-9.872587e+00
0.035363,filtered_pd,-2.488117e+01,-1.480856e+01
0.035690,standard_pd,-2.436200e+01,-9.781852e+00
0.035690,filtered_pd,-2.442745e+01,-1.467246e+01
0.036021,standard_pd,-2.391657e+01,-9.691948e+00
0.036021,filtered_pd,-2.398202e+01,-1.453760e+01
0.036355,standard_pd,-2.347928e+01,-9.602867e+00
0.036355,filtered_pd,-2.354472e+01,-1.440397e+01
0.036691,standard_pd,-2.304997e+01,-9.514603e+00
0.036691,filtered_pd,-2.311541e+01,-1.427158e+01
0.037031,standard_pd,-2.262851e+01,-9.427148e+00
0.037031,filtered_pd,-2.269395e+01,-1.414039e+01
0.037374,standard_pd,-2.221475e+01,-9.340494e+00
0.037374,filtered_pd,-2.228019e+01,-1.401040e+01
0.037720,standard_pd,-2.180855e+01,-9.254634e+00
0.037720,filtered_pd,-2.187399e+01,-1.388161e+01
0.038070,standard_pd,-2.140977e+01,-9.169561e+00
0.038070,filtered_pd,-2.147520e+01,-1.375400e+01
0.038422,standard_pd,-2.101827e+01,-9.085266e+00
0.038422,filtered_pd,-2.108371e+01,-1.362755e+01
0.038778,standard_pd,-2.063393e+01,-9.001745e+00
0.038778,filtered_pd,-2.069936e+01,-1.350227e+01
0.039137,standard_pd,-2.025661e+01,-8.918988e+00
0.039137,filtered_pd,-2.032204e+01,-1.337813e+01
0.039500,standard_pd,-1.988618e+01,-8.836989e+00
0.039500,filtered_pd,-1.995161e+01,-1.325513e+01
0.039866,standard_pd,-1.952252e+01,-8.755742e+00
0.039866,filtered_pd,-1.958795e+01,-1.313325e+01
0.040235,standard_pd,-1.916551e+01,-8.675238e+00
0.040235,filtered_pd,-1.923094e+01,-1.301250e+01
0.040608,standard_pd,-1.881501e+01,-8.595472e+00
0.040608,filtered_pd,-1.888044e+01,-1.289284e+01
0.040984,standard_pd,-1.847092e+01,-8.516437e+00
0.040984,filtered_pd,-1.853635e+01,-1.277429e+01
0.041363,standard_pd,-1.813312e+01,-8.438125e+00
0.041363,filtered_pd,-1.819855e+01,-1.265682e+01
0.041747,standard_pd,-1.780149e+01,-8.360531e+00
0.041747,filtered_pd,-1.786691e+01,-1.254042e+01
0.042133,standard_pd,-1.747592e+01,-8.283647e+00
0.042133,filtered_pd,-1.754134e+01,-1.242509e+01
0.042523,standard_pd,-1.715629e+01,-8.207467e+00
0.042523,filtered_pd,-1.722171e+01,-1.231082e+01
0.042917,standard_pd,-1.684251e+01,-8.131985e+00
0.042917,filtered_pd,-1.690793e+01,-1.219759e+01
0.043315,standard_pd,-1.653446e+01,-8.057194e+00
0.043315,filtered_pd,-1.659987e+01,-1.208540e+01
0.043716,standard_pd,-1.623203e+01,-7.983088e+00
0.043716,filtered_pd,-1.629745e+01,-1.197424e+01
0.044121,standard_pd,-1.593513e+01,-7.909661e+00
0.044121,filtered_pd,-1.600055e+01,-1.186409e+01
0.044530,standard_pd,-1.564366e+01,-7.836905e+00
0.044530,filtered_pd,-1.570907e+01,-1.175496e+01
0.044942,standard_pd,-1.535751e+01,-7.764816e+00
0.044942,filtered_pd,-1.542292e+01,-1.164682e+01
0.045358,standard_pd,-1.507659e+01,-7.693387e+00
0.045358,filtered_pd,-1.514200e+01,-1.153967e+01
0.045778,standard_pd,-1.480080e+01,-7.622611e+00
0.045778,filtered_pd,-1.486620e+01,-1.143350e+01
0.046202,standard_pd,-1.453005e+01,-7.552484e+00
0.046202,filtered_pd,-1.459545e+01,-1.132831e+01
0.046630,standard_pd,-1.426424e+01,-7.482998e+00
0.046630,filtered_pd,-1.432964e+01,-1.122408e+01
0.047062,standard_pd,-1.400329e+01,-7.414148e+00
0.047062,filtered_pd,-1.406869e+01,-1.112080e+01
0.047498,standard_pd,-1.374711e+01,-7.345929e+00
0.047498,filtered_pd,-1.381251e+01,-1.101847e+01
0.047938,standard_pd,-1.349561e+01,-7.278333e+00
0.047938,filtered_pd,-1.356101e+01,-1.091707e+01
0.048382,standard_pd,-1.324871e+01,-7.211357e+00
0.048382,filtered_pd,-1.331410e+01,-1.081660e+01
0.048830,standard_pd,-1.300631e+01,-7.144993e+00
0.048830,filtered_pd,-1.307170e+01,-1.071705e+01
0.049282,standard_pd,-1.276835e+01,-7.079237e+00
0.049282,filtered_pd,-1.283374e+01,-1.061841e+01
0.049739,standard_pd,-1.253473e+01,-7.014082e+00
0.049739,filtered_pd,-1.260011e+01,-1.052068e+01
0.050200,standard_pd,-1.230538e+01,-6.949523e+00
0.050200,filtered_pd,-1.237076e+01,-1.042383e+01
0.050665,standard_pd,-1.208022e+01,-6.885555e+00
0.050665,filtered_pd,-1.214560e+01,-1.032788e+01
0.051134,standard_pd,-1.185917e+01,-6.822172e+00
0.051134,filtered_pd,-1.192455e+01,-1.023280e+01
0.051607,standard_pd,-1.164216e+01,-6.759369e+00
0.051607,filtered_pd,-1.170754e+01,-1.013859e+01
0.052085,standard_pd,-1.142912e+01,-6.697141e+00
0.052085,filtered_pd,-1.149449e+01,-1.004524e+01
0.052568,standard_pd,-1.121996e+01,-6.635481e+00
0.052568,filtered_pd,-1.128534e+01,-9.952749e+00
0.053055,standard_pd,-1.101463e+01,-6.574386e+00
0.053055,filtered_pd,-1.108000e+01,-9.861101e+00
0.053546,standard_pd,-1.081305e+01,-6.513849e+00
0.053546,filtered_pd,-1.087842e+01,-9.770291e+00
0.054042,standard_pd,-1.061516e+01,-6.453865e+00
0.054042,filtered_pd,-1.068052e+01,-9.680312e+00
0.054543,standard_pd,-1.042087e+01,-6.394431e+00
0.054543,filtered_pd,-1.048624e+01,-9.591155e+00
0.055048,standard_pd,-1.023014e+01,-6.335539e+00
0.055048,filtered_pd,-1.029550e+01,-9.502814e+00
0.055558,standard_pd,-1.004289e+01,-6.277186e+00
0.055558,filtered_pd,-1.010825e+01,-9.415280e+00
0.056072,standard_pd,-9.859066e+00,-6.219367e+00
0.056072,filtered_pd,-9.924420e+00,-9.328546e+00
0.056592,standard_pd,-9.678597e+00,-6.162076e+00
0.056592,filtered_pd,-9.743948e+00,-9.242605e+00
0.057116,standard_pd,-9.501425e+00,-6.105309e+00
0.057116,filtered_pd,-9.566773e+00,-9.157449e+00
0.057645,standard_pd,-9.327490e+00,-6.049060e+00
0.057645,filtered_pd,-9.392835e+00,-9.073072e+00
0.058179,standard_pd,-9.156732e+00,-5.993326e+00
0.058179,filtered_pd,-9.222074e+00,-8.989465e+00
0.058718,standard_pd,-8.989094e+00,-5.938101e+00
0.058718,filtered_pd,-9.054433e+00,-8.906623e+00
0.059262,standard_pd,-8.824518e+00,-5.883380e+00
0.059262,filtered_pd,-8.889854e+00,-8.824537e+00
0.059810,standard_pd,-8.662949e+00,-5.829160e+00
0.059810,filtered_pd,-8.728281e+00,-8.743201e+00
0.060364,standard_pd,-8.504332e+00,-5.775434e+00
0.060364,filtered_pd,-8.569661e+00,-8.662608e+00
0.060923,standard_pd,-8.348612e+00,-5.722200e+00
0.060923,filtered_pd,-8.413937e+00,-8.582751e+00
0.061488,standard_pd,-8.195737e+00,-5.669452e+00
0.061488,filtered_pd,-8.261059e+00,-8.503624e+00
0.062057,standard_pd,-8.045655e+00,-5.617185e+00
0.062057,filtered_pd,-8.110973e+00,-8.425219e+00
0.062632,standard_pd,-7.898314e+00,-5.565396e+00
0.062632,filtered_pd,-7.963629e+00,-8.347530e+00
0.063212,standard_pd,-7.753665e+00,-5.514079e+00
0.063212,filtered_pd,-7.818976e+00,-8.270550e+00
0.063798,standard_pd,-7.611659e+00,-5.463232e+00
0.063798,filtered_pd,-7.676966e+00,-8.194273e+00
0.064389,standard_pd,-7.472246e+00,-5.412848e+00
0.064389,filtered_pd,-7.537550e+00,-8.118693e+00
0.064985,standard_pd,-7.335381e+00,-5.362924e+00
0.064985,filtered_pd,-7.400680e+00,-8.043802e+00
0.065587,standard_pd,-7.201015e+00,-5.313456e+00
0.065587,filtered_pd,-7.266311e+00,-7.969594e+00
0.066194,standard_pd,-7.069105e+00,-5.264440e+00
0.066194,filtered_pd,-7.134396e+00,-7.896064e+00
0.066807,standard_pd,-6.939604e+00,-5.215870e+00
0.066807,filtered_pd,-7.004891e+00,-7.823204e+00
0.067426,standard_pd,-6.812468e+00,-5.167744e+00
0.067426,filtered_pd,-6.877751e+00,-7.751009e+00
0.068051,standard_pd,-6.687655e+00,-5.120057e+00
0.068051,filtered_pd,-6.752934e+00,-7.679473e+00
0.068681,standard_pd,-6.565122e+00,-5.072805e+00
0.068681,filtered_pd,-6.630397e+00,-7.608589e+00
0.069317,standard_pd,-6.444827e+00,-5.025984e+00
0.069317,filtered_pd,-6.510098e+00,-7.538352e+00
0.069959,standard_pd,-6.326730e+00,-4.979589e+00
0.069959,filtered_pd,-6.391996e+00,-7.468755e+00
0.070607,standard_pd,-6.210790e+00,-4.933618e+00
0.070607,filtered_pd,-6.276051e+00,-7.399792e+00
0.071261,standard_pd,-6.096968e+00,-4.888066e+00
0.071261,filtered_pd,-6.162224e+00,-7.331458e+00
0.071921,standard_pd,-5.985225e+00,-4.842929e+00
0.071921,filtered_pd,-6.050476e+00,-7.263747e+00
0.072587,standard_pd,-5.875523e+00,-4.798204e+00
0.072587,filtered_pd,-5.940770e+00,-7.196652e+00
0.073260,standard_pd,-5.767825e+00,-4.753886e+00
0.073260,filtered_pd,-5.833066e+00,-7.130169e+00
0.073938,standard_pd,-5.662094e+00,-4.709972e+00
0.073938,filtered_pd,-5.727331e+00,-7.064292e+00
0.074623,standard_pd,-5.558295e+00,-4.666458e+00
0.074623,filtered_pd,-5.623526e+00,-6.999015e+00
0.075314,standard_pd,-5.456391e+00,-4.623340e+00
0.075314,filtered_pd,-5.521617e+00,-6.934332e+00
0.076012,standard_pd,-5.356349e+00,-4.580615e+00
0.076012,filtered_pd,-5.421569e+00,-6.870238e+00
0.076716,standard_pd,-5.258134e+00,-4.538279e+00
0.076716,filtered_pd,-5.323349e+00,-6.806728e+00
0.077426,standard_pd,-5.161713e+00,-4.496328e+00
0.077426,filtered_pd,-5.226922e+00,-6.743796e+00
0.078144,standard_pd,-5.067054e+00,-4.454760e+00
0.078144,filtered_pd,-5.132257e+00,-6.681436e+00
0.078867,standard_pd,-4.974123e+00,-4.413569e+00
0.078867,filtered_pd,-5.039320e+00,-6.619644e+00
0.079598,standard_pd,-4.882889e+00,-4.372754e+00
0.079598,filtered_pd,-4.948081e+00,-6.558414e+00
0.080335,standard_pd,-4.793322e+00,-4.332309e+00
0.080335,filtered_pd,-4.858507e+00,-6.497741e+00
0.081079,standard_pd,-4.705391e+00,-4.292233e+00
0.081079,filtered_pd,-4.770570e+00,-6.437620e+00
0.081830,standard_pd,-4.619066e+00,-4.252521e+00
0.081830,filtered_pd,-4.684238e+00,-6.378045e+00
0.082588,standard_pd,-4.534317e+00,-4.213170e+00
0.082588,filtered_pd,-4.599483e+00,-6.319012e+00
0.083353,standard_pd,-4.451116e+00,-4.174177e+00
0.083353,filtered_pd,-4.516276e+00,-6.260515e+00
0.084125,standard_pd,-4.369435e+00,-4.135538e+00
0.084125,filtered_pd,-4.434587e+00,-6.202550e+00
0.084904,standard_pd,-4.289245e+00,-4.097250e+00
0.084904,filtered_pd,-4.354391e+00,-6.145111e+00
0.085691,standard_pd,-4.210520e+00,-4.059310e+00
0.085691,filtered_pd,-4.275659e+00,-6.088194e+00
0.086484,standard_pd,-4.133233e+00,-4.021715e+00
0.086484,filtered_pd,-4.198364e+00,-6.031794e+00
0.087285,standard_pd,-4.057357e+00,-3.984461e+00
0.087285,filtered_pd,-4.122481e+00,-5.975906e+00
0.088094,standard_pd,-3.982867e+00,-3.947545e+00
0.088094,filtered_pd,-4.047983e+00,-5.920524e+00
0.088910,standard_pd,-3.909737e+00,-3.910964e+00
0.088910,filtered_pd,-3.974845e+00,-5.865646e+00
0.089733,standard_pd,-3.837942e+00,-3.874715e+00
0.089733,filtered_pd,-3.903043e+00,-5.811265e+00
0.090564,standard_pd,-3.767458e+00,-3.838795e+00
0.090564,filtered_pd,-3.832551e+00,-5.757377e+00
0.091403,standard_pd,-3.698262e+00,-3.803201e+00
0.091403,filtered_pd,-3.763347e+00,-5.703978e+00
0.092250,standard_pd,-3.630329e+00,-3.767929e+00
0.092250,filtered_pd,-3.695406e+00,-5.651063e+00
0.093104,standard_pd,-3.563636e+00,-3.732977e+00
0.093104,filtered_pd,-3.628704e+00,-5.598627e+00
0.093966,standard_pd,-3.498161e+00,-3.698342e+00
0.093966,filtered_pd,-3.563221e+00,-5.546667e+00
0.094837,standard_pd,-3.433882e+00,-3.664020e+00
0.094837,filtered_pd,-3.498933e+00,-5.495176e+00
0.095715,standard_pd,-3.370776e+00,-3.630009e+00
0.095715,filtered_pd,-3.435818e+00,-5.444152e+00
0.096602,standard_pd,-3.308823e+00,-3.596306e+00
0.096602,filtered_pd,-3.373855e+00,-5.393590e+00
0.097496,standard_pd,-3.248000e+00,-3.562908e+00
0.097496,filtered_pd,-3.313023e+00,-5.343485e+00
0.098400,standard_pd,-3.188288e+00,-3.529813e+00
0.098400,filtered_pd,-3.253302e+00,-5.293833e+00
0.099311,standard_pd,-3.129666e+00,-3.497016e+00
0.099311,filtered_pd,-3.194670e+00,-5.244630e+00
0.100231,standard_pd,-3.072114e+00,-3.464516e+00
0.100231,filtered_pd,-3.137108e+00,-5.195871e+00
0.101159,standard_pd,-3.015613e+00,-3.432310e+00
0.101159,filtered_pd,-3.080597e+00,-5.147554e+00
0.102096,standard_pd,-2.960143e+00,-3.400394e+00
0.102096,filtered_pd,-3.025117e+00,-5.099672e+00
0.103042,standard_pd,-2.905686e+00,-3.368767e+00
0.103042,filtered_pd,-2.970649e+00,-5.052223e+00
0.103996,standard_pd,-2.852223e+00,-3.337425e+00
0.103996,filtered_pd,-2.917174e+00,-5.005201e+00
0.104959,standard_pd,-2.799735e+00,-3.306366e+00
0.104959,filtered_pd,-2.864676e+00,-4.958604e+00
0.105931,standard_pd,-2.748206e+00,-3.275587e+00
0.105931,filtered_pd,-2.813135e+00,-4.912427e+00
0.106913,standard_pd,-2.697617e+00,-3.245086e+00
0.106913,filtered_pd,-2.762534e+00,-4.866666e+00
0.107903,standard_pd,-2.647951e+00,-3.214859e+00
0.107903,filtered_pd,-2.712857e+00,-4.821317e+00
0.108902,standard_pd,-2.599191e+00,-3.184905e+00
0.108902,filtered_pd,-2.664085e+00,-4.776377e+00
0.109911,standard_pd,-2.551322e+00,-3.155220e+00
0.109911,filtered_pd,-2.616203e+00,-4.731841e+00
0.110929,standard_pd,-2.504325e+00,-3.125803e+00
0.110929,filtered_pd,-2.569194e+00,-4.687705e+00
0.111956,standard_pd,-2.458187e+00,-3.096650e+00
0.111956,filtered_pd,-2.523043e+00,-4.643966e+00
0.112993,standard_pd,-2.412890e+00,-3.067759e+00
0.112993,filtered_pd,-2.477732e+00,-4.600621e+00
0.114040,standard_pd,-2.368419e+00,-3.039128e+00
0.114040,filtered_pd,-2.433248e+00,-4.557664e+00
0.115096,standard_pd,-2.324760e+00,-3.010753e+00
0.115096,filtered_pd,-2.389575e+00,-4.515093e+00
0.116162,standard_pd,-2.281897e+00,-2.982634e+00
0.116162,filtered_pd,-2.346699e+00,-4.472904e+00
0.117238,standard_pd,-2.239816e+00,-2.954766e+00
0.117238,filtered_pd,-2.304603e+00,-4.431093e+00
0.118324,standard_pd,-2.198502e+00,-2.927149e+00
0.118324,filtered_pd,-2.263275e+00,-4.389657e+00
0.119420,standard_pd,-2.157942e+00,-2.899779e+00
0.119420,filtered_pd,-2.222700e+00,-4.348592e+00
0.120526,standard_pd,-2.118122e+00,-2.872653e+00
0.120526,filtered_pd,-2.182864e+00,-4.307894e+00
0.121642,standard_pd,-2.079028e+00,-2.845771e+00
0.121642,filtered_pd,-2.143754e+00,-4.267561e+00
0.122769,standard_pd,-2.040646e+00,-2.819129e+00
0.122769,filtered_pd,-2.105357e+00,-4.227587e+00
0.123906,standard_pd,-2.002964e+00,-2.792725e+00
0.123906,filtered_pd,-2.067659e+00,-4.187971e+00
0.125054,standard_pd,-1.965970e+00,-2.766556e+00
0.125054,filtered_pd,-2.030647e+00,-4.148708e+00
0.126212,standard_pd,-1.929649e+00,-2.740621e+00
0.126212,filtered_pd,-1.994310e+00,-4.109795e+00
0.127381,standard_pd,-1.893991e+00,-2.714918e+00
0.127381,filtered_pd,-1.958634e+00,-4.071229e+00
0.128561,standard_pd,-1.858982e+00,-2.689443e+00
0.128561,filtered_pd,-1.923607e+00,-4.033006e+00
0.129752,standard_pd,-1.824611e+00,-2.664195e+00
0.129752,filtered_pd,-1.889218e+00,-3.995123e+00
0.130954,standard_pd,-1.790867e+00,-2.639171e+00
0.130954,filtered_pd,-1.855455e+00,-3.957577e+00
0.132166,standard_pd,-1.757737e+00,-2.614370e+00
0.132166,filtered_pd,-1.822306e+00,-3.920364e+00
0.133391,standard_pd,-1.725211e+00,-2.589789e+00
0.133391,filtered_pd,-1.789761e+00,-3.883481e+00
0.134626,standard_pd,-1.693278e+00,-2.565426e+00
0.134626,filtered_pd,-1.757807e+00,-3.846925e+00
0.135873,standard_pd,-1.661925e+00,-2.541278e+00
0.135873,filtered_pd,-1.726434e+00,-3.810693e+00
0.137131,standard_pd,-1.631144e+00,-2.517345e+00
0.137131,filtered_pd,-1.695632e+00,-3.774781e+00
0.138402,standard_pd,-1.600923e+00,-2.493623e+00
0.138402,filtered_pd,-1.665389e+00,-3.739187e+00
0.139684,standard_pd,-1.571252e+00,-2.470110e+00
0.139684,filtered_pd,-1.635697e+00,-3.703906e+00
0.140977,standard_pd,-1.542121e+00,-2.446805e+00
0.140977,filtered_pd,-1.606543e+00,-3.668937e+00
0.142283,standard_pd,-1.513520e+00,-2.423705e+00
0.142283,filtered_pd,-1.577919e+00,-3.634276e+00
0.143601,standard_pd,-1.485440e+00,-2.400809e+00
0.143601,filtered_pd,-1.549815e+00,-3.599919e+00
0.144931,standard_pd,-1.457870e+00,-2.378114e+00
0.144931,filtered_pd,-1.522221e+00,-3.565864e+00
0.146273,standard_pd,-1.430802e+00,-2.355618e+00
0.146273,filtered_pd,-1.495128e+00,-3.532107e+00
0.147628,standard_pd,-1.404225e+00,-2.333319e+00
0.147628,filtered_pd,-1.468526e+00,-3.498647e+00
0.148996,standard_pd,-1.378132e+00,-2.311215e+00
0.148996,filtered_pd,-1.442407e+00,-3.465479e+00
0.150376,standard_pd,-1.352513e+00,-2.289304e+00
0.150376,filtered_pd,-1.416762e+00,-3.432601e+00
0.151768,standard_pd,-1.327360e+00,-2.267585e+00
0.151768,filtered_pd,-1.391581e+00,-3.400009e+00
0.153174,standard_pd,-1.302663e+00,-2.246055e+00
0.153174,filtered_pd,-1.366856e+00,-3.367701e+00
0.154593,standard_pd,-1.278415e+00,-2.224712e+00
0.154593,filtered_pd,-1.342579e+00,-3.335674e+00
0.156025,standard_pd,-1.254607e+00,-2.203555e+00
0.156025,filtered_pd,-1.318742e+00,-3.303925e+00
0.157470,standard_pd,-1.231231e+00,-2.182581e+00
0.157470,filtered_pd,-1.295335e+00,-3.272450e+00
0.158928,standard_pd,-1.208279e+00,-2.161788e+00
0.158928,filtered_pd,-1.272353e+00,-3.241248e+00
0.160400,standard_pd,-1.185743e+00,-2.141175e+00
0.160400,filtered_pd,-1.249785e+00,-3.210315e+00
0.161886,standard_pd,-1.163616e+00,-2.120739e+00
0.161886,filtered_pd,-1.227625e+00,-3.179648e+00
0.163385,standard_pd,-1.141889e+00,-2.100480e+00
0.163385,filtered_pd,-1.205866e+00,-3.149245e+00
0.164899,standard_pd,-1.120556e+00,-2.080394e+00
0.164899,filtered_pd,-1.184499e+00,-3.119102e+00
0.166426,standard_pd,-1.099610e+00,-2.060480e+00
0.166426,filtered_pd,-1.163517e+00,-3.089217e+00
0.167967,standard_pd,-1.079043e+00,-2.040736e+00
0.167967,filtered_pd,-1.142914e+00,-3.059587e+00
0.169523,standard_pd,-1.058847e+00,-2.021160e+00
0.169523,filtered_pd,-1.122681e+00,-3.030210e+00
0.171093,standard_pd,-1.039017e+00,-2.001751e+00
0.171093,filtered_pd,-1.102813e+00,-3.001081e+00
0.172678,standard_pd,-1.019545e+00,-1.982506e+00
0.172678,filtered_pd,-1.083302e+00,-2.972199e+00
0.174277,standard_pd,-1.000425e+00,-1.963424e+00
0.174277,filtered_pd,-1.064142e+00,-2.943561e+00
0.175892,standard_pd,-9.816496e-01,-1.944502e+00
0.175892,filtered_pd,-1.045326e+00,-2.915164e+00
0.177521,standard_pd,-9.632132e-01,-1.925739e+00
0.177521,filtered_pd,-1.026847e+00,-2.887005e+00
0.179165,standard_pd,-9.451090e-01,-1.907134e+00
0.179165,filtered_pd,-1.008699e+00,-2.859082e+00
0.180824,standard_pd,-9.273309e-01,-1.888683e+00
0.180824,filtered_pd,-9.908765e-01,-2.831391e+00
0.182499,standard_pd,-9.098729e-01,-1.870386e+00
0.182499,filtered_pd,-9.733724e-01,-2.803930e+00
0.184190,standard_pd,-8.927288e-01,-1.852240e+00
0.184190,filtered_pd,-9.561811e-01,-2.776696e+00
0.185896,standard_pd,-8.758927e-01,-1.834244e+00
0.185896,filtered_pd,-9.392964e-01,-2.749686e+00
0.187617,standard_pd,-8.593590e-01,-1.816396e+00
0.187617,filtered_pd,-9.227126e-01,-2.722898e+00
0.189355,standard_pd,-8.431218e-01,-1.798694e+00
0.189355,filtered_pd,-9.064239e-01,-2.696328e+00
0.191109,standard_pd,-8.271755e-01,-1.781135e+00
0.191109,filtered_pd,-8.904246e-01,-2.669974e+00
0.192879,standard_pd,-8.115147e-01,-1.763719e+00
0.192879,filtered_pd,-8.747091e-01,-2.643834e+00
0.194666,standard_pd,-7.961338e-01,-1.746443e+00
0.194666,filtered_pd,-8.592720e-01,-2.617903e+00
0.196469,standard_pd,-7.810276e-01,-1.729306e+00
0.196469,filtered_pd,-8.441078e-01,-2.592181e+00
0.198288,standard_pd,-7.661907e-01,-1.712305e+00
0.198288,filtered_pd,-8.292112e-01,-2.566662e+00
0.200125,standard_pd,-7.516181e-01,-1.695439e+00
0.200125,filtered_pd,-8.145769e-01,-2.541346e+00
0.201979,standard_pd,-7.373046e-01,-1.678705e+00
0.201979,filtered_pd,-8.001999e-01,-2.516228e+00
0.203849,standard_pd,-7.232452e-01,-1.662102e+00
0.203849,filtered_pd,-7.860749e-01,-2.491307e+00
0.205737,standard_pd,-7.094350e-01,-1.645628e+00
0.205737,filtered_pd,-7.721971e-01,-2.466578e+00
0.207643,standard_pd,-6.958692e-01,-1.629281e+00
0.207643,filtered_pd,-7.585613e-01,-2.442039e+00
0.209566,standard_pd,-6.825428e-01,-1.613058e+00
0.209566,filtered_pd,-7.451628e-01,-2.417688e+00
0.211507,standard_pd,-6.694513e-01,-1.596959e+00
0.211507,filtered_pd,-7.319968e-01,-2.393520e+00
0.213466,standard_pd,-6.565900e-01,-1.580980e+00
0.213466,filtered_pd,-7.190584e-01,-2.369534e+00
0.215443,standard_pd,-6.439542e-01,-1.565120e+00
0.215443,filtered_pd,-7.063430e-01,-2.345725e+00
0.217439,standard_pd,-6.315395e-01,-1.549376e+00
0.217439,filtered_pd,-6.938459e-01,-2.322091e+00
0.219453,standard_pd,-6.193414e-01,-1.533747e+00
0.219453,filtered_pd,-6.815626e-01,-2.298628e+00
0.221486,standard_pd,-6.073555e-01,-1.518230e+00
0.221486,filtered_pd,-6.694884e-01,-2.275334e+00
0.223537,standard_pd,-5.955775e-01,-1.502824e+00
0.223537,filtered_pd,-6.576190e-01,-2.252205e+00
0.225607,standard_pd,-5.840030e-01,-1.487525e+00
0.225607,filtered_pd,-6.459497e-01,-2.229237e+00
0.227697,standard_pd,-5.726278e-01,-1.472331e+00
0.227697,filtered_pd,-6.344763e-01,-2.206427e+00
0.229806,standard_pd,-5.614476e-01,-1.457241e+00
0.229806,filtered_pd,-6.231943e-01,-2.183771e+00
0.231935,standard_pd,-5.504583e-01,-1.442251e+00
0.231935,filtered_pd,-6.120993e-01,-2.161266e+00
0.234083,standard_pd,-5.396559e-01,-1.427360e+00
0.234083,filtered_pd,-6.011870e-01,-2.138908e+00
0.236251,standard_pd,-5.290360e-01,-1.412564e+00
0.236251,filtered_pd,-5.904532e-01,-2.116694e+00
0.238439,standard_pd,-5.185948e-01,-1.397861e+00
0.238439,filtered_pd,-5.798934e-01,-2.094618e+00
0.240648,standard_pd,-5.083281e-01,-1.383249e+00
0.240648,filtered_pd,-5.695034e-01,-2.072678e+00
0.242876,standard_pd,-4.982319e-01,-1.368723e+00
0.242876,filtered_pd,-5.592788e-01,-2.050868e+00
0.245126,standard_pd,-4.883022e-01,-1.354283e+00
0.245126,filtered_pd,-5.492155e-01,-2.029185e+00
0.247396,standard_pd,-4.785350e-01,-1.339923e+00
0.247396,filtered_pd,-5.393089e-01,-2.007624e+00
0.249688,standard_pd,-4.689262e-01,-1.325642e+00
0.249688,filtered_pd,-5.295548e-01,-1.986180e+00
0.252000,standard_pd,-4.594719e-01,-1.311436e+00
0.252000,filtered_pd,-5.199488e-01,-1.964847e+00
0.254335,standard_pd,-4.501680e-01,-1.297301e+00
0.254335,filtered_pd,-5.104865e-01,-1.943622e+00
0.256690,standard_pd,-4.410104e-01,-1.283234e+00
0.256690,filtered_pd,-5.011634e-01,-1.922498e+00
0.259068,standard_pd,-4.319952e-01,-1.269231e+00
0.259068,filtered_pd,-4.919748e-01,-1.901469e+00
0.261467,standard_pd,-4.231181e-01,-1.255288e+00
0.261467,filtered_pd,-4.829163e-01,-1.880530e+00
0.263889,standard_pd,-4.143749e-01,-1.241401e+00
0.263889,filtered_pd,-4.739830e-01,-1.859675e+00
0.266333,standard_pd,-4.057615e-01,-1.227564e+00
0.266333,filtered_pd,-4.651700e-01,-1.838895e+00
0.268800,standard_pd,-3.972735e-01,-1.213775e+00
0.268800,filtered_pd,-4.564724e-01,-1.818185e+00
0.271290,standard_pd,-3.889065e-01,-1.200027e+00
0.271290,filtered_pd,-4.478851e-01,-1.797537e+00
0.273803,standard_pd,-3.806559e-01,-1.186314e+00
0.273803,filtered_pd,-4.394026e-01,-1.776942e+00
0.276339,standard_pd,-3.725171e-01,-1.172633e+00
0.276339,filtered_pd,-4.310194e-01,-1.756392e+00
0.278898,standard_pd,-3.644852e-01,-1.158975e+00
0.278898,filtered_pd,-4.227297e-01,-1.735878e+00
0.281481,standard_pd,-3.565551e-01,-1.145334e+00
0.281481,filtered_pd,-4.145272e-01,-1.715389e+00
0.284088,standard_pd,-3.487216e-01,-1.131704e+00
0.284088,filtered_pd,-4.064057e-01,-1.694915e+00
0.286720,standard_pd,-3.409793e-01,-1.118076e+00
0.286720,filtered_pd,-3.983582e-01,-1.674443e+00
0.289375,standard_pd,-3.333222e-01,-1.104442e+00
0.289375,filtered_pd,-3.903773e-01,-1.653962e+00
0.292056,standard_pd,-3.257442e-01,-1.090793e+00
0.292056,filtered_pd,-3.824553e-01,-1.633458e+00
0.294761,standard_pd,-3.182387e-01,-1.077119e+00
0.294761,filtered_pd,-3.745837e-01,-1.612915e+00
0.297491,standard_pd,-3.107985e-01,-1.063408e+00
0.297491,filtered_pd,-3.667531e-01,-1.592316e+00
0.300246,standard_pd,-3.034161e-01,-1.049650e+00
0.300246,filtered_pd,-3.589537e-01,-1.571645e+00
0.303027,standard_pd,-2.960832e-01,-1.035830e+00
0.303027,filtered_pd,-3.511744e-01,-1.550881e+00
0.305834,standard_pd,-2.887905e-01,-1.021934e+00
0.305834,filtered_pd,-3.434030e-01,-1.530001e+00
0.308666,standard_pd,-2.815282e-01,-1.007946e+00
0.308666,filtered_pd,-3.356260e-01,-1.508981e+00
0.311525,standard_pd,-2.742850e-01,-9.938475e-01
0.311525,filtered_pd,-3.278281e-01,-1.487795e+00
0.314411,standard_pd,-2.670484e-01,-9.796183e-01
0.314411,filtered_pd,-3.199925e-01,-1.466411e+00
0.317323,standard_pd,-2.598046e-01,-9.652357e-01
0.317323,filtered_pd,-3.120996e-01,-1.444794e+00
0.320262,standard_pd,-2.525376e-01,-9.506740e-01
0.320262,filtered_pd,-3.041275e-01,-1.422908e+00
0.323228,standard_pd,-2.452293e-01,-9.359042e-01
0.323228,filtered_pd,-2.960506e-01,-1.400706e+00
0.326222,standard_pd,-2.378588e-01,-9.208933e-01
0.326222,filtered_pd,-2.878397e-01,-1.378141e+00
0.329244,standard_pd,-2.304018e-01,-9.056034e-01
0.329244,filtered_pd,-2.794604e-01,-1.355154e+00
0.332293,standard_pd,-2.228300e-01,-8.899912e-01
0.332293,filtered_pd,-2.708724e-01,-1.331679e+00
0.335371,standard_pd,-2.151098e-01,-8.740067e-01
0.335371,filtered_pd,-2.620279e-01,-1.307643e+00
0.338477,standard_pd,-2.072016e-01,-8.575916e-01
0.338477,filtered_pd,-2.528698e-01,-1.282955e+00
0.341612,standard_pd,-1.990572e-01,-8.406780e-01
0.341612,filtered_pd,-2.433291e-01,-1.257515e+00
0.344776,standard_pd,-1.906185e-01,-8.231862e-01
0.344776,filtered_pd,-2.333219e-01,-1.231200e+00
0.347970,standard_pd,-1.818142e-01,-8.050216e-01
0.347970,filtered_pd,-2.227449e-01,-1.203868e+00
0.351193,standard_pd,-1.725557e-01,-7.860717e-01
0.351193,filtered_pd,-2.114697e-01,-1.175348e+00
0.354446,standard_pd,-1.627318e-01,-7.662017e-01
0.354446,filtered_pd,-1.993348e-01,-1.145437e+00
0.357729,standard_pd,-1.522012e-01,-7.452482e-01
0.357729,filtered_pd,-1.861339e-01,-1.113885e+00
0.361042,standard_pd,-1.407813e-01,-7.230125e-01
0.361042,filtered_pd,-1.716008e-01,-1.080391e+00
0.364386,standard_pd,-1.282331e-01,-6.992499e-01
0.364386,filtered_pd,-1.553856e-01,-1.044584e+00
0.367761,standard_pd,-1.142379e-01,-6.736575e-01
0.367761,filtered_pd,-1.370212e-01,-1.006001e+00
0.371167,standard_pd,-9.836249e-02,-6.458568e-01
0.371167,filtered_pd,-1.158715e-01,-9.640667e-01
0.374605,standard_pd,-8.000574e-02,-6.153716e-01
0.374605,filtered_pd,-9.105214e-02,-9.180519e-01
0.378075,standard_pd,-5.831308e-02,-5.816002e-01
0.378075,filtered_pd,-6.130356e-02,-8.670348e-01
0.381576,standard_pd,-3.203669e-02,-5.437828e-01
0.381576,filtered_pd,-2.478301e-02,-8.098461e-01
0.385111,standard_pd,7.014541e-04,-5.009715e-01
0.385111,filtered_pd,2.128857e-02,-7.450187e-01
0.388678,standard_pd,4.282500e-02,-4.520306e-01
0.388678,filtered_pd,8.124721e-02,-6.707758e-01
0.392278,standard_pd,9.905750e-02,-3.957519e-01
0.392278,filtered_pd,1.621159e-01,-5.851835e-01
0.395911,standard_pd,1.773299e-01,-3.313594e-01
0.395911,filtered_pd,2.757210e-01,-4.868659e-01
0.399578,standard_pd,2.914085e-01,-2.602753e-01
0.399578,filtered_pd,4.426667e-01,-3.775712e-01
0.403279,standard_pd,4.653394e-01,-1.919843e-01
0.403279,filtered_pd,6.991346e-01,-2.708118e-01
0.407014,standard_pd,7.369982e-01,-1.627311e-01
0.407014,filtered_pd,1.102698e+00,-2.196994e-01
0.410784,standard_pd,1.132793e+00,-2.838957e-01
0.410784,filtered_pd,1.695851e+00,-3.899050e-01
0.414589,standard_pd,1.505603e+00,-7.585798e-01
0.414589,filtered_pd,2.264359e+00,-1.088868e+00
0.418429,standard_pd,1.406642e+00,-1.473847e+00
0.418429,filtered_pd,2.134682e+00,-2.160135e+00
0.422304,standard_pd,8.884399e-01,-1.835962e+00
0.422304,filtered_pd,1.369069e+00,-2.715278e+00
0.426216,standard_pd,4.476986e-01,-1.819249e+00
0.426216,filtered_pd,7.088490e-01,-2.702362e+00
0.430164,standard_pd,1.901758e-01,-1.686619e+00
0.430164,filtered_pd,3.192032e-01,-2.511267e+00
0.434148,standard_pd,4.911339e-02,-1.551029e+00
0.434148,filtered_pd,1.034861e-01,-2.312566e+00
0.438169,standard_pd,-2.988033e-02,-1.436839e+00
0.438169,filtered_pd,-1.889393e-02,-2.144136e+00
0.442227,standard_pd,-7.577840e-02,-1.344270e+00
0.442227,filtered_pd,-9.121470e-02,-2.007101e+00
0.446323,standard_pd,-1.032841e-01,-1.269079e+00
0.446323,filtered_pd,-1.355583e-01,-1.895523e+00
0.450457,standard_pd,-1.200759e-01,-1.207154e+00
0.450457,filtered_pd,-1.635085e-01,-1.803468e+00
0.454630,standard_pd,-1.303510e-01,-1.155293e+00
0.454630,filtered_pd,-1.814235e-01,-1.726272e+00
0.458840,standard_pd,-1.365120e-01,-1.111138e+00
0.458840,filtered_pd,-1.929577e-01,-1.660471e+00
0.463090,standard_pd,-1.399938e-01,-1.072963e+00
0.463090,filtered_pd,-2.003021e-01,-1.603530e+00
0.467380,standard_pd,-1.416856e-01,-1.039498e+00
0.467380,filtered_pd,-2.048203e-01,-1.553576e+00
0.471708,standard_pd,-1.421565e-01,-1.009800e+00
0.471708,filtered_pd,-2.073888e-01,-1.509214e+00
0.476078,standard_pd,-1.417814e-01,-9.831545e-01
0.476078,filtered_pd,-2.085873e-01,-1.469390e+00
0.480487,standard_pd,-1.408131e-01,-9.590168e-01
0.480487,filtered_pd,-2.088091e-01,-1.433293e+00
0.484937,standard_pd,-1.394259e-01,-9.369624e-01
0.484937,filtered_pd,-2.083262e-01,-1.400297e+00
0.489429,standard_pd,-1.377420e-01,-9.166577e-01
0.489429,filtered_pd,-2.073310e-01,-1.369905e+00
0.493962,standard_pd,-1.358486e-01,-8.978375e-01
0.493962,filtered_pd,-2.059613e-01,-1.341724e+00
0.498537,standard_pd,-1.338090e-01,-8.802878e-01
0.498537,filtered_pd,-2.043176e-01,-1.315436e+00
0.503155,standard_pd,-1.316691e-01,-8.638349e-01
0.503155,filtered_pd,-2.024740e-01,-1.290783e+00
0.507815,standard_pd,-1.294632e-01,-8.483360e-01
0.507815,filtered_pd,-2.004857e-01,-1.267552e+00
0.512519,standard_pd,-1.272167e-01,-8.336729e-01
0.512519,filtered_pd,-1.983942e-01,-1.245567e+00
0.517266,standard_pd,-1.249487e-01,-8.197467e-01
0.517266,filtered_pd,-1.962312e-01,-1.224682e+00
0.522057,standard_pd,-1.226736e-01,-8.064743e-01
0.522057,filtered_pd,-1.940207e-01,-1.204773e+00
0.526892,standard_pd,-1.204023e-01,-7.937852e-01
0.526892,filtered_pd,-1.917813e-01,-1.185734e+00
0.531772,standard_pd,-1.181431e-01,-7.816194e-01
0.531772,filtered_pd,-1.895273e-01,-1.167476e+00
0.536698,standard_pd,-1.159023e-01,-7.699251e-01
0.536698,filtered_pd,-1.872698e-01,-1.149922e+00
0.541669,standard_pd,-1.136846e-01,-7.586579e-01
0.541669,filtered_pd,-1.850173e-01,-1.133006e+00
0.546686,standard_pd,-1.114936e-01,-7.477791e-01
0.546686,filtered_pd,-1.827766e-01,-1.116670e+00
0.551749,standard_pd,-1.093319e-01,-7.372550e-01
0.551749,filtered_pd,-1.805528e-01,-1.100864e+00
0.556860,standard_pd,-1.072014e-01,-7.270559e-01
0.556860,filtered_pd,-1.783498e-01,-1.085543e+00
0.562017,standard_pd,-1.051036e-01,-7.171558e-01
0.562017,filtered_pd,-1.761708e-01,-1.070669e+00
0.567223,standard_pd,-1.030394e-01,-7.075317e-01
0.567223,filtered_pd,-1.740179e-01,-1.056208e+00
0.572477,standard_pd,-1.010093e-01,-6.981632e-01
0.572477,filtered_pd,-1.718929e-01,-1.042129e+00
0.577779,standard_pd,-9.901381e-02,-6.890320e-01
0.577779,filtered_pd,-1.697971e-01,-1.028404e+00
0.583131,standard_pd,-9.705292e-02,-6.801217e-01
0.583131,filtered_pd,-1.677312e-01,-1.015009e+00
0.588532,standard_pd,-9.512662e-02,-6.714178e-01
0.588532,filtered_pd,-1.656959e-01,-1.001923e+00
0.593983,standard_pd,-9.323472e-02,-6.629070e-01
0.593983,filtered_pd,-1.636914e-01,-9.891258e-01
0.599484,standard_pd,-9.137692e-02,-6.545773e-01
0.599484,filtered_pd,-1.617178e-01,-9.765994e-01
0.605037,standard_pd,-8.955287e-02,-6.464180e-01
0.605037,filtered_pd,-1.597751e-01,-9.643276e-01
0.610641,standard_pd,-8.776211e-02,-6.384192e-01
0.610641,filtered_pd,-1.578631e-01,-9.522959e-01
0.616297,standard_pd,-8.600416e-02,-6.305718e-01
0.616297,filtered_pd,-1.559816e-01,-9.404907e-01
0.622005,standard_pd,-8.427851e-02,-6.228676e-01
0.622005,filtered_pd,-1.541300e-01,-9.288997e-01
0.627766,standard_pd,-8.258458e-02,-6.152991e-01
0.627766,filtered_pd,-1.523080e-01,-9.175116e-01
0.633580,standard_pd,-8.092182e-02,-6.078593e-01
0.633580,filtered_pd,-1.505152e-01,-9.063161e-01
0.639449,standard_pd,-7.928962e-02,-6.005418e-01
0.639449,filtered_pd,-1.487508e-01,-8.953035e-01
0.645372,standard_pd,-7.768738e-02,-5.933405e-01
0.645372,filtered_pd,-1.470144e-01,-8.844648e-01
0.651349,standard_pd,-7.611450e-02,-5.862500e-01
0.651349,filtered_pd,-1.453054e-01,-8.737920e-01
0.657382,standard_pd,-7.457037e-02,-5.792651e-01
0.657382,filtered_pd,-1.436230e-01,-8.632772e-01
0.663471,standard_pd,-7.305436e-02,-5.723810e-01
0.663471,filtered_pd,-1.419668e-01,-8.529132e-01
0.669616,standard_pd,-7.156586e-02,-5.655932e-01
0.669616,filtered_pd,-1.403358e-01,-8.426934e-01
0.675818,standard_pd,-7.010427e-02,-5.588974e-01
0.675818,filtered_pd,-1.387296e-01,-8.326115e-01
0.682078,standard_pd,-6.866897e-02,-5.522897e-01
0.682078,filtered_pd,-1.371474e-01,-8.226614e-01
0.688395,standard_pd,-6.725936e-02,-5.457662e-01
0.688395,filtered_pd,-1.355885e-01,-8.128375e-01
0.694771,standard_pd,-6.587484e-02,-5.393235e-01
0.694771,filtered_pd,-1.340521e-01,-8.031346e-01
0.701206,standard_pd,-6.451481e-02,-5.329581e-01
0.701206,filtered_pd,-1.325377e-01,-7.935476e-01
0.707701,standard_pd,-6.317868e-02,-5.266668e-01
0.707701,filtered_pd,-1.310444e-01,-7.840717e-01
0.714256,standard_pd,-6.186587e-02,-5.204465e-01
0.714256,filtered_pd,-1.295714e-01,-7.747023e-01
0.720872,standard_pd,-6.057578e-02,-5.142943e-01
0.720872,filtered_pd,-1.281182e-01,-7.654349e-01
0.727548,standard_pd,-5.930786e-02,-5.082074e-01
0.727548,filtered_pd,-1.266839e-01,-7.562655e-01
0.734287,standard_pd,-5.806152e-02,-5.021829e-01
0.734287,filtered_pd,-1.252678e-01,-7.471898e-01
0.741088,standard_pd,-5.683619e-02,-4.962182e-01
0.741088,filtered_pd,-1.238691e-01,-7.382040e-01
0.747952,standard_pd,-5.563132e-02,-4.903108e-01
0.747952,filtered_pd,-1.224870e-01,-7.293042e-01
0.754880,standard_pd,-5.444633e-02,-4.844581e-01
0.754880,filtered_pd,-1.211209e-01,-7.204867e-01
0.761872,standard_pd,-5.328066e-02,-4.786577e-01
0.761872,filtered_pd,-1.197698e-01,-7.117479e-01
0.768928,standard_pd,-5.213376e-02,-4.729071e-01
0.768928,filtered_pd,-1.184330e-01,-7.030841e-01
0.776050,standard_pd,-5.100507e-02,-4.672041e-01
0.776050,filtered_pd,-1.171096e-01,-6.944920e-01
0.783238,standard_pd,-4.989402e-02,-4.615462e-01
0.783238,filtered_pd,-1.157989e-01,-6.859679e-01
0.790493,standard_pd,-4.880006e-02,-4.559311e-01
0.790493,filtered_pd,-1.145000e-01,-6.775085e-01
0.797814,standard_pd,-4.772262e-02,-4.503565e-01
0.797814,filtered_pd,-1.132119e-01,-6.691104e-01
0.805204,standard_pd,-4.666112e-02,-4.448201e-01
0.805204,filtered_pd,-1.119339e-01,-6.607701e-01
0.812662,standard_pd,-4.561501e-02,-4.393195e-01
0.812662,filtered_pd,-1.106649e-01,-6.524842e-01
0.820189,standard_pd,-4.458369e-02,-4.338523e-01
0.820189,filtered_pd,-1.094041e-01,-6.442492e-01
0.827786,standard_pd,-4.356657e-02,-4.284163e-01
0.827786,filtered_pd,-1.081503e-01,-6.360617e-01
0.835453,standard_pd,-4.256306e-02,-4.230089e-01
0.835453,filtered_pd,-1.069027e-01,-6.279181e-01
0.843191,standard_pd,-4.157254e-02,-4.176278e-01
0.843191,filtered_pd,-1.056600e-01,-6.198148e-01
0.851001,standard_pd,-4.059438e-02,-4.122703e-01
0.851001,filtered_pd,-1.044212e-01,-6.117481e-01
0.858883,standard_pd,-3.962793e-02,-4.069339e-01
0.858883,filtered_pd,-1.031852e-01,-6.037142e-01
0.866838,standard_pd,-3.867254e-02,-4.016159e-01
0.866838,filtered_pd,-1.019506e-01,-5.957092e-01
0.874867,standard_pd,-3.772750e-02,-3.963134e-01
0.874867,filtered_pd,-1.007161e-01,-5.877290e-01
0.882970,standard_pd,-3.679210e-02,-3.910237e-01
0.882970,filtered_pd,-9.948039e-02,-5.797694e-01
0.891148,standard_pd,-3.586558e-02,-3.857436e-01
0.891148,filtered_pd,-9.824196e-02,-5.718261e-01
0.899402,standard_pd,-3.494717e-02,-3.804699e-01
0.899402,filtered_pd,-9.699924e-02,-5.638944e-01
0.907733,standard_pd,-3.403603e-02,-3.751994e-01
0.907733,filtered_pd,-9.575054e-02,-5.559694e-01
0.916140,standard_pd,-3.313128e-02,-3.699284e-01
0.916140,filtered_pd,-9.449406e-02,-5.480461e-01
0.924626,standard_pd,-3.223200e-02,-3.646533e-01
0.924626,filtered_pd,-9.322786e-02,-5.401190e-01
0.933190,standard_pd,-3.133719e-02,-3.593699e-01
0.933190,filtered_pd,-9.194983e-02,-5.321823e-01
0.941833,standard_pd,-3.044577e-02,-3.540740e-01
0.941833,filtered_pd,-9.065770e-02,-5.242300e-01
0.950557,standard_pd,-2.955661e-02,-3.487609e-01
0.950557,filtered_pd,-8.934897e-02,-5.162553e-01
0.959361,standard_pd,-2.866844e-02,-3.434259e-01
0.959361,filtered_pd,-8.802096e-02,-5.082512e-01
0.968247,standard_pd,-2.777992e-02,-3.380634e-01
0.968247,filtered_pd,-8.667067e-02,-5.002100e-01
0.977215,standard_pd,-2.688956e-02,-3.326677e-01
0.977215,filtered_pd,-8.529485e-02,-4.921235e-01
0.986266,standard_pd,-2.599573e-02,-3.272324e-01
0.986266,filtered_pd,-8.388989e-02,-4.839826e-01
0.995401,standard_pd,-2.509662e-02,-3.217507e-01
0.995401,filtered_pd,-8.245178e-02,-4.757774e-01
1.004620,standard_pd,-2.419022e-02,-3.162150e-01
1.004620,filtered_pd,-8.097608e-02,-4.674972e-01
1.013925,standard_pd,-2.327431e-02,-3.106169e-01
1.013925,filtered_pd,-7.945780e-02,-4.591301e-01
1.023317,standard_pd,-2.234636e-02,-3.049472e-01
1.023317,filtered_pd,-7.789136e-02,-4.506631e-01
1.032795,standard_pd,-2.140355e-02,-2.991957e-01
1.032795,filtered_pd,-7.627046e-02,-4.420816e-01
1.042361,standard_pd,-2.044265e-02,-2.933510e-01
1.042361,filtered_pd,-7.458800e-02,-4.333696e-01
1.052015,standard_pd,-1.946001e-02,-2.874004e-01
1.052015,filtered_pd,-7.283585e-02,-4.245091e-01
1.061759,standard_pd,-1.845140e-02,-2.813297e-01
1.061759,filtered_pd,-7.100476e-02,-4.154799e-01
1.071593,standard_pd,-1.741197e-02,-2.751227e-01
1.071593,filtered_pd,-6.908411e-02,-4.062594e-01
1.081519,standard_pd,-1.633608e-02,-2.687612e-01
1.081519,filtered_pd,-6.706162e-02,-3.968219e-01
1.091536,standard_pd,-1.521715e-02,-2.622244e-01
1.091536,filtered_pd,-6.492303e-02,-3.871382e-01
1.101646,standard_pd,-1.404741e-02,-2.554887e-01
1.101646,filtered_pd,-6.265169e-02,-3.771752e-01
1.111850,standard_pd,-1.281768e-02,-2.485268e-01
1.111850,filtered_pd,-6.022806e-02,-3.668947e-01
1.122148,standard_pd,-1.151701e-02,-2.413071e-01
1.122148,filtered_pd,-5.762898e-02,-3.562526e-01
1.132541,standard_pd,-1.013223e-02,-2.337931e-01
1.132541,filtered_pd,-5.482687e-02,-3.451981e-01
1.143031,standard_pd,-8.647367e-03,-2.259420e-01
1.143031,filtered_pd,-5.178862e-02,-3.336714e-01
1.153618,standard_pd,-7.042885e-03,-2.177032e-01
1.153618,filtered_pd,-4.847413e-02,-3.216027e-01
1.164303,standard_pd,-5.294667e-03,-2.090171e-01
1.164303,filtered_pd,-4.483439e-02,-3.089093e-01
1.175087,standard_pd,-3.372624e-03,-1.998121e-01
1.175087,filtered_pd,-4.080897e-02,-2.954926e-01
1.185971,standard_pd,-1.238794e-03,-1.900023e-01
1.185971,filtered_pd,-3.632249e-02,-2.812346e-01
1.196956,standard_pd,1.155300e-03,-1.794830e-01
1.196956,filtered_pd,-3.127987e-02,-2.659920e-01
1.208042,standard_pd,3.872409e-03,-1.681260e-01
1.208042,filtered_pd,-2.555956e-02,-2.495899e-01
1.219231,standard_pd,6.994963e-03,-1.557721e-01
1.219231,filtered_pd,-1.900403e-02,-2.318125e-01
1.230524,standard_pd,1.063306e-02,-1.422218e-01
1.230524,filtered_pd,-1.140576e-02,-2.123907e-01
1.241921,standard_pd,1.493645e-02,-1.272216e-01
1.241921,filtered_pd,-2.486494e-03,-1.909850e-01
1.253424,standard_pd,2.011317e-02,-1.104452e-01
1.253424,filtered_pd,8.134443e-03,-1.671617e-01
1.265034,standard_pd,2.645903e-02,-9.146643e-02
1.265034,filtered_pd,2.098987e-02,-1.403598e-01
1.276751,standard_pd,3.440616e-02,-6.971939e-02
1.276751,filtered_pd,3.684527e-02,-1.098437e-01
1.288576,standard_pd,4.460575e-02,-4.444073e-02
1.288576,filtered_pd,5.683388e-02,-7.463640e-02
1.300511,standard_pd,5.807493e-02,-1.458361e-02
1.300511,filtered_pd,8.269284e-02,-3.342631e-02
1.312557,standard_pd,7.647080e-02,2.130685e-02
1.312557,filtered_pd,1.171952e-01,1.555395e-02
1.324714,standard_pd,1.026294e-01,6.526120e-02
1.324714,filtered_pd,1.649828e-01,7.465202e-02
1.336984,standard_pd,1.416928e-01,1.200471e-01
1.336984,filtered_pd,2.342634e-01,1.467774e-01
1.349367,standard_pd,2.036138e-01,1.890032e-01
1.349367,filtered_pd,3.404653e-01,2.345868e-01
1.361865,standard_pd,3.089760e-01,2.739052e-01
1.361865,filtered_pd,5.143292e-01,3.360152e-01
1.374479,standard_pd,5.017057e-01,3.627731e-01
1.374479,filtered_pd,8.178707e-01,4.234143e-01
1.387210,standard_pd,8.587636e-01,3.720136e-01
1.387210,filtered_pd,1.345502e+00,3.560747e-01
1.400058,standard_pd,1.325657e+00,7.922091e-03
1.400058,filtered_pd,1.950102e+00,-2.864821e-01
1.413026,standard_pd,1.268628e+00,-7.312589e-01
1.413026,filtered_pd,1.697212e+00,-1.362687e+00
1.426114,standard_pd,7.598359e-01,-1.018619e+00
1.426114,filtered_pd,8.812780e-01,-1.670219e+00
1.439323,standard_pd,4.134527e-01,-9.612519e-01
1.439323,filtered_pd,3.831323e-01,-1.506622e+00
1.452654,standard_pd,2.369990e-01,-8.496099e-01
1.452654,filtered_pd,1.477900e-01,-1.301687e+00
1.466109,standard_pd,1.448340e-01,-7.533170e-01
1.466109,filtered_pd,3.319340e-02,-1.138547e+00
1.479688,standard_pd,9.295623e-02,-6.781466e-01
1.479688,filtered_pd,-2.682238e-02,-1.015704e+00
1.493393,standard_pd,6.162919e-02,-6.197407e-01
1.493393,filtered_pd,-6.035451e-02,-9.222439e-01
1.507225,standard_pd,4.158745e-02,-5.735964e-01
1.507225,filtered_pd,-8.003462e-02,-8.494238e-01
1.521186,standard_pd,2.815927e-02,-5.363720e-01
1.521186,filtered_pd,-9.198805e-02,-7.912553e-01
1.535275,standard_pd,1.882365e-02,-5.057306e-01
1.535275,filtered_pd,-9.939886e-02,-7.437209e-01
1.549495,standard_pd,1.213768e-02,-4.800431e-01
1.549495,filtered_pd,-1.040232e-01,-7.040910e-01
1.563847,standard_pd,7.233010e-03,-4.581576e-01
1.563847,filtered_pd,-1.068789e-01,-6.704708e-01
1.578331,standard_pd,3.564447e-03,-4.392451e-01
1.578331,filtered_pd,-1.085810e-01,-6.415139e-01
1.592950,standard_pd,7.770132e-04,-4.226966e-01
1.592950,filtered_pd,-1.095143e-01,-6.162424e-01
1.607704,standard_pd,-1.367715e-03,-4.080568e-01
1.607704,filtered_pd,-1.099267e-01,-5.939309e-01
1.622595,standard_pd,-3.034258e-03,-3.949795e-01
1.622595,filtered_pd,-1.099819e-01,-5.740315e-01
1.637624,standard_pd,-4.338846e-03,-3.831968e-01
1.637624,filtered_pd,-1.097904e-01,-5.561231e-01
1.652792,standard_pd,-5.365309e-03,-3.724988e-01
1.652792,filtered_pd,-1.094280e-01,-5.398773e-01
1.668101,standard_pd,-6.175229e-03,-3.627189e-01
1.668101,filtered_pd,-1.089478e-01,-5.250344e-01
1.683551,standard_pd,-6.814583e-03,-3.537230e-01
1.683551,filtered_pd,-1.083870e-01,-5.113862e-01
1.699144,standard_pd,-7.318204e-03,-3.454023e-01
1.699144,filtered_pd,-1.077723e-01,-4.987645e-01
1.714882,standard_pd,-7.712833e-03,-3.376675e-01
1.714882,filtered_pd,-1.071228e-01,-4.870315e-01
1.730766,standard_pd,-8.019239e-03,-3.304445e-01
1.730766,filtered_pd,-1.064524e-01,-4.760735e-01
1.746796,standard_pd,-8.253728e-03,-3.236716e-01
1.746796,filtered_pd,-1.057711e-01,-4.657956e-01
1.762975,standard_pd,-8.429231e-03,-3.172969e-01
1.762975,filtered_pd,-1.050862e-01,-4.561183e-01
1.779304,standard_pd,-8.556089e-03,-3.112764e-01
1.779304,filtered_pd,-1.044030e-01,-4.469745e-01
1.795785,standard_pd,-8.642644e-03,-3.055725e-01
1.795785,filtered_pd,-1.037254e-01,-4.383068e-01
1.812418,standard_pd,-8.695672e-03,-3.001530e-01
1.812418,filtered_pd,-1.030560e-01,-4.300663e-01
1.829205,standard_pd,-8.720720e-03,-2.949902e-01
1.829205,filtered_pd,-1.023968e-01,-4.222108e-01
1.846147,standard_pd,-8.722352e-03,-2.900599e-01
1.846147,filtered_pd,-1.017490e-01,-4.147036e-01
1.863246,standard_pd,-8.704348e-03,-2.853411e-01
1.863246,filtered_pd,-1.011135e-01,-4.075128e-01
1.880504,standard_pd,-8.669856e-03,-2.808155e-01
1.880504,filtered_pd,-1.004908e-01,-4.006108e-01
1.897922,standard_pd,-8.621509e-03,-2.764668e-01
1.897922,filtered_pd,-9.988110e-02,-3.939729e-01
1.915501,standard_pd,-8.561521e-03,-2.722808e-01
1.915501,filtered_pd,-9.928454e-02,-3.875776e-01
1.933242,standard_pd,-8.491759e-03,-2.682447e-01
1.933242,filtered_pd,-9.870099e-02,-3.814058e-01
1.951148,standard_pd,-8.413807e-03,-2.643473e-01
1.951148,filtered_pd,-9.813028e-02,-3.754405e-01
1.969220,standard_pd,-8.329009e-03,-2.605786e-01
1.969220,filtered_pd,-9.757214e-02,-3.696665e-01
1.987460,standard_pd,-8.238515e-03,-2.569294e-01
1.987460,filtered_pd,-9.702625e-02,-3.640703e-01
2.005868,standard_pd,-8.143307e-03,-2.533918e-01
2.005868,filtered_pd,-9.649226e-02,-3.586396e-01
2.024447,standard_pd,-8.044226e-03,-2.499583e-01
2.024447,filtered_pd,-9.596978e-02,-3.533635e-01
2.043197,standard_pd,-7.941998e-03,-2.466225e-01
2.043197,filtered_pd,-9.545843e-02,-3.482320e-01
2.062122,standard_pd,-7.837247e-03,-2.433782e-01
2.062122,filtered_pd,-9.495781e-02,-3.432363e-01
2.081222,standard_pd,-7.730512e-03,-2.402200e-01
2.081222,filtered_pd,-9.446750e-02,-3.383681e-01
2.100498,standard_pd,-7.622260e-03,-2.371431e-01
2.100498,filtered_pd,-9.398710e-02,-3.336200e-01
2.119953,standard_pd,-7.512894e-03,-2.341428e-01
2.119953,filtered_pd,-9.351622e-02,-3.289853e-01
2.139589,standard_pd,-7.402764e-03,-2.312151e-01
2.139589,filtered_pd,-9.305446e-02,-3.244577e-01
2.159406,standard_pd,-7.292174e-03,-2.283560e-01
2.159406,filtered_pd,-9.260145e-02,-3.200315e-01
2.179407,standard_pd,-7.181389e-03,-2.255622e-01
2.179407,filtered_pd,-9.215680e-02,-3.157017e-01
2.199593,standard_pd,-7.070636e-03,-2.228304e-01
2.199593,filtered_pd,-9.172017e-02,-3.114633e-01
2.219966,standard_pd,-6.960116e-03,-2.201577e-01
2.219966,filtered_pd,-9.129120e-02,-3.073119e-01
2.240528,standard_pd,-6.850001e-03,-2.175412e-01
2.240528,filtered_pd,-9.086955e-02,-3.032435e-01
2.261280,standard_pd,-6.740440e-03,-2.149785e-01
2.261280,filtered_pd,-9.045489e-02,-2.992542e-01
2.282224,standard_pd,-6.631564e-03,-2.124673e-01
2.282224,filtered_pd,-9.004691e-02,-2.953406e-01
2.303363,standard_pd,-6.523486e-03,-2.100052e-01
2.303363,filtered_pd,-8.964531e-02,-2.914993e-01
2.324697,standard_pd,-6.416301e-03,-2.075903e-01
2.324697,filtered_pd,-8.924979e-02,-2.877275e-01
2.346229,standard_pd,-6.310094e-03,-2.052207e-01
2.346229,filtered_pd,-8.886007e-02,-2.840221e-01
2.367960,standard_pd,-6.204937e-03,-2.028945e-01
2.367960,filtered_pd,-8.847588e-02,-2.803807e-01
2.389893,standard_pd,-6.100890e-03,-2.006102e-01
2.389893,filtered_pd,-8.809695e-02,-2.768007e-01
2.412028,standard_pd,-5.998006e-03,-1.983662e-01
2.412028,filtered_pd,-8.772304e-02,-2.732798e-01
2.434369,standard_pd,-5.896328e-03,-1.961610e-01
2.434369,filtered_pd,-8.735391e-02,-2.698160e-01
2.456916,standard_pd,-5.795893e-03,-1.939932e-01
2.456916,filtered_pd,-8.698930e-02,-2.664070e-01
2.479673,standard_pd,-5.696732e-03,-1.918616e-01
2.479673,filtered_pd,-8.662902e-02,-2.630511e-01
2.502640,standard_pd,-5.598868e-03,-1.897650e-01
2.502640,filtered_pd,-8.627282e-02,-2.597465e-01
2.525820,standard_pd,-5.502322e-03,-1.877021e-01
2.525820,filtered_pd,-8.592052e-02,-2.564915e-01
2.549215,standard_pd,-5.407109e-03,-1.856720e-01
2.549215,filtered_pd,-8.557189e-02,-2.532844e-01
2.572826,standard_pd,-5.313240e-03,-1.836736e-01
2.572826,filtered_pd,-8.522676e-02,-2.501238e-01
2.596656,standard_pd,-5.220724e-03,-1.817059e-01
2.596656,filtered_pd,-8.488493e-02,-2.470083e-01
2.620707,standard_pd,-5.129564e-03,-1.797681e-01
2.620707,filtered_pd,-8.454623e-02,-2.439365e-01
2.644980,standard_pd,-5.039762e-03,-1.778592e-01
2.644980,filtered_pd,-8.421046e-02,-2.409071e-01
2.669478,standard_pd,-4.951320e-03,-1.759785e-01
2.669478,filtered_pd,-8.387748e-02,-2.379190e-01
2.694204,standard_pd,-4.864233e-03,-1.741252e-01
2.694204,filtered_pd,-8.354711e-02,-2.349710e-01
2.719158,standard_pd,-4.778498e-03,-1.722984e-01
2.719158,filtered_pd,-8.321920e-02,-2.320621e-01
2.744343,standard_pd,-4.694108e-03,-1.704976e-01
2.744343,filtered_pd,-8.289359e-02,-2.291911e-01
2.769762,standard_pd,-4.611055e-03,-1.687221e-01
2.769762,filtered_pd,-8.257014e-02,-2.263572e-01
2.795416,standard_pd,-4.529332e-03,-1.669711e-01
2.795416,filtered_pd,-8.224870e-02,-2.235593e-01
2.821308,standard_pd,-4.448928e-03,-1.652441e-01
2.821308,filtered_pd,-8.192914e-02,-2.207966e-01
2.847439,standard_pd,-4.369832e-03,-1.635405e-01
2.847439,filtered_pd,-8.161132e-02,-2.180683e-01
2.873813,standard_pd,-4.292032e-03,-1.618598e-01
2.873813,filtered_pd,-8.129511e-02,-2.153734e-01
2.900430,standard_pd,-4.215515e-03,-1.602013e-01
2.900430,filtered_pd,-8.098039e-02,-2.127114e-01
2.927295,standard_pd,-4.140268e-03,-1.585647e-01
2.927295,filtered_pd,-8.066704e-02,-2.100814e-01
2.954408,standard_pd,-4.066278e-03,-1.569493e-01
2.954408,filtered_pd,-8.035493e-02,-2.074827e-01
2.981772,standard_pd,-3.993529e-03,-1.553548e-01
2.981772,filtered_pd,-8.004395e-02,-2.049146e-01
3.009390,standard_pd,-3.922008e-03,-1.537807e-01
3.009390,filtered_pd,-7.973400e-02,-2.023765e-01
3.037264,standard_pd,-3.851698e-03,-1.522265e-01
3.037264,filtered_pd,-7.942496e-02,-1.998678e-01
3.065395,standard_pd,-3.782586e-03,-1.506918e-01
3.065395,filtered_pd,-7.911673e-02,-1.973878e-01
3.093788,standard_pd,-3.714654e-03,-1.491762e-01
3.093788,filtered_pd,-7.880921e-02,-1.949361e-01
3.122443,standard_pd,-3.647887e-03,-1.476794e-01
3.122443,filtered_pd,-7.850230e-02,-1.925120e-01
3.151363,standard_pd,-3.582269e-03,-1.462009e-01
3.151363,filtered_pd,-7.819591e-02,-1.901151e-01
3.180552,standard_pd,-3.517784e-03,-1.447404e-01
3.180552,filtered_pd,-7.788993e-02,-1.877447e-01
3.210011,standard_pd,-3.454416e-03,-1.432976e-01
3.210011,filtered_pd,-7.758429e-02,-1.854005e-01
3.239743,standard_pd,-3.392148e-03,-1.418721e-01
3.239743,filtered_pd,-7.727889e-02,-1.830820e-01
3.269750,standard_pd,-3.330965e-03,-1.404635e-01
3.269750,filtered_pd,-7.697366e-02,-1.807887e-01
3.300035,standard_pd,-3.270850e-03,-1.390717e-01
3.300035,filtered_pd,-7.666850e-02,-1.785201e-01
3.330600,standard_pd,-3.211788e-03,-1.376962e-01
3.330600,filtered_pd,-7.636334e-02,-1.762760e-01
3.361449,standard_pd,-3.153760e-03,-1.363368e-01
3.361449,filtered_pd,-7.605810e-02,-1.740557e-01
3.392583,standard_pd,-3.096753e-03,-1.349932e-01
3.392583,filtered_pd,-7.575271e-02,-1.718591e-01
3.424006,standard_pd,-3.040750e-03,-1.336651e-01
3.424006,filtered_pd,-7.544709e-02,-1.696857e-01
3.455720,standard_pd,-2.985734e-03,-1.323522e-01
3.455720,filtered_pd,-7.514117e-02,-1.675351e-01
3.487727,standard_pd,-2.931691e-03,-1.310544e-01
3.487727,filtered_pd,-7.483489e-02,-1.654069e-01
3.520031,standard_pd,-2.878605e-03,-1.297713e-01
3.520031,filtered_pd,-7.452817e-02,-1.633010e-01
3.552635,standard_pd,-2.826459e-03,-1.285027e-01
3.552635,filtered_pd,-7.422095e-02,-1.612168e-01
3.585540,standard_pd,-2.775240e-03,-1.272483e-01
3.585540,filtered_pd,-7.391318e-02,-1.591542e-01
3.618750,standard_pd,-2.724931e-03,-1.260080e-01
3.618750,filtered_pd,-7.360479e-02,-1.571128e-01
3.652267,standard_pd,-2.675517e-03,-1.247815e-01
3.652267,filtered_pd,-7.329571e-02,-1.550923e-01
3.686095,standard_pd,-2.626984e-03,-1.235686e-01
3.686095,filtered_pd,-7.298591e-02,-1.530924e-01
3.720237,standard_pd,-2.579318e-03,-1.223691e-01
3.720237,filtered_pd,-7.267531e-02,-1.511129e-01
3.754694,standard_pd,-2.532502e-03,-1.211827e-01
3.754694,filtered_pd,-7.236387e-02,-1.491535e-01
3.789471,standard_pd,-2.486524e-03,-1.200093e-01
3.789471,filtered_pd,-7.205154e-02,-1.472139e-01
3.824570,standard_pd,-2.441369e-03,-1.188487e-01
3.824570,filtered_pd,-7.173827e-02,-1.452938e-01
3.859994,standard_pd,-2.397023e-03,-1.177007e-01
3.859994,filtered_pd,-7.142401e-02,-1.433932e-01
3.895746,standard_pd,-2.353472e-03,-1.165651e-01
3.895746,filtered_pd,-7.110872e-02,-1.415116e-01
3.931829,standard_pd,-2.310703e-03,-1.154418e-01
3.931829,filtered_pd,-7.079235e-02,-1.396489e-01
3.968246,standard_pd,-2.268702e-03,-1.143304e-01
3.968246,filtered_pd,-7.047486e-02,-1.378049e-01
4.005001,standard_pd,-2.227456e-03,-1.132310e-01
4.005001,filtered_pd,-7.015621e-02,-1.359794e-01
4.042096,standard_pd,-2.186952e-03,-1.121432e-01
4.042096,filtered_pd,-6.983637e-02,-1.341720e-01
4.079535,standard_pd,-2.147177e-03,-1.110670e-01
4.079535,filtered_pd,-6.951529e-02,-1.323828e-01
4.117320,standard_pd,-2.108118e-03,-1.100022e-01
4.117320,filtered_pd,-6.919295e-02,-1.306114e-01
4.155455,standard_pd,-2.069763e-03,-1.089485e-01
4.155455,filtered_pd,-6.886930e-02,-1.288576e-01
4.193944,standard_pd,-2.032100e-03,-1.079060e-01
4.193944,filtered_pd,-6.854433e-02,-1.271213e-01
4.232789,standard_pd,-1.995117e-03,-1.068744e-01
4.232789,filtered_pd,-6.821799e-02,-1.254024e-01
4.271994,standard_pd,-1.958801e-03,-1.058535e-01
4.271994,filtered_pd,-6.789027e-02,-1.237005e-01
4.311562,standard_pd,-1.923141e-03,-1.048433e-01
4.311562,filtered_pd,-6.756113e-02,-1.220157e-01
4.351497,standard_pd,-1.888126e-03,-1.038436e-01
4.351497,filtered_pd,-6.723055e-02,-1.203476e-01
4.391801,standard_pd,-1.853744e-03,-1.028542e-01
4.391801,filtered_pd,-6.689851e-02,-1.186962e-01
4.432479,standard_pd,-1.819983e-03,-1.018751e-01
4.432479,filtered_pd,-6.656499e-02,-1.170613e-01
4.473533,standard_pd,-1.786833e-03,-1.009060e-01
4.473533,filtered_pd,-6.622997e-02,-1.154427e-01
4.514968,standard_pd,-1.754284e-03,-9.994688e-02
4.514968,filtered_pd,-6.589343e-02,-1.138404e-01
4.556786,standard_pd,-1.722324e-03,-9.899759e-02
4.556786,filtered_pd,-6.555536e-02,-1.122541e-01
4.598992,standard_pd,-1.690943e-03,-9.805800e-02
4.598992,filtered_pd,-6.521573e-02,-1.106837e-01
4.641589,standard_pd,-1.660130e-03,-9.712800e-02
4.641589,filtered_pd,-6.487455e-02,-1.091291e-01
4.684580,standard_pd,-1.629876e-03,-9.620745e-02
4.684580,filtered_pd,-6.453179e-02,-1.075902e-01
4.727970,standard_pd,-1.600171e-03,-9.529625e-02
4.727970,filtered_pd,-6.418745e-02,-1.060668e-01
4.771761,standard_pd,-1.571004e-03,-9.439428e-02
4.771761,filtered_pd,-6.384153e-02,-1.045589e-01
4.815958,standard_pd,-1.542367e-03,-9.350143e-02
4.815958,filtered_pd,-6.349401e-02,-1.030663e-01
4.860564,standard_pd,-1.514249e-03,-9.261758e-02
4.860564,filtered_pd,-6.314489e-02,-1.015888e-01
4.905584,standard_pd,-1.486642e-03,-9.174263e-02
4.905584,filtered_pd,-6.279417e-02,-1.001264e-01
4.951020,standard_pd,-1.459536e-03,-9.087646e-02
4.951020,filtered_pd,-6.244185e-02,-9.867900e-02
4.996877,standard_pd,-1.432922e-03,-9.001898e-02
4.996877,filtered_pd,-6.208793e-02,-9.724643e-02
5.043159,standard_pd,-1.406792e-03,-8.917008e-02
5.043159,filtered_pd,-6.173242e-02,-9.582862e-02
5.089870,standard_pd,-1.381136e-03,-8.832966e-02
5.089870,filtered_pd,-6.137531e-02,-9.442545e-02
5.137014,standard_pd,-1.355947e-03,-8.749762e-02
5.137014,filtered_pd,-6.101661e-02,-9.303683e-02
5.184594,standard_pd,-1.331216e-03,-8.667386e-02
5.184594,filtered_pd,-6.065633e-02,-9.166267e-02
5.232614,standard_pd,-1.306934e-03,-8.585828e-02
5.232614,filtered_pd,-6.029448e-02,-9.030286e-02
5.281080,standard_pd,-1.283094e-03,-8.505079e-02
5.281080,filtered_pd,-5.993108e-02,-8.895731e-02
5.329994,standard_pd,-1.259688e-03,-8.425129e-02
5.329994,filtered_pd,-5.956612e-02,-8.762594e-02
5.379362,standard_pd,-1.236707e-03,-8.345970e-02
5.379362,filtered_pd,-5.919963e-02,-8.630865e-02
5.429186,standard_pd,-1.214145e-03,-8.267593e-02
5.429186,filtered_pd,-5.883163e-02,-8.500536e-02
5.479472,standard_pd,-1.191992e-03,-8.189987e-02
5.479472,filtered_pd,-5.846212e-02,-8.371598e-02
5.530224,standard_pd,-1.170244e-03,-8.113146e-02
5.530224,filtered_pd,-5.809113e-02,-8.244043e-02
5.581446,standard_pd,-1.148891e-03,-8.037059e-02
5.581446,filtered_pd,-5.771868e-02,-8.117862e-02
5.633143,standard_pd,-1.127926e-03,-7.961719e-02
5.633143,filtered_pd,-5.734478e-02,-7.993047e-02
5.685318,standard_pd,-1.107344e-03,-7.887118e-02
5.685318,filtered_pd,-5.696947e-02,-7.869591e-02
5.737976,standard_pd,-1.087136e-03,-7.813246e-02
5.737976,filtered_pd,-5.659277e-02,-7.747485e-02
5.791123,standard_pd,-1.067296e-03,-7.740096e-02
5.791123,filtered_pd,-5.621470e-02,-7.626723e-02
5.844761,standard_pd,-1.047818e-03,-7.667660e-02
5.844761,filtered_pd,-5.583530e-02,-7.507295e-02
5.898896,standard_pd,-1.028694e-03,-7.595930e-02
5.898896,filtered_pd,-5.545458e-02,-7.389195e-02
5.953533,standard_pd,-1.009919e-03,-7.524899e-02
5.953533,filtered_pd,-5.507259e-02,-7.272416e-02
6.008676,standard_pd,-9.914854e-04,-7.454558e-02
6.008676,filtered_pd,-5.468935e-02,-7.156949e-02
6.064329,standard_pd,-9.733880e-04,-7.384900e-02
6.064329,filtered_pd,-5.430489e-02,-7.042789e-02
6.120498,standard_pd,-9.556205e-04,-7.315918e-02
6.120498,filtered_pd,-5.391926e-02,-6.929927e-02
6.177188,standard_pd,-9.381767e-04,-7.247604e-02
6.177188,filtered_pd,-5.353248e-02,-6.818356e-02
6.234402,standard_pd,-9.210509e-04,-7.179952e-02
6.234402,filtered_pd,-5.314460e-02,-6.708070e-02
6.292146,standard_pd,-9.042372e-04,-7.112953e-02
6.292146,filtered_pd,-5.275565e-02,-6.599062e-02
6.350425,standard_pd,-8.877300e-04,-7.046602e-02
6.350425,filtered_pd,-5.236568e-02,-6.491324e-02
6.409244,standard_pd,-8.715237e-04,-6.980891e-02
6.409244,filtered_pd,-5.197472e-02,-6.384850e-02
6.468608,standard_pd,-8.556130e-04,-6.915813e-02
6.468608,filtered_pd,-5.158281e-02,-6.279633e-02
6.528521,standard_pd,-8.399923e-04,-6.851362e-02
6.528521,filtered_pd,-5.119000e-02,-6.175666e-02
6.588990,standard_pd,-8.246564e-04,-6.787530e-02
6.588990,filtered_pd,-5.079634e-02,-6.072943e-02
6.650018,standard_pd,-8.096002e-04,-6.724312e-02
6.650018,filtered_pd,-5.040187e-02,-5.971456e-02
6.711612,standard_pd,-7.948186e-04,-6.661701e-02
6.711612,filtered_pd,-5.000663e-02,-5.871198e-02
6.773776,standard_pd,-7.803066e-04,-6.599691e-02
6.773776,filtered_pd,-4.961068e-02,-5.772164e-02
6.836516,standard_pd,-7.660592e-04,-6.538275e-02
6.836516,filtered_pd,-4.921405e-02,-5.674346e-02
6.899837,standard_pd,-7.520717e-04,-6.477447e-02
6.899837,filtered_pd,-4.881681e-02,-5.577737e-02
6.963745,standard_pd,-7.383394e-04,-6.417201e-02
6.963745,filtered_pd,-4.841900e-02,-5.482332e-02
7.028244,standard_pd,-7.248575e-04,-6.357531e-02
7.028244,filtered_pd,-4.802068e-02,-5.388122e-02
7.093341,standard_pd,-7.116216e-04,-6.298431e-02
7.093341,filtered_pd,-4.762189e-02,-5.295101e-02
7.159041,standard_pd,-6.986272e-04,-6.239895e-02
7.159041,filtered_pd,-4.722268e-02,-5.203263e-02
7.225349,standard_pd,-6.858698e-04,-6.181917e-02
7.225349,filtered_pd,-4.682312e-02,-5.112600e-02
7.292272,standard_pd,-6.733452e-04,-6.124492e-02
7.292272,filtered_pd,-4.642325e-02,-5.023105e-02
7.359814,standard_pd,-6.610492e-04,-6.067614e-02
7.359814,filtered_pd,-4.602313e-02,-4.934773e-02
7.427982,standard_pd,-6.489775e-04,-6.011276e-02
7.427982,filtered_pd,-4.562282e-02,-4.847595e-02
7.496782,standard_pd,-6.371261e-04,-5.955475e-02
7.496782,filtered_pd,-4.522237e-02,-4.761564e-02
7.566219,standard_pd,-6.254909e-04,-5.900204e-02
7.566219,filtered_pd,-4.482184e-02,-4.676675e-02
7.636298,standard_pd,-6.140681e-04,-5.845457e-02
7.636298,filtered_pd,-4.442128e-02,-4.592919e-02
7.707027,standard_pd,-6.028537e-04,-5.791230e-02
7.707027,filtered_pd,-4.402075e-02,-4.510290e-02
7.778411,standard_pd,-5.918440e-04,-5.737517e-02
7.778411,filtered_pd,-4.362032e-02,-4.428780e-02
7.850456,standard_pd,-5.810353e-04,-5.684314e-02
7.850456,filtered_pd,-4.322003e-02,-4.348382e-02
7.923169,standard_pd,-5.704238e-04,-5.631614e-02
7.923169,filtered_pd,-4.281994e-02,-4.269089e-02
7.996555,standard_pd,-5.600060e-04,-5.579413e-02
7.996555,filtered_pd,-4.242012e-02,-4.190893e-02
8.070620,standard_pd,-5.497784e-04,-5.527705e-02
8.070620,filtered_pd,-4.202063e-02,-4.113787e-02
8.145372,standard_pd,-5.397374e-04,-5.476487e-02
8.145372,filtered_pd,-4.162151e-02,-4.037764e-02
8.220816,standard_pd,-5.298797e-04,-5.425752e-02
8.220816,filtered_pd,-4.122284e-02,-3.962816e-02
8.296959,standard_pd,-5.202020e-04,-5.375497e-02
8.296959,filtered_pd,-4.082466e-02,-3.888936e-02
8.373807,standard_pd,-5.107010e-04,-5.325716e-02
8.373807,filtered_pd,-4.042705e-02,-3.816115e-02
8.451366,standard_pd,-5.013733e-04,-5.276404e-02
8.451366,filtered_pd,-4.003005e-02,-3.744347e-02
8.529644,standard_pd,-4.922160e-04,-5.227557e-02
8.529644,filtered_pd,-3.963372e-02,-3.673622e-02
8.608648,standard_pd,-4.832258e-04,-5.179171e-02
8.608648,filtered_pd,-3.923813e-02,-3.603935e-02
8.688383,standard_pd,-4.743998e-04,-5.131240e-02
8.688383,filtered_pd,-3.884334e-02,-3.535275e-02
8.768856,standard_pd,-4.657349e-04,-5.083761e-02
8.768856,filtered_pd,-3.844939e-02,-3.467636e-02
8.850075,standard_pd,-4.572282e-04,-5.036728e-02
8.850075,filtered_pd,-3.805636e-02,-3.401010e-02
8.932046,standard_pd,-4.488768e-04,-4.990137e-02
8.932046,filtered_pd,-3.766429e-02,-3.335388e-02
9.014776,standard_pd,-4.406779e-04,-4.943984e-02
9.014776,filtered_pd,-3.727324e-02,-3.270762e-02
9.098273,standard_pd,-4.326287e-04,-4.898265e-02
9.098273,filtered_pd,-3.688327e-02,-3.207124e-02
9.182543,standard_pd,-4.247265e-04,-4.852976e-02
9.182543,filtered_pd,-3.649444e-02,-3.144466e-02
9.267593,standard_pd,-4.169685e-04,-4.808111e-02
9.267593,filtered_pd,-3.610680e-02,-3.082778e-02
9.353432,standard_pd,-4.093523e-04,-4.763667e-02
9.353432,filtered_pd,-3.572041e-02,-3.022054e-02
9.440065,standard_pd,-4.018750e-04,-4.719640e-02
9.440065,filtered_pd,-3.533532e-02,-2.962284e-02
9.527500,standard_pd,-3.945343e-04,-4.676026e-02
9.527500,filtered_pd,-3.495159e-02,-2.903459e-02
9.615746,standard_pd,-3.873277e-04,-4.632821e-02
9.615746,filtered_pd,-3.456927e-02,-2.845571e-02
9.704809,standard_pd,-3.802527e-04,-4.590020e-02
9.704809,filtered_pd,-3.418841e-02,-2.788612e-02
9.794697,standard_pd,-3.733068e-04,-4.547620e-02
9.794697,filtered_pd,-3.380906e-02,-2.732572e-02
9.885417,standard_pd,-3.664878e-04,-4.505617e-02
9.885417,filtered_pd,-3.343128e-02,-2.677443e-02
9.976978,standard_pd,-3.597933e-04,-4.464007e-02
9.976978,filtered_pd,-3.305512e-02,-2.623216e-02
10.069386,standard_pd,-3.532211e-04,-4.422786e-02
10.069386,filtered_pd,-3.268062e-02,-2.569882e-02
10.162651,standard_pd,-3.467689e-04,-4.381950e-02
10.162651,filtered_pd,-3.230784e-02,-2.517432e-02
10.256779,standard_pd,-3.404345e-04,-4.341496e-02
10.256779,filtered_pd,-3.193682e-02,-2.465857e-02
10.351780,standard_pd,-3.342158e-04,-4.301421e-02
10.351780,filtered_pd,-3.156760e-02,-2.415148e-02
10.447660,standard_pd,-3.281107e-04,-4.261719e-02
10.447660,filtered_pd,-3.120025e-02,-2.365296e-02
10.544428,standard_pd,-3.221170e-04,-4.222388e-02
10.544428,filtered_pd,-3.083479e-02,-2.316292e-02
10.642092,standard_pd,-3.162329e-04,-4.183424e-02
10.642092,filtered_pd,-3.047129e-02,-2.268127e-02
10.740662,standard_pd,-3.104561e-04,-4.144824e-02
10.740662,filtered_pd,-3.010976e-02,-2.220791e-02
10.840144,standard_pd,-3.047849e-04,-4.106584e-02
10.840144,filtered_pd,-2.975027e-02,-2.174275e-02
10.940547,standard_pd,-2.992173e-04,-4.068700e-02
10.940547,filtered_pd,-2.939285e-02,-2.128571e-02
11.041881,standard_pd,-2.937514e-04,-4.031169e-02
11.041881,filtered_pd,-2.903755e-02,-2.083668e-02
11.144153,standard_pd,-2.883852e-04,-3.993989e-02
11.144153,filtered_pd,-2.868439e-02,-2.039558e-02
11.247372,standard_pd,-2.831171e-04,-3.957154e-02
11.247372,filtered_pd,-2.833342e-02,-1.996231e-02
11.351547,standard_pd,-2.779452e-04,-3.920663e-02
11.351547,filtered_pd,-2.798468e-02,-1.953678e-02
11.456687,standard_pd,-2.728678e-04,-3.884511e-02
11.456687,filtered_pd,-2.763820e-02,-1.911890e-02
11.562801,standard_pd,-2.678831e-04,-3.848696e-02
11.562801,filtered_pd,-2.729401e-02,-1.870857e-02
11.669898,standard_pd,-2.629895e-04,-3.813215e-02
11.669898,filtered_pd,-2.695215e-02,-1.830569e-02
11.777987,standard_pd,-2.581852e-04,-3.778063e-02
11.777987,filtered_pd,-2.661266e-02,-1.791019e-02
11.887077,standard_pd,-2.534687e-04,-3.743238e-02
11.887077,filtered_pd,-2.627555e-02,-1.752195e-02
11.997177,standard_pd,-2.488383e-04,-3.708738e-02
11.997177,filtered_pd,-2.594087e-02,-1.714089e-02
12.108298,standard_pd,-2.442925e-04,-3.674557e-02
12.108298,filtered_pd,-2.560864e-02,-1.676692e-02
12.220447,standard_pd,-2.398298e-04,-3.640695e-02
12.220447,filtered_pd,-2.527889e-02,-1.639994e-02
12.333635,standard_pd,-2.354485e-04,-3.607147e-02
12.333635,filtered_pd,-2.495164e-02,-1.603986e-02
12.447871,standard_pd,-2.311473e-04,-3.573911e-02
12.447871,filtered_pd,-2.462692e-02,-1.568658e-02
12.563166,standard_pd,-2.269246e-04,-3.540984e-02
12.563166,filtered_pd,-2.430476e-02,-1.534002e-02
12.679528,standard_pd,-2.227791e-04,-3.508362e-02
12.679528,filtered_pd,-2.398518e-02,-1.500008e-02
12.796969,standard_pd,-2.187093e-04,-3.476043e-02
12.796969,filtered_pd,-2.366819e-02,-1.466666e-02
12.915497,standard_pd,-2.147138e-04,-3.444025e-02
12.915497,filtered_pd,-2.335382e-02,-1.433968e-02
13.035122,standard_pd,-2.107913e-04,-3.412303e-02
13.035122,filtered_pd,-2.304209e-02,-1.401905e-02
13.155856,standard_pd,-2.069405e-04,-3.380875e-02
13.155856,filtered_pd,-2.273302e-02,-1.370466e-02
13.277708,standard_pd,-2.031600e-04,-3.349740e-02
13.277708,filtered_pd,-2.242663e-02,-1.339644e-02
13.400689,standard_pd,-1.994486e-04,-3.318892e-02
13.400689,filtered_pd,-2.212292e-02,-1.309428e-02
13.524809,standard_pd,-1.958049e-04,-3.288331e-02
13.524809,filtered_pd,-2.182192e-02,-1.279811e-02
13.650078,standard_pd,-1.922278e-04,-3.258054e-02
13.650078,filtered_pd,-2.152364e-02,-1.250783e-02
13.776508,standard_pd,-1.887161e-04,-3.228056e-02
13.776508,filtered_pd,-2.122809e-02,-1.222334e-02
13.904108,standard_pd,-1.852685e-04,-3.198337e-02
13.904108,filtered_pd,-2.093528e-02,-1.194457e-02
14.032891,standard_pd,-1.818839e-04,-3.168893e-02
14.032891,filtered_pd,-2.064522e-02,-1.167142e-02
14.162866,standard_pd,-1.785611e-04,-3.139722e-02
14.162866,filtered_pd,-2.035793e-02,-1.140381e-02
14.294045,standard_pd,-1.752990e-04,-3.110822e-02
14.294045,filtered_pd,-2.007341e-02,-1.114164e-02
14.426440,standard_pd,-1.720965e-04,-3.082188e-02
14.426440,filtered_pd,-1.979166e-02,-1.088483e-02
14.560060,standard_pd,-1.689525e-04,-3.053820e-02
14.560060,filtered_pd,-1.951270e-02,-1.063330e-02
14.694918,standard_pd,-1.658659e-04,-3.025715e-02
14.694918,filtered_pd,-1.923653e-02,-1.038696e-02
14.831025,standard_pd,-1.628357e-04,-2.997869e-02
14.831025,filtered_pd,-1.896315e-02,-1.014572e-02
14.968393,standard_pd,-1.598609e-04,-2.970282e-02
14.968393,filtered_pd,-1.869257e-02,-9.909495e-03
15.107033,standard_pd,-1.569404e-04,-2.942949e-02
15.107033,filtered_pd,-1.842478e-02,-9.678211e-03
15.246957,standard_pd,-1.540732e-04,-2.915870e-02
15.246957,filtered_pd,-1.815979e-02,-9.451779e-03
15.388178,standard_pd,-1.512585e-04,-2.889040e-02
15.388178,filtered_pd,-1.789761e-02,-9.230118e-03
15.530706,standard_pd,-1.484951e-04,-2.862460e-02
15.530706,filtered_pd,-1.763822e-02,-9.013146e-03
15.674554,standard_pd,-1.457823e-04,-2.836124e-02
15.674554,filtered_pd,-1.738163e-02,-8.800782e-03
15.819735,standard_pd,-1.431189e-04,-2.810033e-02
15.819735,filtered_pd,-1.712784e-02,-8.592947e-03
15.966260,standard_pd,-1.405043e-04,-2.784182e-02
15.966260,filtered_pd,-1.687683e-02,-8.389560e-03
16.114143,standard_pd,-1.379374e-04,-2.758571e-02
16.114143,filtered_pd,-1.662862e-02,-8.190545e-03
16.263395,standard_pd,-1.354174e-04,-2.733196e-02
16.263395,filtered_pd,-1.638318e-02,-7.995822e-03
16.414030,standard_pd,-1.329434e-04,-2.708056e-02
16.414030,filtered_pd,-1.614052e-02,-7.805316e-03
16.566060,standard_pd,-1.305147e-04,-2.683148e-02
16.566060,filtered_pd,-1.590063e-02,-7.618950e-03
16.719498,standard_pd,-1.281303e-04,-2.658470e-02
16.719498,filtered_pd,-1.566351e-02,-7.436649e-03
16.874357,standard_pd,-1.257894e-04,-2.634020e-02
16.874357,filtered_pd,-1.542914e-02,-7.258338e-03
17.030650,standard_pd,-1.234913e-04,-2.609796e-02
17.030650,filtered_pd,-1.519751e-02,-7.083944e-03
17.188391,standard_pd,-1.212352e-04,-2.585796e-02
17.188391,filtered_pd,-1.496862e-02,-6.913396e-03
17.347594,standard_pd,-1.190204e-04,-2.562017e-02
17.347594,filtered_pd,-1.474246e-02,-6.746619e-03
17.508270,standard_pd,-1.168459e-04,-2.538458e-02
17.508270,filtered_pd,-1.451901e-02,-6.583545e-03
17.670435,standard_pd,-1.147112e-04,-2.515116e-02
17.670435,filtered_pd,-1.429826e-02,-6.424102e-03
17.834102,standard_pd,-1.126155e-04,-2.491990e-02
17.834102,filtered_pd,-1.408021e-02,-6.268223e-03
17.999285,standard_pd,-1.105581e-04,-2.469077e-02
17.999285,filtered_pd,-1.386483e-02,-6.115837e-03
18.165998,standard_pd,-1.085383e-04,-2.446376e-02
18.165998,filtered_pd,-1.365212e-02,-5.966879e-03
18.334255,standard_pd,-1.065554e-04,-2.423884e-02
18.334255,filtered_pd,-1.344206e-02,-5.821281e-03
18.504070,standard_pd,-1.046087e-04,-2.401600e-02
18.504070,filtered_pd,-1.323464e-02,-5.678979e-03
18.675458,standard_pd,-1.026975e-04,-2.379521e-02
18.675458,filtered_pd,-1.302984e-02,-5.539907e-03
18.848434,standard_pd,-1.008213e-04,-2.357646e-02
18.848434,filtered_pd,-1.282764e-02,-5.404001e-03
19.023012,standard_pd,-9.897933e-05,-2.335973e-02
19.023012,filtered_pd,-1.262804e-02,-5.271199e-03
19.199207,standard_pd,-9.717103e-05,-2.314499e-02
19.199207,filtered_pd,-1.243101e-02,-5.141439e-03
19.377033,standard_pd,-9.539577e-05,-2.293224e-02
19.377033,filtered_pd,-1.223654e-02,-5.014660e-03
19.556507,standard_pd,-9.365293e-05,-2.272145e-02
19.556507,filtered_pd,-1.204461e-02,-4.890802e-03
19.737643,standard_pd,-9.194194e-05,-2.251261e-02
19.737643,filtered_pd,-1.185520e-02,-4.769805e-03
19.920457,standard_pd,-9.026220e-05,-2.230568e-02
19.920457,filtered_pd,-1.166830e-02,-4.651611e-03
20.104964,standard_pd,-8.861315e-05,-2.210067e-02
20.104964,filtered_pd,-1.148388e-02,-4.536162e-03
20.291180,standard_pd,-8.699423e-05,-2.189755e-02
20.291180,filtered_pd,-1.130194e-02,-4.423403e-03
20.479121,standard_pd,-8.540488e-05,-2.169630e-02
20.479121,filtered_pd,-1.112244e-02,-4.313276e-03
20.668802,standard_pd,-8.384457e-05,-2.149690e-02
20.668802,filtered_pd,-1.094537e-02,-4.205729e-03
20.860241,standard_pd,-8.231276e-05,-2.129934e-02
20.860241,filtered_pd,-1.077071e-02,-4.100706e-03
21.053452,standard_pd,-8.080894e-05,-2.110360e-02
21.053452,filtered_pd,-1.059844e-02,-3.998154e-03
21.248454,standard_pd,-7.933259e-05,-2.090967e-02
21.248454,filtered_pd,-1.042854e-02,-3.898022e-03
21.445261,standard_pd,-7.788321e-05,-2.071752e-02
21.445261,filtered_pd,-1.026099e-02,-3.800258e-03
21.643891,standard_pd,-7.646031e-05,-2.052715e-02
21.643891,filtered_pd,-1.009577e-02,-3.704812e-03
21.844361,standard_pd,-7.506341e-05,-2.033852e-02
21.844361,filtered_pd,-9.932859e-03,-3.611634e-03
22.046687,standard_pd,-7.369203e-05,-2.015164e-02
22.046687,filtered_pd,-9.772234e-03,-3.520675e-03
22.250888,standard_pd,-7.234570e-05,-1.996647e-02
22.250888,filtered_pd,-9.613875e-03,-3.431888e-03
22.456980,standard_pd,-7.102396e-05,-1.978302e-02
22.456980,filtered_pd,-9.457762e-03,-3.345226e-03
22.664981,standard_pd,-6.972638e-05,-1.960125e-02
22.664981,filtered_pd,-9.303871e-03,-3.260642e-03
22.874908,standard_pd,-6.845250e-05,-1.942115e-02
22.874908,filtered_pd,-9.152183e-03,-3.178090e-03
23.086780,standard_pd,-6.720189e-05,-1.924272e-02
23.086780,filtered_pd,-9.002674e-03,-3.097527e-03
23.300614,standard_pd,-6.597413e-05,-1.906593e-02
23.300614,filtered_pd,-8.855323e-03,-3.018909e-03
23.516429,standard_pd,-6.476880e-05,-1.889076e-02
23.516429,filtered_pd,-8.710109e-03,-2.942192e-03
23.734243,standard_pd,-6.358549e-05,-1.871721e-02
23.734243,filtered_pd,-8.567009e-03,-2.867335e-03
23.954074,standard_pd,-6.242380e-05,-1.854525e-02
23.954074,filtered_pd,-8.426001e-03,-2.794296e-03
24.175941,standard_pd,-6.128333e-05,-1.837488e-02
24.175941,filtered_pd,-8.287064e-03,-2.723034e-03
24.399863,standard_pd,-6.016370e-05,-1.820608e-02
24.399863,filtered_pd,-8.150174e-03,-2.653510e-03
24.625859,standard_pd,-5.906452e-05,-1.803883e-02
24.625859,filtered_pd,-8.015309e-03,-2.585684e-03
24.853949,standard_pd,-5.798543e-05,-1.787312e-02
24.853949,filtered_pd,-7.882448e-03,-2.519518e-03
25.084151,standard_pd,-5.692604e-05,-1.770894e-02
25.084151,filtered_pd,-7.751568e-03,-2.454975e-03
25.316485,standard_pd,-5.588602e-05,-1.754627e-02
25.316485,filtered_pd,-7.622647e-03,-2.392018e-03
25.550971,standard_pd,-5.486499e-05,-1.738509e-02
25.550971,filtered_pd,-7.495663e-03,-2.330610e-03
25.787629,standard_pd,-5.386262e-05,-1.722540e-02
25.787629,filtered_pd,-7.370593e-03,-2.270716e-03
26.026479,standard_pd,-5.287856e-05,-1.706717e-02
26.026479,filtered_pd,-7.247415e-03,-2.212301e-03
26.267541,standard_pd,-5.191248e-05,-1.691041e-02
26.267541,filtered_pd,-7.126107e-03,-2.155332e-03
26.510836,standard_pd,-5.096404e-05,-1.675508e-02
26.510836,filtered_pd,-7.006647e-03,-2.099775e-03
26.756384,standard_pd,-5.003294e-05,-1.660119e-02
26.756384,filtered_pd,-6.889012e-03,-2.045596e-03
27.004207,standard_pd,-4.911884e-05,-1.644871e-02
27.004207,filtered_pd,-6.773182e-03,-1.992765e-03
27.254325,standard_pd,-4.822145e-05,-1.629763e-02
27.254325,filtered_pd,-6.659133e-03,-1.941250e-03
27.506760,standard_pd,-4.734045e-05,-1.614794e-02
27.506760,filtered_pd,-6.546844e-03,-1.891020e-03
27.761533,standard_pd,-4.647555e-05,-1.599963e-02
27.761533,filtered_pd,-6.436294e-03,-1.842045e-03
28.018666,standard_pd,-4.562645e-05,-1.585269e-02
28.018666,filtered_pd,-6.327459e-03,-1.794295e-03
28.278180,standard_pd,-4.479286e-05,-1.570709e-02
28.278180,filtered_pd,-6.220320e-03,-1.747741e-03
28.540098,standard_pd,-4.397450e-05,-1.556284e-02
28.540098,filtered_pd,-6.114854e-03,-1.702356e-03
28.804442,standard_pd,-4.317109e-05,-1.541991e-02
28.804442,filtered_pd,-6.011040e-03,-1.658112e-03
29.071234,standard_pd,-4.238236e-05,-1.527830e-02
29.071234,filtered_pd,-5.908856e-03,-1.614982e-03
29.340497,standard_pd,-4.160804e-05,-1.513799e-02
29.340497,filtered_pd,-5.808282e-03,-1.572938e-03
29.612254,standard_pd,-4.084786e-05,-1.499897e-02
29.612254,filtered_pd,-5.709296e-03,-1.531956e-03
29.886529,standard_pd,-4.010157e-05,-1.486122e-02
29.886529,filtered_pd,-5.611878e-03,-1.492009e-03
30.163343,standard_pd,-3.936892e-05,-1.472475e-02
30.163343,filtered_pd,-5.516007e-03,-1.453074e-03
30.442722,standard_pd,-3.864966e-05,-1.458953e-02
30.442722,filtered_pd,-5.421661e-03,-1.415125e-03
30.724688,standard_pd,-3.794353e-05,-1.445555e-02
30.724688,filtered_pd,-5.328822e-03,-1.378139e-03
31.009266,standard_pd,-3.725030e-05,-1.432281e-02
31.009266,filtered_pd,-5.237467e-03,-1.342092e-03
31.296480,standard_pd,-3.656974e-05,-1.419128e-02
31.296480,filtered_pd,-5.147578e-03,-1.306963e-03
31.586354,standard_pd,-3.590162e-05,-1.406096e-02
31.586354,filtered_pd,-5.059133e-03,-1.272728e-03
31.878913,standard_pd,-3.524570e-05,-1.393185e-02
31.878913,filtered_pd,-4.972114e-03,-1.239367e-03
32.174182,standard_pd,-3.460176e-05,-1.380392e-02
32.174182,filtered_pd,-4.886500e-03,-1.206857e-03
32.472185,standard_pd,-3.396959e-05,-1.367716e-02
32.472185,filtered_pd,-4.802271e-03,-1.175178e-03
32.772948,standard_pd,-3.334896e-05,-1.355157e-02
32.772948,filtered_pd,-4.719409e-03,-1.144310e-03
33.076498,standard_pd,-3.273968e-05,-1.342714e-02
33.076498,filtered_pd,-4.637894e-03,-1.114233e-03
33.382859,standard_pd,-3.214153e-05,-1.330385e-02
33.382859,filtered_pd,-4.557707e-03,-1.084927e-03
33.692057,standard_pd,-3.155430e-05,-1.318169e-02
33.692057,filtered_pd,-4.478829e-03,-1.056373e-03
34.004119,standard_pd,-3.097781e-05,-1.306066e-02
34.004119,filtered_pd,-4.401242e-03,-1.028553e-03
34.319072,standard_pd,-3.041184e-05,-1.294073e-02
34.319072,filtered_pd,-4.324927e-03,-1.001449e-03
34.636942,standard_pd,-2.985622e-05,-1.282191e-02
34.636942,filtered_pd,-4.249865e-03,-9.750438e-04
34.957756,standard_pd,-2.931075e-05,-1.270419e-02
34.957756,filtered_pd,-4.176038e-03,-9.493188e-04
35.281541,standard_pd,-2.877524e-05,-1.258754e-02
35.281541,filtered_pd,-4.103429e-03,-9.242579e-04
35.608326,standard_pd,-2.824952e-05,-1.247197e-02
35.608326,filtered_pd,-4.032019e-03,-8.998443e-04
35.938137,standard_pd,-2.773340e-05,-1.235746e-02
35.938137,filtered_pd,-3.961791e-03,-8.760621e-04
36.271003,standard_pd,-2.722671e-05,-1.224400e-02
36.271003,filtered_pd,-3.892727e-03,-8.528954e-04
36.606951,standard_pd,-2.672928e-05,-1.213158e-02
36.606951,filtered_pd,-3.824811e-03,-8.303289e-04
36.946012,standard_pd,-2.624093e-05,-1.202020e-02
36.946012,filtered_pd,-3.758024e-03,-8.083476e-04
37.288213,standard_pd,-2.576151e-05,-1.190984e-02
37.288213,filtered_pd,-3.692351e-03,-7.869368e-04
37.633584,standard_pd,-2.529085e-05,-1.180049e-02
37.633584,filtered_pd,-3.627774e-03,-7.660823e-04
37.982153,standard_pd,-2.482879e-05,-1.169215e-02
37.982153,filtered_pd,-3.564277e-03,-7.457700e-04
38.333951,standard_pd,-2.437516e-05,-1.158480e-02
38.333951,filtered_pd,-3.501844e-03,-7.259862e-04
38.689007,standard_pd,-2.392983e-05,-1.147845e-02
38.689007,filtered_pd,-3.440458e-03,-7.067177e-04
39.047352,standard_pd,-2.349263e-05,-1.137306e-02
39.047352,filtered_pd,-3.380103e-03,-6.879515e-04
39.409016,standard_pd,-2.306342e-05,-1.126865e-02
39.409016,filtered_pd,-3.320764e-03,-6.696748e-04
39.774030,standard_pd,-2.264205e-05,-1.116520e-02
39.774030,filtered_pd,-3.262425e-03,-6.518754e-04
40.142425,standard_pd,-2.222838e-05,-1.106269e-02
40.142425,filtered_pd,-3.205071e-03,-6.345409e-04
40.514232,standard_pd,-2.182227e-05,-1.096113e-02
40.514232,filtered_pd,-3.148686e-03,-6.176598e-04
40.889482,standard_pd,-2.142357e-05,-1.086050e-02
40.889482,filtered_pd,-3.093255e-03,-6.012204e-04
41.268208,standard_pd,-2.103216e-05,-1.076080e-02
41.268208,filtered_pd,-3.038764e-03,-5.852115e-04
41.650442,standard_pd,-2.064791e-05,-1.066201e-02
41.650442,filtered_pd,-2.985198e-03,-5.696222e-04
42.036217,standard_pd,-2.027067e-05,-1.056413e-02
42.036217,filtered_pd,-2.932543e-03,-5.544417e-04
42.425564,standard_pd,-1.990032e-05,-1.046715e-02
42.425564,filtered_pd,-2.880783e-03,-5.396597e-04
42.818518,standard_pd,-1.953674e-05,-1.037105e-02
42.818518,filtered_pd,-2.829906e-03,-5.252658e-04
43.215111,standard_pd,-1.917981e-05,-1.027585e-02
43.215111,filtered_pd,-2.779897e-03,-5.112502e-04
43.615378,standard_pd,-1.882939e-05,-1.018151e-02
43.615378,filtered_pd,-2.730742e-03,-4.976032e-04
44.019352,standard_pd,-1.848538e-05,-1.008805e-02
44.019352,filtered_pd,-2.682428e-03,-4.843154e-04
44.427067,standard_pd,-1.814765e-05,-9.995438e-03
44.427067,filtered_pd,-2.634941e-03,-4.713774e-04
44.838559,standard_pd,-1.781609e-05,-9.903680e-03
44.838559,filtered_pd,-2.588268e-03,-4.587803e-04
45.253863,standard_pd,-1.749059e-05,-9.812765e-03
45.253863,filtered_pd,-2.542397e-03,-4.465154e-04
45.673013,standard_pd,-1.717103e-05,-9.722685e-03
45.673013,filtered_pd,-2.497314e-03,-4.345740e-04
46.096045,standard_pd,-1.685732e-05,-9.633433e-03
46.096045,filtered_pd,-2.453007e-03,-4.229479e-04
46.522995,standard_pd,-1.654933e-05,-9.545000e-03
46.522995,filtered_pd,-2.409462e-03,-4.116288e-04
46.953900,standard_pd,-1.624698e-05,-9.457380e-03
46.953900,filtered_pd,-2.366669e-03,-4.006089e-04
47.388796,standard_pd,-1.595014e-05,-9.370564e-03
47.388796,filtered_pd,-2.324614e-03,-3.898803e-04
47.827720,standard_pd,-1.565873e-05,-9.284546e-03
47.827720,filtered_pd,-2.283286e-03,-3.794357e-04
48.270710,standard_pd,-1.537265e-05,-9.199317e-03
48.270710,filtered_pd,-2.242672e-03,-3.692675e-04
48.717802,standard_pd,-1.509179e-05,-9.114872e-03
48.717802,filtered_pd,-2.202762e-03,-3.593687e-04
49.169036,standard_pd,-1.481606e-05,-9.031202e-03
49.169036,filtered_pd,-2.163543e-03,-3.497322e-04
49.624449,standard_pd,-1.454537e-05,-8.948300e-03
49.624449,filtered_pd,-2.125005e-03,-3.403512e-04
50.084080,standard_pd,-1.427962e-05,-8.866160e-03
50.084080,filtered_pd,-2.087136e-03,-3.312190e-04
50.547968,standard_pd,-1.401873e-05,-8.784774e-03
50.547968,filtered_pd,-2.049924e-03,-3.223293e-04
51.016153,standard_pd,-1.376261e-05,-8.704136e-03
51.016153,filtered_pd,-2.013361e-03,-3.136756e-04
51.488675,standard_pd,-1.351117e-05,-8.624238e-03
51.488675,filtered_pd,-1.977434e-03,-3.052518e-04
51.965572,standard_pd,-1.326432e-05,-8.545074e-03
51.965572,filtered_pd,-1.942133e-03,-2.970520e-04
52.446887,standard_pd,-1.302198e-05,-8.466637e-03
52.446887,filtered_pd,-1.907447e-03,-2.890701e-04
52.932661,standard_pd,-1.278406e-05,-8.388920e-03
52.932661,filtered_pd,-1.873367e-03,-2.813007e-04
53.422933,standard_pd,-1.255050e-05,-8.311917e-03
53.422933,filtered_pd,-1.839883e-03,-2.737380e-04
53.917746,standard_pd,-1.232120e-05,-8.235621e-03
53.917746,filtered_pd,-1.806984e-03,-2.663768e-04
54.417143,standard_pd,-1.209609e-05,-8.160026e-03
54.417143,filtered_pd,-1.774660e-03,-2.592116e-04
54.921165,standard_pd,-1.187509e-05,-8.085125e-03
54.921165,filtered_pd,-1.742903e-03,-2.522374e-04
55.429855,standard_pd,-1.165813e-05,-8.010911e-03
55.429855,filtered_pd,-1.711702e-03,-2.454492e-04
55.943257,standard_pd,-1.144514e-05,-7.937379e-03
55.943257,filtered_pd,-1.681049e-03,-2.388420e-04
56.461414,standard_pd,-1.123604e-05,-7.864523e-03
56.461414,filtered_pd,-1.650934e-03,-2.324112e-04
56.984371,standard_pd,-1.103075e-05,-7.792335e-03
56.984371,filtered_pd,-1.621347e-03,-2.261520e-04
57.512171,standard_pd,-1.082922e-05,-7.720810e-03
57.512171,filtered_pd,-1.592281e-03,-2.200600e-04
58.044859,standard_pd,-1.063137e-05,-7.649942e-03
58.044859,filtered_pd,-1.563726e-03,-2.141307e-04
58.582482,standard_pd,-1.043713e-05,-7.579725e-03
58.582482,filtered_pd,-1.535673e-03,-2.083599e-04
59.125084,standard_pd,-1.024644e-05,-7.510152e-03
59.125084,filtered_pd,-1.508115e-03,-2.027434e-04
59.672712,standard_pd,-1.005924e-05,-7.441218e-03
59.672712,filtered_pd,-1.481043e-03,-1.972771e-04
60.225412,standard_pd,-9.875458e-06,-7.372917e-03
60.225412,filtered_pd,-1.454448e-03,-1.919571e-04
60.783231,standard_pd,-9.695032e-06,-7.305243e-03
60.783231,filtered_pd,-1.428322e-03,-1.867794e-04
61.346217,standard_pd,-9.517903e-06,-7.238191e-03
61.346217,filtered_pd,-1.402658e-03,-1.817404e-04
61.914418,standard_pd,-9.344010e-06,-7.171754e-03
61.914418,filtered_pd,-1.377447e-03,-1.768363e-04
62.487881,standard_pd,-9.173294e-06,-7.105927e-03
62.487881,filtered_pd,-1.352682e-03,-1.720637e-04
63.066655,standard_pd,-9.005697e-06,-7.040705e-03
63.066655,filtered_pd,-1.328356e-03,-1.674189e-04
63.650791,standard_pd,-8.841162e-06,-6.976081e-03
63.650791,filtered_pd,-1.304460e-03,-1.628987e-04
64.240337,standard_pd,-8.679633e-06,-6.912051e-03
64.240337,filtered_pd,-1.280987e-03,-1.584997e-04
64.835343,standard_pd,-8.521055e-06,-6.848609e-03
64.835343,filtered_pd,-1.257930e-03,-1.542187e-04
65.435860,standard_pd,-8.365375e-06,-6.785749e-03
65.435860,filtered_pd,-1.235282e-03,-1.500526e-04
66.041940,standard_pd,-8.212538e-06,-6.723466e-03
66.041940,filtered_pd,-1.213036e-03,-1.459983e-04
66.653633,standard_pd,-8.062494e-06,-6.661755e-03
66.653633,filtered_pd,-1.191185e-03,-1.420528e-04
67.270991,standard_pd,-7.915192e-06,-6.600611e-03
67.270991,filtered_pd,-1.169722e-03,-1.382134e-04
67.894068,standard_pd,-7.770580e-06,-6.540028e-03
67.894068,filtered_pd,-1.148640e-03,-1.344770e-04
68.522916,standard_pd,-7.628611e-06,-6.480001e-03
68.522916,filtered_pd,-1.127933e-03,-1.308411e-04
69.157588,standard_pd,-7.489235e-06,-6.420525e-03
69.157588,filtered_pd,-1.107595e-03,-1.273030e-04
69.798139,standard_pd,-7.352406e-06,-6.361595e-03
69.798139,filtered_pd,-1.087618e-03,-1.238599e-04
70.444623,standard_pd,-7.218077e-06,-6.303207e-03
70.444623,filtered_pd,-1.067998e-03,-1.205095e-04
71.097094,standard_pd,-7.086202e-06,-6.245354e-03
71.097094,filtered_pd,-1.048726e-03,-1.172491e-04
71.755609,standard_pd,-6.956736e-06,-6.188033e-03
71.755609,filtered_pd,-1.029799e-03,-1.140766e-04
72.420223,standard_pd,-6.829635e-06,-6.131237e-03
72.420223,filtered_pd,-1.011208e-03,-1.109894e-04
73.090993,standard_pd,-6.704857e-06,-6.074963e-03
73.090993,filtered_pd,-9.929496e-04,-1.079853e-04
73.767976,standard_pd,-6.582359e-06,-6.019206e-03
73.767976,filtered_pd,-9.750167e-04,-1.050621e-04
74.451229,standard_pd,-6.462098e-06,-5.963961e-03
74.451229,filtered_pd,-9.574041e-04,-1.022176e-04
75.140811,standard_pd,-6.344035e-06,-5.909222e-03
75.140811,filtered_pd,-9.401060e-04,-9.944980e-05
75.836779,standard_pd,-6.228129e-06,-5.854986e-03
75.836779,filtered_pd,-9.231171e-04,-9.675656e-05
76.539194,standard_pd,-6.114340e-06,-5.801249e-03
76.539194,filtered_pd,-9.064318e-04,-9.413591e-05
77.248115,standard_pd,-6.002630e-06,-5.748004e-03
77.248115,filtered_pd,-8.900449e-04,-9.158591e-05
77.963601,standard_pd,-5.892961e-06,-5.695248e-03
77.963601,filtered_pd,-8.739512e-04,-8.910467e-05
78.685715,standard_pd,-5.785296e-06,-5.642977e-03
78.685715,filtered_pd,-8.581455e-04,-8.669034e-05
79.414517,standard_pd,-5.679598e-06,-5.591185e-03
79.414517,filtered_pd,-8.426228e-04,-8.434115e-05
80.150070,standard_pd,-5.575831e-06,-5.539869e-03
80.150070,filtered_pd,-8.273781e-04,-8.205534e-05
80.892435,standard_pd,-5.473960e-06,-5.489024e-03
80.892435,filtered_pd,-8.124066e-04,-7.983121e-05
81.641676,standard_pd,-5.373950e-06,-5.438645e-03
81.641676,filtered_pd,-7.977034e-04,-7.766712e-05
82.397857,standard_pd,-5.275767e-06,-5.388729e-03
82.397857,filtered_pd,-7.832638e-04,-7.556145e-05
83.161042,standard_pd,-5.179378e-06,-5.339272e-03
83.161042,filtered_pd,-7.690832e-04,-7.351264e-05
83.931295,standard_pd,-5.084750e-06,-5.290268e-03
83.931295,filtered_pd,-7.551570e-04,-7.151916e-05
84.708683,standard_pd,-4.991851e-06,-5.241714e-03
84.708683,filtered_pd,-7.414808e-04,-6.957953e-05
85.493271,standard_pd,-4.900650e-06,-5.193606e-03
85.493271,filtered_pd,-7.280501e-04,-6.769231e-05
86.285126,standard_pd,-4.811114e-06,-5.145939e-03
86.285126,filtered_pd,-7.148606e-04,-6.585608e-05
87.084315,standard_pd,-4.723214e-06,-5.098710e-03
87.084315,filtered_pd,-7.019081e-04,-6.406947e-05
87.890907,standard_pd,-4.636921e-06,-5.051915e-03
87.890907,filtered_pd,-6.891883e-04,-6.233116e-05
88.704969,standard_pd,-4.552203e-06,-5.005549e-03
88.704969,filtered_pd,-6.766972e-04,-6.063985e-05
89.526571,standard_pd,-4.469034e-06,-4.959608e-03
89.526571,filtered_pd,-6.644307e-04,-5.899427e-05
90.355783,standard_pd,-4.387384e-06,-4.914090e-03
90.355783,filtered_pd,-6.523848e-04,-5.739319e-05
91.192676,standard_pd,-4.307226e-06,-4.868989e-03
91.192676,filtered_pd,-6.405556e-04,-5.583542e-05
92.037320,standard_pd,-4.228533e-06,-4.824302e-03
92.037320,filtered_pd,-6.289393e-04,-5.431979e-05
92.889787,standard_pd,-4.151277e-06,-4.780025e-03
92.889787,filtered_pd,-6.175322e-04,-5.284517e-05
93.750150,standard_pd,-4.075432e-06,-4.736155e-03
93.750150,filtered_pd,-6.063304e-04,-5.141045e-05
94.618482,standard_pd,-4.000974e-06,-4.692688e-03
94.618482,filtered_pd,-5.953304e-04,-5.001456e-05
95.494856,standard_pd,-3.927875e-06,-4.649619e-03
95.494856,filtered_pd,-5.845286e-04,-4.865646e-05
96.379348,standard_pd,-3.856112e-06,-4.606946e-03
96.379348,filtered_pd,-5.739214e-04,-4.733513e-05
97.272032,standard_pd,-3.785661e-06,-4.564664e-03
97.272032,filtered_pd,-5.635055e-04,-4.604957e-05
98.172984,standard_pd,-3.716496e-06,-4.522771e-03
98.172984,filtered_pd,-5.532773e-04,-4.479882e-05
99.082281,standard_pd,-3.648595e-06,-4.481262e-03
99.082281,filtered_pd,-5.432336e-04,-4.358195e-05
100.000000,standard_pd,-3.581935e-06,-4.440134e-03
100.000000,filtered_pd,-5.333710e-04,-4.239804e-05
