frequency_hz,method,psd_n2m2_per_hz
0.000000,unshaped,7.302424e+01
0.048828,unshaped,2.376061e+02
0.097656,unshaped,5.856613e+01
0.146484,unshaped,2.586343e+01
0.195313,unshaped,1.446360e+01
0.244141,unshaped,8.123900e+00
0.292969,unshaped,5.497739e+00
0.341797,unshaped,4.130356e+00
0.390625,unshaped,3.187137e+00
0.439453,unshaped,2.479416e+00
0.488281,unshaped,1.976297e+00
0.537109,unshaped,1.648096e+00
0.585938,unshaped,1.389337e+00
0.634766,unshaped,1.183237e+00
0.683594,unshaped,1.007682e+00
0.732422,unshaped,8.817212e-01
0.781250,unshaped,7.785378e-01
0.830078,unshaped,6.895754e-01
0.878906,unshaped,6.091496e-01
0.927734,unshaped,5.485424e-01
0.976563,unshaped,4.982476e-01
1.025391,unshaped,4.504303e-01
1.074219,unshaped,4.074959e-01
1.123047,unshaped,3.744484e-01
1.171875,unshaped,3.461526e-01
1.220703,unshaped,3.168565e-01
1.269531,unshaped,2.916511e-01
1.318359,unshaped,2.721792e-01
1.367188,unshaped,2.542417e-01
1.416016,unshaped,2.348565e-01
1.464844,unshaped,2.191290e-01
1.513672,unshaped,2.069434e-01
1.562500,unshaped,1.944015e-01
1.611328,unshaped,1.810084e-01
1.660156,unshaped,1.708068e-01
1.708984,unshaped,1.626819e-01
1.757813,unshaped,1.532754e-01
1.806641,unshaped,1.438165e-01
1.855469,unshaped,1.370251e-01
1.904297,unshaped,1.311822e-01
1.953125,unshaped,1.238373e-01
2.001953,unshaped,1.171013e-01
2.050781,unshaped,1.124687e-01
2.099609,unshaped,1.079126e-01
2.148438,unshaped,1.020897e-01
2.197266,unshaped,9.729631e-02
2.246094,unshaped,9.401930e-02
2.294922,unshaped,9.021656e-02
2.343750,unshaped,8.561215e-02
2.392578,unshaped,8.222079e-02
2.441406,unshaped,7.975990e-02
2.490234,unshaped,7.645427e-02
2.539063,unshaped,7.286429e-02
2.587891,unshaped,7.047549e-02
2.636719,unshaped,6.847126e-02
2.685547,unshaped,6.556397e-02
2.734375,unshaped,6.282430e-02
2.783203,unshaped,6.112796e-02
2.832031,unshaped,5.935760e-02
2.880859,unshaped,5.682743e-02
2.929688,unshaped,5.478995e-02
2.978516,unshaped,5.353995e-02
3.027344,unshaped,5.188694e-02
3.076172,unshaped,4.973919e-02
3.125000,unshaped,4.826338e-02
3.173828,unshaped,4.726805e-02
3.222656,unshaped,4.569373e-02
3.271484,unshaped,4.393114e-02
3.320313,unshaped,4.288244e-02
3.369141,unshaped,4.200255e-02
3.417969,unshaped,4.051798e-02
3.466797,unshaped,3.912741e-02
3.515625,unshaped,3.837915e-02
3.564453,unshaped,3.752686e-02
3.613281,unshaped,3.616719e-02
3.662109,unshaped,3.511618e-02
3.710938,unshaped,3.455403e-02
3.759766,unshaped,3.368874e-02
3.808594,unshaped,3.249285e-02
3.857422,unshaped,3.173165e-02
3.906250,unshaped,3.125965e-02
3.955078,unshaped,3.037927e-02
4.003906,unshaped,2.937611e-02
4.052734,unshaped,2.884256e-02
4.101563,unshaped,2.838888e-02
4.150391,unshaped,2.751752e-02
4.199219,unshaped,2.671900e-02
4.248047,unshaped,2.634490e-02
4.296875,unshaped,2.586542e-02
4.345703,unshaped,2.504000e-02
4.394531,unshaped,2.443918e-02
4.443359,unshaped,2.415742e-02
4.492188,unshaped,2.363568e-02
4.541016,unshaped,2.289378e-02
4.589844,unshaped,2.246674e-02
4.638672,unshaped,2.221840e-02
4.687500,unshaped,2.166159e-02
4.736328,unshaped,2.103246e-02
4.785156,unshaped,2.074248e-02
4.833984,unshaped,2.048291e-02
4.882813,unshaped,1.991470e-02
4.931641,unshaped,1.941401e-02
4.980469,unshaped,1.921713e-02
5.029297,unshaped,1.891978e-02
5.078125,unshaped,1.837173e-02
5.126953,unshaped,1.799987e-02
5.175781,unshaped,1.785106e-02
5.224609,unshaped,1.750824e-02
5.273438,unshaped,1.701161e-02
5.322266,unshaped,1.675479e-02
5.371094,unshaped,1.661402e-02
5.419922,unshaped,1.623454e-02
5.468750,unshaped,1.581382e-02
5.517578,unshaped,1.564726e-02
5.566406,unshaped,1.548448e-02
5.615234,unshaped,1.508882e-02
5.664063,unshaped,1.475772e-02
5.712891,unshaped,1.465010e-02
5.761719,unshaped,1.444842e-02
5.810547,unshaped,1.406259e-02
5.859375,unshaped,1.382262e-02
5.908203,unshaped,1.374120e-02
5.957031,unshaped,1.349761e-02
6.005859,unshaped,1.314706e-02
6.054688,unshaped,1.298832e-02
6.103516,unshaped,1.290388e-02
6.152344,unshaped,1.262758e-02
6.201172,unshaped,1.233225e-02
6.250000,unshaped,1.223596e-02
6.298828,unshaped,1.212690e-02
6.347656,unshaped,1.183558e-02
6.396484,unshaped,1.160676e-02
6.445313,unshaped,1.154888e-02
6.494141,unshaped,1.140377e-02
6.542969,unshaped,1.111901e-02
6.591797,unshaped,1.095813e-02
6.640625,unshaped,1.091351e-02
6.689453,unshaped,1.073170e-02
6.738281,unshaped,1.047421e-02
6.787109,unshaped,1.037343e-02
6.835938,unshaped,1.031991e-02
6.884766,unshaped,1.011014e-02
6.933594,unshaped,9.895930e-03
6.982422,unshaped,9.840201e-03
7.031250,unshaped,9.761857e-03
7.080078,unshaped,9.539368e-03
7.128906,unshaped,9.377236e-03
7.177734,unshaped,9.347315e-03
7.226563,unshaped,9.236454e-03
7.275391,unshaped,9.019261e-03
7.324219,unshaped,8.909884e-03
7.373047,unshaped,8.885795e-03
7.421875,unshaped,8.743343e-03
7.470703,unshaped,8.548466e-03
7.519531,unshaped,8.484946e-03
7.568359,unshaped,8.449328e-03
7.617188,unshaped,8.283628e-03
7.666016,unshaped,8.123989e-03
7.714844,unshaped,8.093611e-03
7.763672,unshaped,8.034389e-03
7.812500,unshaped,7.858775e-03
7.861328,unshaped,7.741203e-03
7.910156,unshaped,7.728007e-03
7.958984,unshaped,7.639950e-03
8.007813,unshaped,7.469676e-03
8.056641,unshaped,7.394192e-03
8.105469,unshaped,7.381896e-03
8.154297,unshaped,7.266838e-03
8.203125,unshaped,7.115992e-03
8.251953,unshaped,7.076344e-03
8.300781,unshaped,7.051118e-03
8.349609,unshaped,6.916873e-03
8.398438,unshaped,6.795860e-03
8.447266,unshaped,6.781063e-03
8.496094,unshaped,6.733701e-03
8.544922,unshaped,6.591982e-03
8.593750,unshaped,6.505930e-03
8.642578,unshaped,6.502490e-03
8.691406,unshaped,6.429613e-03
8.740234,unshaped,6.293442e-03
8.789063,unshaped,6.241697e-03
8.837891,unshaped,6.236104e-03
8.886719,unshaped,6.140221e-03
8.935547,unshaped,6.021359e-03
8.984375,unshaped,5.998030e-03
9.033203,unshaped,5.979094e-03
9.082031,unshaped,5.867580e-03
9.130859,unshaped,5.774450e-03
9.179688,unshaped,5.769801e-03
9.228516,unshaped,5.730435e-03
9.277344,unshaped,5.613703e-03
9.326172,unshaped,5.550107e-03
9.375000,unshaped,5.552517e-03
9.423828,unshaped,5.490657e-03
9.472656,unshaped,5.379931e-03
9.521484,unshaped,5.344711e-03
9.570313,unshaped,5.342825e-03
9.619141,unshaped,5.261380e-03
9.667969,unshaped,5.166527e-03
9.716797,unshaped,5.154110e-03
9.765625,unshaped,5.138816e-03
9.814453,unshaped,5.044701e-03
9.863281,unshaped,4.972505e-03
9.912109,unshaped,4.974183e-03
9.960938,unshaped,4.940066e-03
10.009766,unshaped,4.842569e-03
10.058594,unshaped,4.795719e-03
10.107422,unshaped,4.801384e-03
10.156250,unshaped,4.747419e-03
10.205078,unshaped,4.656270e-03
10.253906,unshaped,4.633153e-03
10.302734,unshaped,4.633174e-03
10.351563,unshaped,4.562572e-03
10.400391,unshaped,4.486088e-03
10.449219,unshaped,4.481361e-03
10.498047,unshaped,4.468263e-03
10.546875,unshaped,4.387542e-03
10.595703,unshaped,4.331191e-03
10.644531,unshaped,4.336961e-03
10.693359,unshaped,4.306626e-03
10.742188,unshaped,4.224134e-03
10.791016,unshaped,4.189726e-03
10.839844,unshaped,4.197115e-03
10.888672,unshaped,4.149288e-03
10.937500,unshaped,4.073506e-03
10.986328,unshaped,4.059099e-03
11.035156,unshaped,4.059888e-03
11.083984,unshaped,3.997948e-03
11.132813,unshaped,3.935898e-03
11.181641,unshaped,3.936379e-03
11.230469,unshaped,3.924441e-03
11.279297,unshaped,3.854506e-03
11.328125,unshaped,3.810547e-03
11.376953,unshaped,3.818739e-03
11.425781,unshaped,3.791014e-03
11.474609,unshaped,3.720605e-03
11.523438,unshaped,3.695804e-03
11.572266,unshaped,3.703870e-03
11.621094,unshaped,3.660727e-03
11.669922,unshaped,3.597259e-03
11.718750,unshaped,3.589395e-03
11.767578,unshaped,3.590289e-03
11.816406,unshaped,3.535226e-03
11.865234,unshaped,3.484633e-03
11.914063,unshaped,3.488791e-03
11.962891,unshaped,3.477488e-03
12.011719,unshaped,3.416265e-03
12.060547,unshaped,3.381997e-03
12.109375,unshaped,3.391605e-03
12.158203,unshaped,3.365892e-03
12.207031,unshaped,3.305312e-03
12.255859,unshaped,3.287844e-03
12.304688,unshaped,3.295950e-03
12.353516,unshaped,3.256666e-03
12.402344,unshaped,3.203229e-03
12.451172,unshaped,3.200145e-03
12.500000,unshaped,3.200699e-03
12.548828,unshaped,3.151385e-03
12.597656,unshaped,3.110095e-03
12.646484,unshaped,3.116688e-03
12.695313,unshaped,3.105594e-03
12.744141,unshaped,3.051661e-03
12.792969,unshaped,3.025190e-03
12.841797,unshaped,3.035433e-03
12.890625,unshaped,3.011190e-03
12.939453,unshaped,2.958795e-03
12.988281,unshaped,2.947115e-03
13.037109,unshaped,2.954830e-03
13.085938,unshaped,2.918659e-03
13.134766,unshaped,2.873504e-03
13.183594,unshaped,2.874043e-03
13.232422,unshaped,2.874031e-03
13.281250,unshaped,2.829489e-03
13.330078,unshaped,2.795784e-03
13.378906,unshaped,2.804025e-03
13.427734,unshaped,2.792969e-03
13.476563,unshaped,2.745146e-03
13.525391,unshaped,2.724911e-03
13.574219,unshaped,2.735313e-03
13.623047,unshaped,2.712289e-03
13.671875,unshaped,2.666769e-03
13.720703,unshaped,2.659576e-03
13.769531,unshaped,2.666635e-03
13.818359,unshaped,2.633155e-03
13.867188,unshaped,2.594937e-03
13.916016,unshaped,2.598113e-03
13.964844,unshaped,2.597371e-03
14.013672,unshaped,2.556964e-03
14.062500,unshaped,2.529566e-03
14.111328,unshaped,2.538794e-03
14.160156,unshaped,2.527605e-03
14.208984,unshaped,2.485047e-03
14.257813,unshaped,2.469927e-03
14.306641,unshaped,2.480111e-03
14.355469,unshaped,2.458043e-03
14.404297,unshaped,2.418392e-03
14.453125,unshaped,2.414784e-03
14.501953,unshaped,2.421022e-03
14.550781,unshaped,2.389821e-03
14.599609,unshaped,2.357458e-03
14.648438,unshaped,2.362613e-03
14.697266,unshaped,2.361093e-03
14.746094,unshaped,2.324244e-03
14.794922,unshaped,2.302087e-03
14.843750,unshaped,2.311877e-03
14.892578,unshaped,2.300526e-03
14.941406,unshaped,2.262509e-03
14.990234,unshaped,2.251542e-03
15.039063,unshaped,2.261278e-03
15.087891,unshaped,2.240066e-03
15.136719,unshaped,2.205467e-03
15.185547,unshaped,2.204650e-03
15.234375,unshaped,2.209970e-03
15.283203,unshaped,2.180816e-03
15.332031,unshaped,2.153461e-03
15.380859,unshaped,2.160012e-03
15.429688,unshaped,2.157674e-03
15.478516,unshaped,2.123991e-03
15.527344,unshaped,2.106268e-03
15.576172,unshaped,2.116254e-03
15.625000,unshaped,2.104684e-03
15.673828,unshaped,2.070666e-03
15.722656,unshaped,2.063147e-03
15.771484,unshaped,2.072258e-03
15.820313,unshaped,2.051771e-03
15.869141,unshaped,2.021568e-03
15.917969,unshaped,2.022982e-03
15.966797,unshaped,2.027343e-03
16.015625,unshaped,1.999994e-03
16.064453,unshaped,1.976936e-03
16.113281,unshaped,1.984487e-03
16.162109,unshaped,1.981359e-03
16.210938,unshaped,1.950478e-03
16.259766,unshaped,1.936489e-03
16.308594,unshaped,1.946434e-03
16.357422,unshaped,1.934673e-03
16.406250,unshaped,1.904184e-03
16.455078,unshaped,1.899485e-03
16.503906,unshaped,1.907864e-03
16.552734,unshaped,1.888069e-03
16.601563,unshaped,1.861720e-03
16.650391,unshaped,1.864861e-03
16.699219,unshaped,1.868242e-03
16.748047,unshaped,1.842562e-03
16.796875,unshaped,1.823236e-03
16.845703,unshaped,1.831430e-03
16.894531,unshaped,1.827525e-03
16.943359,unshaped,1.799191e-03
16.992188,unshaped,1.788398e-03
17.041016,unshaped,1.798095e-03
17.089844,unshaped,1.786139e-03
17.138672,unshaped,1.758810e-03
17.187500,unshaped,1.756465e-03
17.236328,unshaped,1.764037e-03
17.285156,unshaped,1.744868e-03
17.333984,unshaped,1.721922e-03
17.382813,unshaped,1.726426e-03
17.431641,unshaped,1.728844e-03
17.480469,unshaped,1.704681e-03
17.529297,unshaped,1.688595e-03
17.578125,unshaped,1.697187e-03
17.626953,unshaped,1.692563e-03
17.675781,unshaped,1.666533e-03
17.724609,unshaped,1.658454e-03
17.773438,unshaped,1.667771e-03
17.822266,unshaped,1.655668e-03
17.871094,unshaped,1.631176e-03
17.919922,unshaped,1.630758e-03
17.968750,unshaped,1.637482e-03
18.017578,unshaped,1.618937e-03
18.066406,unshaped,1.599017e-03
18.115234,unshaped,1.604547e-03
18.164063,unshaped,1.606019e-03
18.212891,unshaped,1.583290e-03
18.261719,unshaped,1.570050e-03
18.310547,unshaped,1.578813e-03
18.359375,unshaped,1.573508e-03
18.408203,unshaped,1.549603e-03
18.457031,unshaped,1.543863e-03
18.505859,unshaped,1.552685e-03
18.554688,unshaped,1.540454e-03
18.603516,unshaped,1.518535e-03
18.652344,unshaped,1.519724e-03
18.701172,unshaped,1.525578e-03
18.750000,unshaped,1.507625e-03
18.798828,unshaped,1.490405e-03
18.847656,unshaped,1.496718e-03
18.896484,unshaped,1.497287e-03
18.945313,unshaped,1.475893e-03
18.994141,unshaped,1.465142e-03
19.042969,unshaped,1.473921e-03
19.091797,unshaped,1.468003e-03
19.140625,unshaped,1.446053e-03
19.189453,unshaped,1.442306e-03
19.238281,unshaped,1.450560e-03
19.287109,unshaped,1.438257e-03
19.335938,unshaped,1.418677e-03
19.384766,unshaped,1.421171e-03
19.433594,unshaped,1.426151e-03
19.482422,unshaped,1.408801e-03
19.531250,unshaped,1.394006e-03
19.580078,unshaped,1.400872e-03
19.628906,unshaped,1.400574e-03
19.677734,unshaped,1.380458e-03
19.726563,unshaped,1.371910e-03
19.775391,unshaped,1.380558e-03
19.824219,unshaped,1.374075e-03
19.873047,unshaped,1.353948e-03
19.921875,unshaped,1.351923e-03
19.970703,unshaped,1.359548e-03
20.019531,unshaped,1.347202e-03
20.068359,unshaped,1.329764e-03
20.117188,unshaped,1.333335e-03
20.166016,unshaped,1.337449e-03
20.214844,unshaped,1.320689e-03
20.263672,unshaped,1.308073e-03
20.312500,unshaped,1.315324e-03
20.361328,unshaped,1.314214e-03
20.410156,unshaped,1.295306e-03
20.458984,unshaped,1.288695e-03
20.507813,unshaped,1.297112e-03
20.556641,unshaped,1.290134e-03
20.605469,unshaped,1.271704e-03
20.654297,unshaped,1.271146e-03
20.703125,unshaped,1.278105e-03
20.751953,unshaped,1.265771e-03
20.800781,unshaped,1.250299e-03
20.849609,unshaped,1.254727e-03
20.898438,unshaped,1.257991e-03
20.947266,unshaped,1.241836e-03
20.996094,unshaped,1.231191e-03
21.044922,unshaped,1.238665e-03
21.093750,unshaped,1.236787e-03
21.142578,unshaped,1.219048e-03
21.191406,unshaped,1.214157e-03
21.240234,unshaped,1.222250e-03
21.289063,unshaped,1.214826e-03
21.337891,unshaped,1.197992e-03
21.386719,unshaped,1.198697e-03
21.435547,unshaped,1.204964e-03
21.484375,unshaped,1.192673e-03
21.533203,unshaped,1.179012e-03
21.582031,unshaped,1.184131e-03
21.630859,unshaped,1.186569e-03
21.679688,unshaped,1.171016e-03
21.728516,unshaped,1.162151e-03
21.777344,unshaped,1.169730e-03
21.826172,unshaped,1.167143e-03
21.875000,unshaped,1.150521e-03
21.923828,unshaped,1.147145e-03
21.972656,unshaped,1.154849e-03
22.021484,unshaped,1.147046e-03
22.070313,unshaped,1.131711e-03
22.119141,unshaped,1.133485e-03
22.167969,unshaped,1.139045e-03
22.216797,unshaped,1.126850e-03
22.265625,unshaped,1.114862e-03
22.314453,unshaped,1.120509e-03
22.363281,unshaped,1.122147e-03
22.412109,unshaped,1.107211e-03
22.460938,unshaped,1.099963e-03
22.509766,unshaped,1.107533e-03
22.558594,unshaped,1.104284e-03
22.607422,unshaped,1.088748e-03
22.656250,unshaped,1.086718e-03
22.705078,unshaped,1.093975e-03
22.753906,unshaped,1.085842e-03
22.802734,unshaped,1.071922e-03
22.851563,unshaped,1.074609e-03
22.900391,unshaped,1.079457e-03
22.949219,unshaped,1.067389e-03
22.998047,unshaped,1.056950e-03
23.046875,unshaped,1.062998e-03
23.095703,unshaped,1.063873e-03
23.144531,unshaped,1.049553e-03
23.193359,unshaped,1.043770e-03
23.242188,unshaped,1.051245e-03
23.291016,unshaped,1.047393e-03
23.339844,unshaped,1.032905e-03
23.388672,unshaped,1.032057e-03
23.437500,unshaped,1.038826e-03
23.486328,unshaped,1.030427e-03
23.535156,unshaped,1.017844e-03
23.583984,unshaped,1.021292e-03
23.632813,unshaped,1.025429e-03
23.681641,unshaped,1.013534e-03
23.730469,unshaped,1.004532e-03
23.779297,unshaped,1.010859e-03
23.828125,unshaped,1.011002e-03
23.876953,unshaped,9.973135e-04
23.925781,unshaped,9.928619e-04
23.974609,unshaped,1.000162e-03
24.023438,unshaped,9.957557e-04
24.072266,unshaped,9.822862e-04
24.121094,unshaped,9.824866e-04
24.169922,unshaped,9.887330e-04
24.218750,unshaped,9.801142e-04
24.267578,unshaped,9.687983e-04
24.316406,unshaped,9.728859e-04
24.365234,unshaped,9.763192e-04
24.414063,unshaped,9.646279e-04
24.462891,unshaped,9.569575e-04
24.511719,unshaped,9.634683e-04
24.560547,unshaped,9.629195e-04
24.609375,unshaped,9.498636e-04
24.658203,unshaped,9.466178e-04
24.707031,unshaped,9.536812e-04
24.755859,unshaped,9.487783e-04
24.804688,unshaped,9.362956e-04
24.853516,unshaped,9.374117e-04
24.902344,unshaped,9.431127e-04
24.951172,unshaped,9.343313e-04
25.000000,unshaped,9.242164e-04
25.048828,unshaped,9.288228e-04
25.097656,unshaped,9.315641e-04
25.146484,unshaped,9.201166e-04
25.195313,unshaped,9.136849e-04
25.244141,unshaped,9.202851e-04
25.292969,unshaped,9.190808e-04
25.341797,unshaped,9.066686e-04
25.390625,unshaped,9.045196e-04
25.439453,unshaped,9.112888e-04
25.488281,unshaped,9.059365e-04
25.537109,unshaped,8.944155e-04
25.585938,unshaped,8.963369e-04
25.634766,unshaped,9.014737e-04
25.683594,unshaped,8.925742e-04
25.732422,unshaped,8.835994e-04
25.781250,unshaped,8.886267e-04
25.830078,unshaped,8.906927e-04
25.878906,unshaped,8.795171e-04
25.927734,unshaped,8.742344e-04
25.976563,unshaped,8.808499e-04
26.025391,unshaped,8.790327e-04
26.074219,unshaped,8.672662e-04
26.123047,unshaped,8.661073e-04
26.171875,unshaped,8.725393e-04
26.220703,unshaped,8.667923e-04
26.269531,unshaped,8.562045e-04
26.318359,unshaped,8.588221e-04
26.367188,unshaped,8.633845e-04
26.416016,unshaped,8.544185e-04
26.464844,unshaped,8.465263e-04
26.513672,unshaped,8.518775e-04
26.562500,unshaped,8.532865e-04
26.611328,unshaped,8.424177e-04
26.660156,unshaped,8.382037e-04
26.708984,unshaped,8.447622e-04
26.757813,unshaped,8.423700e-04
26.806641,unshaped,8.312570e-04
26.855469,unshaped,8.309958e-04
26.904297,unshaped,8.370503e-04
26.953125,unshaped,8.309545e-04
27.001953,unshaped,8.212757e-04
27.050781,unshaped,8.244976e-04
27.099609,unshaped,8.284789e-04
27.148438,unshaped,8.194875e-04
27.197266,unshaped,8.126230e-04
27.246094,unshaped,8.182188e-04
27.294922,unshaped,8.189937e-04
27.343750,unshaped,8.084565e-04
27.392578,unshaped,8.052326e-04
27.441406,unshaped,8.116767e-04
27.490234,unshaped,8.087532e-04
27.539063,unshaped,7.982945e-04
27.587891,unshaped,7.988394e-04
27.636719,unshaped,8.044868e-04
27.685547,unshaped,7.980939e-04
27.734375,unshaped,7.892979e-04
27.783203,unshaped,7.930324e-04
27.832031,unshaped,7.964316e-04
27.880859,unshaped,7.874612e-04
27.929688,unshaped,7.815727e-04
27.978516,unshaped,7.873343e-04
28.027344,unshaped,7.874983e-04
28.076172,unshaped,7.773223e-04
28.125000,unshaped,7.750179e-04
28.173828,unshaped,7.812919e-04
28.222656,unshaped,7.778758e-04
28.271484,unshaped,7.680758e-04
28.320313,unshaped,7.693471e-04
28.369141,unshaped,7.745604e-04
28.417969,unshaped,7.679142e-04
28.466797,unshaped,7.599768e-04
28.515625,unshaped,7.641464e-04
28.564453,unshaped,7.669658e-04
28.613281,unshaped,7.580541e-04
28.662109,unshaped,7.530910e-04
28.710938,unshaped,7.589533e-04
28.759766,unshaped,7.585336e-04
28.808594,unshaped,7.487405e-04
28.857422,unshaped,7.472852e-04
28.906250,unshaped,7.533447e-04
28.955078,unshaped,7.494796e-04
29.003906,unshaped,7.403375e-04
29.052734,unshaped,7.422554e-04
29.101563,unshaped,7.470154e-04
29.150391,unshaped,7.401643e-04
29.199219,unshaped,7.330602e-04
29.248047,unshaped,7.375871e-04
29.296875,unshaped,7.398327e-04
29.345703,unshaped,7.310211e-04
29.394531,unshaped,7.269360e-04
29.443359,unshaped,7.328345e-04
29.492188,unshaped,7.318577e-04
29.541016,unshaped,7.224719e-04
29.589844,unshaped,7.218026e-04
29.638672,unshaped,7.276050e-04
29.687500,unshaped,7.233297e-04
29.736328,unshaped,7.148466e-04
29.785156,unshaped,7.173412e-04
29.833984,unshaped,7.216314e-04
29.882813,unshaped,7.146169e-04
29.931641,unshaped,7.083214e-04
29.980469,unshaped,7.131394e-04
30.029297,unshaped,7.148203e-04
30.078125,unshaped,7.061430e-04
30.126953,unshaped,7.028883e-04
30.175781,unshaped,7.087695e-04
30.224609,unshaped,7.072657e-04
30.273438,unshaped,6.983055e-04
30.322266,unshaped,6.983584e-04
30.371094,unshaped,7.038698e-04
30.419922,unshaped,6.992273e-04
30.468750,unshaped,6.914002e-04
30.517578,unshaped,6.944012e-04
30.566406,unshaped,6.982108e-04
30.615234,unshaped,6.910778e-04
30.664063,unshaped,6.855660e-04
30.712891,unshaped,6.906085e-04
30.761719,unshaped,6.917362e-04
30.810547,unshaped,6.832298e-04
30.859375,unshaped,6.807610e-04
30.908203,unshaped,6.865722e-04
30.957031,unshaped,6.845701e-04
31.005859,unshaped,6.760556e-04
31.054688,unshaped,6.767731e-04
31.103516,unshaped,6.819613e-04
31.152344,unshaped,6.769900e-04
31.201172,unshaped,6.698170e-04
31.250000,unshaped,6.732623e-04
31.298828,unshaped,6.765830e-04
31.347656,unshaped,6.693707e-04
31.396484,unshaped,6.646171e-04
31.445313,unshaped,6.698270e-04
31.494141,unshaped,6.704160e-04
31.542969,unshaped,6.621111e-04
31.591797,unshaped,6.603829e-04
31.640625,unshaped,6.660799e-04
31.689453,unshaped,6.636120e-04
31.738281,unshaped,6.555577e-04
31.787109,unshaped,6.568814e-04
31.835938,unshaped,6.617213e-04
31.884766,unshaped,6.564630e-04
31.933594,unshaped,6.499388e-04
31.982422,unshaped,6.537660e-04
32.031250,unshaped,6.565937e-04
32.080078,unshaped,6.493437e-04
32.128906,unshaped,6.453230e-04
32.177734,unshaped,6.506432e-04
32.226563,unshaped,6.507093e-04
32.275391,unshaped,6.426381e-04
32.324219,unshaped,6.416082e-04
32.373047,unshaped,6.471479e-04
32.421875,unshaped,6.442444e-04
32.470703,unshaped,6.366661e-04
32.519531,unshaped,6.385430e-04
32.568359,unshaped,6.430112e-04
32.617188,unshaped,6.375036e-04
32.666016,unshaped,6.316230e-04
32.714844,unshaped,6.357765e-04
32.763672,unshaped,6.381099e-04
32.812500,unshaped,6.308586e-04
32.861328,unshaped,6.275446e-04
32.910156,unshaped,6.329257e-04
32.958984,unshaped,6.324875e-04
33.007813,unshaped,6.246771e-04
33.056641,unshaped,6.243019e-04
33.105469,unshaped,6.296483e-04
33.154297,unshaped,6.263427e-04
33.203125,unshaped,6.192516e-04
33.251953,unshaped,6.216277e-04
33.300781,unshaped,6.257063e-04
33.349609,unshaped,6.199897e-04
33.398438,unshaped,6.147453e-04
33.447266,unshaped,6.191691e-04
33.496094,unshaped,6.210099e-04
33.544922,unshaped,6.137957e-04
33.593750,unshaped,6.111623e-04
33.642578,unshaped,6.165552e-04
33.691406,unshaped,6.156318e-04
33.740234,unshaped,6.081102e-04
33.789063,unshaped,6.083490e-04
33.837891,unshaped,6.134671e-04
33.886719,unshaped,6.097911e-04
33.935547,unshaped,6.031986e-04
33.984375,unshaped,6.060246e-04
34.033203,unshaped,6.096976e-04
34.082031,unshaped,6.038088e-04
34.130859,unshaped,5.991923e-04
34.179688,unshaped,6.038366e-04
34.228516,unshaped,6.051889e-04
34.277344,unshaped,5.980455e-04
34.326172,unshaped,5.960657e-04
34.375000,unshaped,6.014275e-04
34.423828,unshaped,6.000411e-04
34.472656,unshaped,5.928317e-04
34.521484,unshaped,5.936423e-04
34.570313,unshaped,5.985030e-04
34.619141,unshaped,5.944908e-04
34.667969,unshaped,5.884049e-04
34.716797,unshaped,5.916306e-04
34.765625,unshaped,5.948863e-04
34.814453,unshaped,5.888640e-04
34.863281,unshaped,5.848656e-04
34.912109,unshaped,5.896801e-04
34.960938,unshaped,5.905505e-04
35.009766,unshaped,5.835128e-04
35.058594,unshaped,5.821598e-04
35.107422,unshaped,5.874484e-04
35.156250,unshaped,5.856209e-04
35.205078,unshaped,5.787476e-04
35.253906,unshaped,5.800906e-04
35.302734,unshaped,5.846660e-04
35.351563,unshaped,5.803498e-04
35.400391,unshaped,5.747780e-04
35.449219,unshaped,5.783575e-04
35.498047,unshaped,5.811863e-04
35.546875,unshaped,5.750658e-04
35.595703,unshaped,5.716745e-04
35.644531,unshaped,5.766142e-04
35.693359,unshaped,5.770116e-04
35.742188,unshaped,5.701108e-04
35.791016,unshaped,5.693563e-04
35.839844,unshaped,5.745348e-04
35.888672,unshaped,5.722909e-04
35.937500,unshaped,5.657737e-04
35.986328,unshaped,5.676082e-04
36.035156,unshaped,5.718753e-04
36.083984,unshaped,5.672896e-04
36.132813,unshaped,5.622365e-04
36.181641,unshaped,5.661229e-04
36.230469,unshaped,5.685186e-04
36.279297,unshaped,5.623370e-04
36.328125,unshaped,5.595405e-04
36.376953,unshaped,5.645602e-04
36.425781,unshaped,5.644952e-04
36.474609,unshaped,5.577629e-04
36.523438,unshaped,5.575796e-04
36.572266,unshaped,5.626119e-04
36.621094,unshaped,5.599759e-04
36.669922,unshaped,5.538346e-04
36.718750,unshaped,5.561222e-04
36.767578,unshaped,5.600594e-04
36.816406,unshaped,5.552368e-04
36.865234,unshaped,5.507063e-04
36.914063,unshaped,5.548564e-04
36.962891,unshaped,5.568148e-04
37.011719,unshaped,5.506060e-04
37.060547,unshaped,5.483907e-04
37.109375,unshaped,5.534499e-04
37.158203,unshaped,5.529355e-04
37.207031,unshaped,5.463999e-04
37.255859,unshaped,5.467586e-04
37.304688,unshaped,5.516131e-04
37.353516,unshaped,5.486117e-04
37.402344,unshaped,5.428631e-04
37.451172,unshaped,5.455639e-04
37.500000,unshaped,5.491537e-04
37.548828,unshaped,5.441286e-04
37.597656,unshaped,5.401220e-04
37.646484,unshaped,5.444921e-04
37.695313,unshaped,5.460120e-04
37.744141,unshaped,5.398109e-04
37.792969,unshaped,5.381622e-04
37.841797,unshaped,5.432204e-04
37.890625,unshaped,5.422708e-04
37.939453,unshaped,5.359604e-04
37.988281,unshaped,5.368326e-04
38.037109,unshaped,5.414789e-04
38.085938,unshaped,5.381381e-04
38.134766,unshaped,5.327983e-04
38.183594,unshaped,5.358747e-04
38.232422,unshaped,5.391012e-04
38.281250,unshaped,5.339062e-04
38.330078,unshaped,5.304238e-04
38.378906,unshaped,5.349734e-04
38.427734,unshaped,5.360555e-04
38.476563,unshaped,5.298945e-04
38.525391,unshaped,5.287963e-04
38.574219,unshaped,5.338169e-04
38.623047,unshaped,5.324485e-04
38.671875,unshaped,5.263887e-04
38.720703,unshaped,5.277445e-04
38.769531,unshaped,5.321559e-04
38.818359,unshaped,5.285041e-04
38.867188,unshaped,5.235862e-04
38.916016,unshaped,5.269997e-04
38.964844,unshaped,5.298503e-04
39.013672,unshaped,5.245194e-04
39.062500,unshaped,5.215594e-04
39.111328,unshaped,5.262478e-04
39.160156,unshaped,5.268951e-04
39.208984,unshaped,5.208070e-04
39.257813,unshaped,5.202425e-04
39.306641,unshaped,5.251894e-04
39.355469,unshaped,5.234195e-04
39.404297,unshaped,5.176354e-04
39.453125,unshaped,5.194457e-04
39.501953,unshaped,5.235967e-04
39.550781,unshaped,5.196616e-04
39.599609,unshaped,5.151781e-04
39.648438,unshaped,5.188918e-04
39.697266,unshaped,5.213558e-04
39.746094,unshaped,5.159212e-04
39.794922,unshaped,5.134806e-04
39.843750,unshaped,5.182697e-04
39.892578,unshaped,5.184874e-04
39.941406,unshaped,5.125027e-04
39.990234,unshaped,5.124535e-04
40.039063,unshaped,5.172940e-04
40.087891,unshaped,5.151421e-04
40.136719,unshaped,5.096561e-04
40.185547,unshaped,5.118902e-04
40.234375,unshaped,5.157588e-04
40.283203,unshaped,5.115697e-04
40.332031,unshaped,5.075305e-04
40.380859,unshaped,5.115068e-04
40.429688,unshaped,5.135762e-04
40.478516,unshaped,5.080715e-04
40.527344,unshaped,5.061454e-04
40.576172,unshaped,5.109972e-04
40.625000,unshaped,5.107923e-04
40.673828,unshaped,5.049416e-04
40.722656,unshaped,5.053889e-04
40.771484,unshaped,5.100908e-04
40.820313,unshaped,5.075769e-04
40.869141,unshaped,5.024110e-04
40.917969,unshaped,5.050390e-04
40.966797,unshaped,5.086045e-04
41.015625,unshaped,5.041903e-04
41.064453,unshaped,5.006041e-04
41.113281,unshaped,5.048073e-04
41.162109,unshaped,5.064761e-04
41.210938,unshaped,5.009329e-04
41.259766,unshaped,4.995151e-04
41.308594,unshaped,5.043940e-04
41.357422,unshaped,5.037756e-04
41.406250,unshaped,4.980874e-04
41.455078,unshaped,4.990106e-04
41.503906,unshaped,5.035450e-04
41.552734,unshaped,5.006910e-04
41.601563,unshaped,4.958647e-04
41.650391,unshaped,4.988554e-04
41.699219,unshaped,5.021000e-04
41.748047,unshaped,4.974910e-04
41.796875,unshaped,4.943644e-04
41.845703,unshaped,4.987581e-04
41.894531,unshaped,5.000225e-04
41.943359,unshaped,4.944735e-04
41.992188,unshaped,4.935561e-04
42.041016,unshaped,4.984270e-04
42.089844,unshaped,4.974056e-04
42.138672,unshaped,4.919082e-04
42.187500,unshaped,4.932864e-04
42.236328,unshaped,4.976252e-04
42.285156,unshaped,4.944535e-04
42.333984,unshaped,4.899855e-04
42.382813,unshaped,4.933083e-04
42.431641,unshaped,4.962160e-04
42.480469,unshaped,4.914417e-04
42.529297,unshaped,4.887800e-04
42.578125,unshaped,4.933294e-04
42.626953,unshaped,4.941878e-04
42.675781,unshaped,4.886638e-04
42.724609,unshaped,4.882376e-04
42.773438,unshaped,4.930673e-04
42.822266,unshaped,4.916556e-04
42.871094,unshaped,4.863754e-04
42.919922,unshaped,4.881861e-04
42.968750,unshaped,4.923038e-04
43.017578,unshaped,4.888386e-04
43.066406,unshaped,4.847453e-04
43.115234,unshaped,4.883687e-04
43.164063,unshaped,4.909258e-04
43.212891,unshaped,4.860171e-04
43.261719,unshaped,4.838237e-04
43.310547,unshaped,4.884935e-04
43.359375,unshaped,4.889463e-04
43.408203,unshaped,4.834788e-04
43.457031,unshaped,4.835332e-04
43.505859,unshaped,4.882892e-04
43.554688,unshaped,4.865011e-04
43.603516,unshaped,4.814640e-04
43.652344,unshaped,4.836844e-04
43.701172,unshaped,4.875568e-04
43.750000,unshaped,4.838225e-04
43.798828,unshaped,4.801193e-04
43.847656,unshaped,4.840123e-04
43.896484,unshaped,4.862070e-04
43.945313,unshaped,4.811940e-04
43.994141,unshaped,4.794707e-04
44.042969,unshaped,4.842272e-04
44.091797,unshaped,4.842768e-04
44.140625,unshaped,4.788958e-04
44.189453,unshaped,4.794186e-04
44.238281,unshaped,4.840704e-04
44.287109,unshaped,4.819217e-04
44.335938,unshaped,4.771517e-04
44.384766,unshaped,4.797577e-04
44.433594,unshaped,4.833628e-04
44.482422,unshaped,4.793855e-04
44.531250,unshaped,4.760858e-04
44.580078,unshaped,4.802165e-04
44.628906,unshaped,4.820392e-04
44.677734,unshaped,4.769530e-04
44.726563,unshaped,4.757000e-04
44.775391,unshaped,4.805094e-04
44.824219,unshaped,4.801600e-04
44.873047,unshaped,4.748956e-04
44.921875,unshaped,4.758734e-04
44.970703,unshaped,4.803912e-04
45.019531,unshaped,4.778989e-04
45.068359,unshaped,4.734193e-04
45.117188,unshaped,4.763864e-04
45.166016,unshaped,4.797038e-04
45.214844,unshaped,4.755097e-04
45.263672,unshaped,4.726257e-04
45.312500,unshaped,4.769628e-04
45.361328,unshaped,4.784058e-04
45.410156,unshaped,4.732768e-04
45.458984,unshaped,4.724926e-04
45.507813,unshaped,4.773224e-04
45.556641,unshaped,4.765802e-04
45.605469,unshaped,4.714612e-04
45.654297,unshaped,4.728791e-04
45.703125,unshaped,4.772351e-04
45.751953,unshaped,4.744178e-04
45.800781,unshaped,4.702504e-04
45.849609,unshaped,4.735528e-04
45.898438,unshaped,4.765641e-04
45.947266,unshaped,4.721807e-04
45.996094,unshaped,4.697227e-04
46.044922,unshaped,4.742343e-04
46.093750,unshaped,4.752920e-04
46.142578,unshaped,4.701512e-04
46.191406,unshaped,4.698328e-04
46.240234,unshaped,4.746506e-04
46.289063,unshaped,4.735235e-04
46.337891,unshaped,4.685785e-04
46.386719,unshaped,4.704207e-04
46.435547,unshaped,4.745877e-04
46.484375,unshaped,4.714654e-04
46.533203,unshaped,4.676307e-04
46.582031,unshaped,4.712425e-04
46.630859,unshaped,4.739308e-04
46.679688,unshaped,4.693859e-04
46.728516,unshaped,4.673628e-04
46.777344,unshaped,4.720175e-04
46.826172,unshaped,4.726861e-04
46.875000,unshaped,4.675640e-04
46.923828,unshaped,4.677068e-04
46.972656,unshaped,4.724815e-04
47.021484,unshaped,4.709794e-04
47.070313,unshaped,4.662357e-04
47.119141,unshaped,4.684846e-04
47.167969,unshaped,4.724375e-04
47.216797,unshaped,4.690314e-04
47.265625,unshaped,4.655486e-04
47.314453,unshaped,4.694428e-04
47.363281,unshaped,4.717933e-04
47.412109,unshaped,4.671157e-04
47.460938,unshaped,4.655347e-04
47.509766,unshaped,4.703007e-04
47.558594,unshaped,4.705784e-04
47.607422,unshaped,4.655058e-04
47.656250,unshaped,4.661035e-04
47.705078,unshaped,4.708044e-04
47.753906,unshaped,4.689387e-04
47.802734,unshaped,4.644232e-04
47.851563,unshaped,4.670605e-04
47.900391,unshaped,4.707752e-04
47.949219,unshaped,4.671077e-04
47.998047,unshaped,4.639948e-04
48.046875,unshaped,4.681439e-04
48.095703,unshaped,4.701435e-04
48.144531,unshaped,4.653622e-04
48.193359,unshaped,4.642289e-04
48.242188,unshaped,4.690749e-04
48.291016,unshaped,4.689619e-04
48.339844,unshaped,4.639690e-04
48.388672,unshaped,4.650139e-04
48.437500,unshaped,4.696114e-04
48.486328,unshaped,4.673952e-04
48.535156,unshaped,4.631337e-04
48.583984,unshaped,4.661396e-04
48.632813,unshaped,4.695937e-04
48.681641,unshaped,4.656885e-04
48.730469,unshaped,4.629619e-04
48.779297,unshaped,4.673378e-04
48.828125,unshaped,4.689752e-04
48.876953,unshaped,4.641201e-04
48.925781,unshaped,4.634385e-04
48.974609,unshaped,4.683332e-04
49.023438,unshaped,4.678313e-04
49.072266,unshaped,4.629483e-04
49.121094,unshaped,4.644312e-04
49.169922,unshaped,4.688965e-04
49.218750,unshaped,4.663446e-04
49.267578,unshaped,4.623621e-04
49.316406,unshaped,4.657158e-04
49.365234,unshaped,4.688882e-04
49.414063,unshaped,4.647700e-04
49.462891,unshaped,4.624448e-04
49.511719,unshaped,4.670190e-04
49.560547,unshaped,4.682848e-04
49.609375,unshaped,4.633859e-04
49.658203,unshaped,4.631584e-04
49.707031,unshaped,4.680707e-04
49.755859,unshaped,4.671839e-04
49.804688,unshaped,4.624406e-04
49.853516,unshaped,4.643508e-04
49.902344,unshaped,4.686559e-04
49.951172,unshaped,4.657848e-04
50.000000,unshaped,2.310526e-04
0.000000,fourth,1.415740e+02
0.048828,fourth,3.895252e+02
0.097656,fourth,6.481093e+01
0.146484,fourth,1.715276e+01
0.195313,fourth,2.644281e+00
0.244141,fourth,2.657482e+00
0.292969,fourth,7.825286e-01
0.341797,fourth,2.882524e-01
0.390625,fourth,2.552110e-02
0.439453,fourth,1.050735e-02
0.488281,fourth,2.335775e-02
0.537109,fourth,4.092086e-02
0.585938,fourth,4.349683e-02
0.634766,fourth,3.217242e-02
0.683594,fourth,1.073447e-02
0.732422,fourth,3.451221e-03
0.781250,fourth,1.825198e-04
0.830078,fourth,1.775393e-04
0.878906,fourth,1.258195e-03
0.927734,fourth,1.089101e-03
0.976563,fourth,1.155672e-03
1.025391,fourth,3.312731e-04
1.074219,fourth,1.390747e-04
1.123047,fourth,3.020322e-05
1.171875,fourth,5.450719e-06
1.220703,fourth,4.449665e-06
1.269531,fourth,5.686208e-07
1.318359,fourth,6.273955e-07
1.367188,fourth,2.905785e-06
1.416016,fourth,1.259054e-05
1.464844,fourth,1.224100e-05
1.513672,fourth,2.026590e-05
1.562500,fourth,5.529392e-06
1.611328,fourth,3.648009e-06
1.660156,fourth,4.484402e-06
1.708984,fourth,1.341886e-05
1.757813,fourth,3.819443e-05
1.806641,fourth,4.247893e-05
1.855469,fourth,4.064305e-05
1.904297,fourth,1.879024e-05
1.953125,fourth,4.696343e-06
2.001953,fourth,3.764727e-07
2.050781,fourth,3.424298e-06
2.099609,fourth,9.526465e-06
2.148438,fourth,1.358384e-05
2.197266,fourth,9.986395e-06
2.246094,fourth,5.815804e-06
2.294922,fourth,1.487266e-06
2.343750,fourth,3.144341e-07
2.392578,fourth,2.184994e-07
2.441406,fourth,1.485516e-07
2.490234,fourth,2.370423e-07
2.539063,fourth,9.038943e-08
2.587891,fourth,1.683692e-08
2.636719,fourth,2.339923e-08
2.685547,fourth,1.525401e-07
2.734375,fourth,5.593344e-08
2.783203,fourth,1.257661e-07
2.832031,fourth,7.578280e-08
2.880859,fourth,1.758935e-07
2.929688,fourth,6.424355e-07
2.978516,fourth,9.398054e-07
3.027344,fourth,1.972832e-06
3.076172,fourth,1.126302e-06
3.125000,fourth,8.232802e-07
3.173828,fourth,6.928801e-08
3.222656,fourth,2.365671e-08
3.271484,fourth,4.513637e-07
3.320313,fourth,6.825432e-07
3.369141,fourth,1.331937e-06
3.417969,fourth,8.512243e-07
3.466797,fourth,5.135282e-07
3.515625,fourth,1.167246e-07
3.564453,fourth,3.315707e-08
3.613281,fourth,2.439874e-08
3.662109,fourth,4.750203e-08
3.710938,fourth,9.340466e-08
3.759766,fourth,4.357870e-08
3.808594,fourth,1.917753e-08
3.857422,fourth,2.898730e-09
3.906250,fourth,2.945853e-10
3.955078,fourth,2.034547e-09
4.003906,fourth,5.111100e-09
4.052734,fourth,6.035835e-09
4.101563,fourth,2.727511e-08
4.150391,fourth,4.576487e-08
4.199219,fourth,1.042401e-07
4.248047,fourth,1.316162e-07
4.296875,fourth,1.405738e-07
4.345703,fourth,4.089811e-08
4.394531,fourth,1.124122e-08
4.443359,fourth,1.784427e-08
4.492188,fourth,5.533093e-08
4.541016,fourth,1.825607e-07
4.589844,fourth,1.730695e-07
4.638672,fourth,1.983855e-07
4.687500,fourth,6.463709e-08
4.736328,fourth,2.531348e-08
4.785156,fourth,3.532469e-09
4.833984,fourth,5.175304e-09
4.882813,fourth,3.481228e-08
4.931641,fourth,2.664943e-08
4.980469,fourth,3.085948e-08
5.029297,fourth,7.734359e-09
5.078125,fourth,3.512261e-09
5.126953,fourth,8.373095e-10
5.175781,fourth,3.175196e-11
5.224609,fourth,5.275665e-11
5.273438,fourth,1.865291e-09
5.322266,fourth,1.963692e-09
5.371094,fourth,5.858145e-09
5.419922,fourth,1.378425e-08
5.468750,fourth,1.421320e-08
5.517578,fourth,1.668816e-08
5.566406,fourth,4.592953e-09
5.615234,fourth,2.371807e-09
5.664063,fourth,4.955135e-09
5.712891,fourth,1.639832e-08
5.761719,fourth,4.184846e-08
5.810547,fourth,5.074240e-08
5.859375,fourth,3.791291e-08
5.908203,fourth,1.998152e-08
5.957031,fourth,3.308980e-09
6.005859,fourth,5.563143e-10
6.054688,fourth,6.071799e-09
6.103516,fourth,1.282573e-08
6.152344,fourth,1.892774e-08
6.201172,fourth,1.065478e-08
6.250000,fourth,6.403190e-09
6.298828,fourth,1.411088e-09
6.347656,fourth,3.490018e-10
6.396484,fourth,1.950083e-10
6.445313,fourth,8.526456e-11
6.494141,fourth,1.579995e-11
6.542969,fourth,2.674786e-10
6.591797,fourth,5.706404e-10
6.640625,fourth,1.270756e-09
6.689453,fourth,2.644819e-09
6.738281,fourth,1.067828e-09
6.787109,fourth,1.266614e-09
6.835938,fourth,6.556937e-10
6.884766,fourth,1.569719e-09
6.933594,fourth,6.708004e-09
6.982422,fourth,9.063607e-09
7.031250,fourth,1.706346e-08
7.080078,fourth,9.097858e-09
7.128906,fourth,5.384364e-09
7.177734,fourth,4.402497e-10
7.226563,fourth,2.463936e-10
7.275391,fourth,4.308985e-09
7.324219,fourth,5.899752e-09
7.373047,fourth,9.858440e-09
7.421875,fourth,5.978348e-09
7.470703,fourth,2.807248e-09
7.519531,fourth,6.755499e-10
7.568359,fourth,2.065958e-10
7.617188,fourth,1.432484e-10
7.666016,fourth,1.754806e-10
7.714844,fourth,2.804438e-10
7.763672,fourth,2.534332e-11
7.812500,fourth,2.506293e-11
7.861328,fourth,1.151243e-10
7.910156,fourth,2.069265e-10
7.958984,fourth,1.660048e-10
8.007813,fourth,2.456929e-10
8.056641,fourth,2.241134e-10
8.105469,fourth,9.975478e-10
8.154297,fourth,1.574876e-09
8.203125,fourth,3.690321e-09
8.251953,fourth,3.668431e-09
8.300781,fourth,3.734649e-09
8.349609,fourth,8.002782e-10
8.398438,fourth,2.088101e-10
8.447266,fourth,5.511339e-10
8.496094,fourth,1.526790e-09
8.544922,fourth,4.646327e-09
8.593750,fourth,3.607525e-09
8.642578,fourth,3.915291e-09
8.691406,fourth,1.060593e-09
8.740234,fourth,3.523986e-10
8.789063,fourth,8.265849e-11
8.837891,fourth,1.060766e-10
8.886719,fourth,5.185165e-10
8.935547,fourth,2.873675e-10
8.984375,fourth,2.643632e-10
9.033203,fourth,2.631265e-11
9.082031,fourth,7.564359e-12
9.130859,fourth,7.876175e-12
9.179688,fourth,2.478874e-11
9.228516,fourth,3.245286e-11
9.277344,fourth,1.961604e-10
9.326172,fourth,2.562189e-10
9.375000,fourth,5.511908e-10
9.423828,fourth,1.085065e-09
9.472656,fourth,1.085553e-09
9.521484,fourth,9.213863e-10
9.570313,fourth,2.505780e-10
9.619141,fourth,8.989364e-11
9.667969,fourth,3.160372e-10
9.716797,fourth,9.873078e-10
9.765625,fourth,2.085425e-09
9.814453,fourth,2.425464e-09
9.863281,fourth,1.399656e-09
9.912109,fourth,7.510292e-10
9.960938,fourth,7.694929e-11
10.009766,fourth,2.718978e-11
10.058594,fourth,2.510963e-10
10.107422,fourth,4.185832e-10
10.156250,fourth,5.406949e-10
10.205078,fourth,2.233323e-10
10.253906,fourth,1.119920e-10
10.302734,fourth,1.727158e-11
10.351563,fourth,3.663153e-12
10.400391,fourth,1.800466e-12
10.449219,fourth,1.216442e-11
10.498047,fourth,5.035483e-11
10.546875,fourth,7.167776e-11
10.595703,fourth,1.793407e-10
10.644531,fourth,2.286504e-10
10.693359,fourth,3.801660e-10
10.742188,fourth,1.371864e-10
10.791016,fourth,1.174161e-10
10.839844,fourth,5.822020e-11
10.888672,fourth,1.565281e-10
10.937500,fourth,6.811072e-10
10.986328,fourth,8.297319e-10
11.035156,fourth,1.334732e-09
11.083984,fourth,6.497747e-10
11.132813,fourth,3.009657e-10
11.181641,fourth,2.492671e-11
11.230469,fourth,3.088699e-11
11.279297,fourth,2.940142e-10
11.328125,fourth,3.609044e-10
11.376953,fourth,4.999281e-10
11.425781,fourth,2.637666e-10
11.474609,fourth,9.551651e-11
11.523438,fourth,2.128467e-11
11.572266,fourth,5.917090e-12
11.621094,fourth,2.950439e-12
11.669922,fourth,9.696004e-13
11.718750,fourth,3.727621e-12
11.767578,fourth,1.971784e-11
11.816406,fourth,2.429305e-11
11.865234,fourth,6.781748e-11
11.914063,fourth,6.355575e-11
11.962891,fourth,4.387530e-11
12.011719,fourth,3.580394e-11
12.060547,fourth,3.599277e-11
12.109375,fourth,1.545184e-10
12.158203,fourth,2.430777e-10
12.207031,fourth,5.506685e-10
12.255859,fourth,4.366722e-10
12.304688,fourth,4.154251e-10
12.353516,fourth,6.399556e-11
12.402344,fourth,1.548302e-11
12.451172,fourth,7.214743e-11
12.500000,fourth,1.699196e-10
12.548828,fourth,4.415444e-10
12.597656,fourth,2.866366e-10
12.646484,fourth,2.799148e-10
12.695313,fourth,6.020160e-11
12.744141,fourth,1.815368e-11
12.792969,fourth,5.140037e-12
12.841797,fourth,4.708546e-12
12.890625,fourth,1.602746e-11
12.939453,fourth,4.018671e-12
12.988281,fourth,1.232011e-12
13.037109,fourth,3.863046e-12
13.085938,fourth,8.634610e-12
13.134766,fourth,8.514245e-12
13.183594,fourth,1.299626e-11
13.232422,fourth,1.066981e-11
13.281250,fourth,4.362149e-11
13.330078,fourth,6.778361e-11
13.378906,fourth,1.292808e-10
13.427734,fourth,2.255342e-10
13.476563,fourth,2.158749e-10
13.525391,fourth,1.338081e-10
13.574219,fourth,3.670462e-11
13.623047,fourth,1.090120e-11
13.671875,fourth,5.482991e-11
13.720703,fourth,1.623430e-10
13.769531,fourth,2.753906e-10
13.818359,fourth,2.970274e-10
13.867188,fourth,1.343738e-10
13.916016,fourth,7.018010e-11
13.964844,fourth,4.647714e-12
14.013672,fourth,3.119258e-12
14.062500,fourth,2.076540e-11
14.111328,fourth,2.773127e-11
14.160156,fourth,2.613532e-11
14.208984,fourth,6.657134e-12
14.257813,fourth,1.126611e-12
14.306641,fourth,3.363821e-13
14.355469,fourth,1.429981e-12
14.404297,fourth,1.904053e-12
14.453125,fourth,8.694474e-12
14.501953,fourth,2.401879e-11
14.550781,fourth,2.621650e-11
14.599609,fourth,6.911817e-11
14.648438,fourth,6.993100e-11
14.697266,fourth,1.028749e-10
14.746094,fourth,3.186694e-11
14.794922,fourth,2.090067e-11
14.843750,fourth,1.192648e-11
14.892578,fourth,3.655358e-11
14.941406,fourth,1.429484e-10
14.990234,fourth,1.595085e-10
15.039063,fourth,2.120113e-10
15.087891,fourth,9.399544e-11
15.136719,fourth,3.383596e-11
15.185547,fourth,2.768732e-12
15.234375,fourth,7.059689e-12
15.283203,fourth,3.597165e-11
15.332031,fourth,3.862441e-11
15.380859,fourth,4.335517e-11
15.429688,fourth,1.722440e-11
15.478516,fourth,4.628032e-12
15.527344,fourth,5.535651e-13
15.576172,fourth,1.109063e-13
15.625000,fourth,4.643016e-13
15.673828,fourth,4.297297e-12
15.722656,fourth,6.077673e-12
15.771484,fourth,1.589075e-11
15.820313,fourth,1.661354e-11
15.869141,fourth,3.496230e-11
15.917969,fourth,2.330905e-11
15.966797,fourth,1.631277e-11
16.015625,fourth,7.523340e-12
16.064453,fourth,1.009888e-11
16.113281,fourth,4.327629e-11
16.162109,fourth,6.671225e-11
16.210938,fourth,1.395827e-10
16.259766,fourth,9.063837e-11
16.308594,fourth,7.814684e-11
16.357422,fourth,8.568827e-12
16.406250,fourth,1.907459e-12
16.455078,fourth,1.596402e-11
16.503906,fourth,3.115250e-11
16.552734,fourth,6.595348e-11
16.601563,fourth,3.603189e-11
16.650391,fourth,2.998602e-11
16.699219,fourth,4.650922e-12
16.748047,fourth,1.436742e-12
16.796875,fourth,2.708527e-13
16.845703,fourth,1.847229e-13
16.894531,fourth,2.939026e-13
16.943359,fourth,1.964512e-12
16.992188,fourth,2.722737e-12
17.041016,fourth,5.725538e-12
17.089844,fourth,9.112056e-12
17.138672,fourth,5.995755e-12
17.187500,fourth,6.228027e-12
17.236328,fourth,3.648191e-12
17.285156,fourth,1.406959e-11
17.333984,fourth,2.533969e-11
17.382813,fourth,4.622110e-11
17.431641,fourth,6.991412e-11
17.480469,fourth,6.346668e-11
17.529297,fourth,2.881157e-11
17.578125,fourth,7.831629e-12
17.626953,fourth,2.855656e-12
17.675781,fourth,1.414550e-11
17.724609,fourth,4.007466e-11
17.773438,fourth,5.341944e-11
17.822266,fourth,5.192405e-11
17.871094,fourth,1.871278e-11
17.919922,fourth,8.844239e-12
17.968750,fourth,5.168443e-13
18.017578,fourth,3.804051e-13
18.066406,fourth,1.382916e-12
18.115234,fourth,1.593878e-12
18.164063,fourth,4.173127e-13
18.212891,fourth,2.759373e-13
18.261719,fourth,9.553501e-13
18.310547,fourth,1.088258e-12
18.359375,fourth,2.146765e-12
18.408203,fourth,1.391157e-12
18.457031,fourth,5.254084e-12
18.505859,fourth,1.058767e-11
18.554688,fourth,1.222337e-11
18.603516,fourth,3.201708e-11
18.652344,fourth,2.840557e-11
18.701172,fourth,3.652052e-11
18.750000,fourth,9.794407e-12
18.798828,fourth,4.781715e-12
18.847656,fourth,3.900135e-12
18.896484,fourth,1.265900e-11
18.945313,fourth,4.101328e-11
18.994141,fourth,4.256316e-11
19.042969,fourth,4.517488e-11
19.091797,fourth,1.817547e-11
19.140625,fourth,5.122013e-12
19.189453,fourth,3.745681e-13
19.238281,fourth,1.650169e-12
19.287109,fourth,4.847915e-12
19.335938,fourth,3.957382e-12
19.384766,fourth,3.501057e-12
19.433594,fourth,5.471760e-13
19.482422,fourth,5.426637e-14
19.531250,fourth,1.155775e-13
19.580078,fourth,3.530209e-13
19.628906,fourth,6.967240e-13
19.677734,fourth,4.272426e-12
19.726563,fourth,4.867484e-12
19.775391,fourth,9.629838e-12
19.824219,fourth,1.061016e-11
19.873047,fourth,1.915633e-11
19.921875,fourth,9.871688e-12
19.970703,fourth,6.979591e-12
20.019531,fourth,1.872418e-12
20.068359,fourth,3.732871e-12
20.117188,fourth,1.665841e-11
20.166016,fourth,2.398907e-11
20.214844,fourth,4.490706e-11
20.263672,fourth,2.454282e-11
20.312500,fourth,1.832478e-11
20.361328,fourth,1.461703e-12
20.410156,fourth,3.089202e-13
20.458984,fourth,4.204972e-12
20.507813,fourth,6.531413e-12
20.556641,fourth,1.084447e-11
20.605469,fourth,4.706551e-12
20.654297,fourth,3.046820e-12
20.703125,fourth,2.348407e-13
20.751953,fourth,6.039824e-14
20.800781,fourth,1.681166e-14
20.849609,fourth,6.831992e-13
20.898438,fourth,1.144720e-12
20.947266,fourth,3.117873e-12
20.996094,fourth,3.573882e-12
21.044922,fourth,4.811308e-12
21.093750,fourth,6.924302e-12
21.142578,fourth,3.843270e-12
21.191406,fourth,3.001529e-12
21.240234,fourth,1.366537e-12
21.289063,fourth,5.837545e-12
21.337891,fourth,1.146527e-11
21.386719,fourth,2.072534e-11
21.435547,fourth,2.616723e-11
21.484375,fourth,2.242324e-11
21.533203,fourth,7.452421e-12
21.582031,fourth,1.903106e-12
21.630859,fourth,1.156774e-12
21.679688,fourth,4.295088e-12
21.728516,fourth,1.143804e-11
21.777344,fourth,1.171416e-11
21.826172,fourth,9.881666e-12
21.875000,fourth,2.813132e-12
21.923828,fourth,1.046709e-12
21.972656,fourth,7.613205e-14
22.021484,fourth,1.798257e-14
22.070313,fourth,2.891224e-14
22.119141,fourth,4.422119e-13
22.167969,fourth,7.003028e-13
22.216797,fourth,1.025685e-12
22.265625,fourth,2.003900e-12
22.314453,fourth,1.289596e-12
22.363281,fourth,1.996364e-12
22.412109,fourth,7.945147e-13
22.460938,fourth,3.043263e-12
22.509766,fourth,5.068751e-12
22.558594,fourth,6.814596e-12
22.607422,fourth,1.657653e-11
22.656250,fourth,1.359099e-11
22.705078,fourth,1.464689e-11
22.753906,fourth,3.512027e-12
22.802734,fourth,1.174776e-12
22.851563,fourth,1.660695e-12
22.900391,fourth,5.183301e-12
22.949219,fourth,1.341285e-11
22.998047,fourth,1.290466e-11
23.046875,fourth,1.057922e-11
23.095703,fourth,3.806370e-12
23.144531,fourth,8.538498e-13
23.193359,fourth,4.983461e-14
23.242188,fourth,2.414123e-13
23.291016,fourth,4.252604e-13
23.339844,fourth,1.246723e-13
23.388672,fourth,1.640984e-13
23.437500,fourth,2.034261e-13
23.486328,fourth,2.302083e-13
23.535156,fourth,4.240558e-13
23.583984,fourth,5.169376e-13
23.632813,fourth,6.760546e-13
23.681641,fourth,3.144877e-12
23.730469,fourth,3.187886e-12
23.779297,fourth,6.088135e-12
23.828125,fourth,6.920333e-12
23.876953,fourth,1.105374e-11
23.925781,fourth,4.594622e-12
23.974609,fourth,3.130214e-12
24.023438,fourth,5.560284e-13
24.072266,fourth,1.628262e-12
24.121094,fourth,7.579201e-12
24.169922,fourth,9.742775e-12
24.218750,fourth,1.595015e-11
24.267578,fourth,7.460478e-12
24.316406,fourth,4.573576e-12
24.365234,fourth,2.870833e-13
24.414063,fourth,6.292607e-14
24.462891,fourth,1.030504e-12
24.511719,fourth,1.125674e-12
24.560547,fourth,1.377686e-12
24.609375,fourth,3.383514e-13
24.658203,fourth,1.202561e-13
24.707031,fourth,3.096791e-14
24.755859,fourth,3.943201e-14
24.804688,fourth,7.795015e-14
24.853516,fourth,1.058543e-12
24.902344,fourth,1.405578e-12
24.951172,fourth,2.860681e-12
25.000000,fourth,3.033531e-12
25.048828,fourth,3.878937e-12
25.097656,fourth,4.819851e-12
25.146484,fourth,2.462483e-12
25.195313,fourth,1.421045e-12
25.244141,fourth,5.812487e-13
25.292969,fourth,2.931882e-12
25.341797,fourth,5.773659e-12
25.390625,fourth,1.039914e-11
25.439453,fourth,1.062698e-11
25.488281,fourth,8.548658e-12
25.537109,fourth,2.071340e-12
25.585938,fourth,4.564377e-13
25.634766,fourth,5.042855e-13
25.683594,fourth,1.326125e-12
25.732422,fourth,3.108624e-12
25.781250,fourth,2.336497e-12
25.830078,fourth,1.574752e-12
25.878906,fourth,3.105464e-13
25.927734,fourth,5.788404e-14
25.976563,fourth,4.508329e-15
26.025391,fourth,5.438632e-14
26.074219,fourth,4.024786e-13
26.123047,fourth,9.382584e-13
26.171875,fourth,1.338997e-12
26.220703,fourth,1.319497e-12
26.269531,fourth,2.181157e-12
26.318359,fourth,1.214685e-12
26.367188,fourth,1.561468e-12
26.416016,fourth,4.203703e-13
26.464844,fourth,1.726383e-12
26.513672,fourth,2.767206e-12
26.562500,fourth,4.242012e-12
26.611328,fourth,9.097917e-12
26.660156,fourth,7.082603e-12
26.708984,fourth,6.120379e-12
26.757813,fourth,1.363406e-12
26.806641,fourth,2.813015e-13
26.855469,fourth,7.810135e-13
26.904297,fourth,2.170655e-12
26.953125,fourth,4.442441e-12
27.001953,fourth,3.806410e-12
27.050781,fourth,2.324021e-12
27.099609,fourth,7.053128e-13
27.148438,fourth,1.248721e-13
27.197266,fourth,6.627728e-15
27.246094,fourth,3.491910e-15
27.294922,fourth,5.610976e-14
27.343750,fourth,3.219287e-13
27.392578,fourth,3.738587e-13
27.441406,fourth,6.635005e-13
27.490234,fourth,5.011166e-13
27.539063,fourth,6.005423e-13
27.587891,fourth,4.842070e-13
27.636719,fourth,5.628153e-13
27.685547,fourth,2.114777e-12
27.734375,fourth,2.029539e-12
27.783203,fourth,4.214921e-12
27.832031,fourth,4.584063e-12
27.880859,fourth,6.542726e-12
27.929688,fourth,2.256978e-12
27.978516,fourth,1.388871e-12
28.027344,fourth,2.282443e-13
28.076172,fourth,7.979818e-13
28.125000,fourth,3.651493e-12
28.173828,fourth,4.054667e-12
28.222656,fourth,5.687775e-12
28.271484,fourth,2.252085e-12
28.320313,fourth,1.074364e-12
28.369141,fourth,6.030684e-14
28.417969,fourth,1.028646e-14
28.466797,fourth,1.541367e-13
28.515625,fourth,7.436847e-14
28.564453,fourth,5.495275e-14
28.613281,fourth,8.156699e-14
28.662109,fourth,9.600438e-14
28.710938,fourth,1.423936e-13
28.759766,fourth,1.623315e-13
28.808594,fourth,1.164238e-13
28.857422,fourth,1.111875e-12
28.906250,fourth,1.200197e-12
28.955078,fourth,2.270212e-12
29.003906,fourth,2.397983e-12
29.052734,fourth,3.190936e-12
29.101563,fourth,3.205130e-12
29.150391,fourth,1.589607e-12
29.199219,fourth,6.354718e-13
29.248047,fourth,2.927719e-13
29.296875,fourth,1.675641e-12
29.345703,fourth,3.060464e-12
29.394531,fourth,5.376946e-12
29.443359,fourth,4.364256e-12
29.492188,fourth,3.252493e-12
29.541016,fourth,5.666151e-13
29.589844,fourth,9.710105e-14
29.638672,fourth,1.817212e-13
29.687500,fourth,3.460261e-13
29.736328,fourth,5.962489e-13
29.785156,fourth,2.865214e-13
29.833984,fourth,1.012816e-13
29.882813,fourth,9.645834e-15
29.931641,fourth,2.069854e-14
29.980469,fourth,1.222485e-14
30.029297,fourth,1.628435e-13
30.078125,fourth,6.859548e-13
30.126953,fourth,1.154169e-12
30.175781,fourth,1.397870e-12
30.224609,fourth,1.313602e-12
30.273438,fourth,2.056789e-12
30.322266,fourth,1.072495e-12
30.371094,fourth,1.109308e-12
30.419922,fourth,2.178090e-13
30.468750,fourth,9.670404e-13
30.517578,fourth,1.718260e-12
30.566406,fourth,2.782366e-12
30.615234,fourth,5.082276e-12
30.664063,fourth,3.777285e-12
30.712891,fourth,2.520488e-12
30.761719,fourth,5.353159e-13
30.810547,fourth,6.694832e-14
30.859375,fourth,3.519212e-13
30.908203,fourth,8.074333e-13
30.957031,fourth,1.307032e-12
31.005859,fourth,8.759671e-13
31.054688,fourth,3.745207e-13
31.103516,fourth,7.102459e-14
31.152344,fourth,7.836153e-15
31.201172,fourth,3.865459e-15
31.250000,fourth,1.179402e-13
31.298828,fourth,2.575043e-13
31.347656,fourth,7.879415e-13
31.396484,fourth,6.250162e-13
31.445313,fourth,8.900639e-13
31.494141,fourth,6.319724e-13
31.542969,fourth,6.806251e-13
31.591797,fourth,3.722469e-13
31.640625,fourth,4.445107e-13
31.689453,fourth,1.376179e-12
31.738281,fourth,1.335475e-12
31.787109,fourth,3.105280e-12
31.835938,fourth,3.036040e-12
31.884766,fourth,3.864638e-12
31.933594,fourth,1.126949e-12
31.982422,fourth,5.819134e-13
32.031250,fourth,1.299048e-13
32.080078,fourth,4.152485e-13
32.128906,fourth,1.690452e-12
32.177734,fourth,1.568751e-12
32.226563,fourth,1.838219e-12
32.275391,fourth,5.696562e-13
32.324219,fourth,2.009543e-13
32.373047,fourth,1.076150e-14
32.421875,fourth,1.394807e-15
32.470703,fourth,4.899744e-15
32.519531,fourth,1.299959e-13
32.568359,fourth,1.696536e-13
32.617188,fourth,3.590714e-13
32.666016,fourth,2.825944e-13
32.714844,fourth,2.439100e-13
32.763672,fourth,2.597361e-13
32.812500,fourth,1.314044e-13
32.861328,fourth,9.877706e-13
32.910156,fourth,9.236408e-13
32.958984,fourth,1.740343e-12
33.007813,fourth,1.905530e-12
33.056641,fourth,2.628782e-12
33.105469,fourth,2.049908e-12
33.154297,fourth,1.015514e-12
33.203125,fourth,2.565846e-13
33.251953,fourth,1.718256e-13
33.300781,fourth,1.011265e-12
33.349609,fourth,1.621817e-12
33.398438,fourth,2.662668e-12
33.447266,fourth,1.693609e-12
33.496094,fourth,1.134059e-12
33.544922,fourth,1.361710e-13
33.593750,fourth,1.721602e-14
33.642578,fourth,3.430300e-14
33.691406,fourth,5.025301e-14
33.740234,fourth,2.190397e-14
33.789063,fourth,5.320980e-14
33.837891,fourth,4.612584e-14
33.886719,fourth,6.865481e-14
33.935547,fourth,8.993148e-14
33.984375,fourth,3.873718e-14
34.033203,fourth,2.702410e-13
34.082031,fourth,7.605536e-13
34.130859,fourth,1.122773e-12
34.179688,fourth,1.260319e-12
34.228516,fourth,1.226237e-12
34.277344,fourth,1.837490e-12
34.326172,fourth,9.126334e-13
34.375000,fourth,7.301338e-13
34.423828,fourth,1.136731e-13
34.472656,fourth,5.462471e-13
34.521484,fourth,1.149987e-12
34.570313,fourth,1.830347e-12
34.619141,fourth,2.779343e-12
34.667969,fourth,1.942933e-12
34.716797,fourth,9.715791e-13
34.765625,fourth,1.952967e-13
34.814453,fourth,1.964020e-14
34.863281,fourth,1.277151e-13
34.912109,fourth,2.033711e-13
34.960938,fourth,2.617532e-13
35.009766,fourth,7.581722e-14
35.058594,fourth,2.555885e-14
35.107422,fourth,4.557442e-15
35.156250,fourth,6.446519e-15
35.205078,fourth,1.476620e-14
35.253906,fourth,3.010000e-13
35.302734,fourth,4.546254e-13
35.351563,fourth,1.024415e-12
35.400391,fourth,6.976353e-13
35.449219,fourth,9.921149e-13
35.498047,fourth,6.678292e-13
35.546875,fourth,6.954503e-13
35.595703,fourth,2.501743e-13
35.644531,fourth,3.396612e-13
35.693359,fourth,8.929959e-13
35.742188,fourth,9.323470e-13
35.791016,fourth,2.313276e-12
35.839844,fourth,1.974651e-12
35.888672,fourth,2.209559e-12
35.937500,fourth,5.486398e-13
35.986328,fourth,2.193230e-13
36.035156,fourth,7.934259e-14
36.083984,fourth,2.039109e-13
36.132813,fourth,6.655631e-13
36.181641,fourth,4.770227e-13
36.230469,fourth,4.453026e-13
36.279297,fourth,7.631053e-14
36.328125,fourth,1.861287e-14
36.376953,fourth,5.975303e-16
36.425781,fourth,2.581201e-14
36.474609,fourth,8.938324e-14
36.523438,fourth,4.284979e-13
36.572266,fourth,4.118529e-13
36.621094,fourth,5.800858e-13
36.669922,fourth,4.054464e-13
36.718750,fourth,3.334630e-13
36.767578,fourth,3.041618e-13
36.816406,fourth,1.350640e-13
36.865234,fourth,7.980216e-13
36.914063,fourth,6.972924e-13
36.962891,fourth,1.351709e-12
37.011719,fourth,1.528978e-12
37.060547,fourth,2.105445e-12
37.109375,fourth,1.257013e-12
37.158203,fourth,6.228472e-13
37.207031,fourth,8.930185e-14
37.255859,fourth,1.070582e-13
37.304688,fourth,5.910434e-13
37.353516,fourth,8.010527e-13
37.402344,fourth,1.152261e-12
37.451172,fourth,5.582282e-13
37.500000,fourth,3.124016e-13
37.548828,fourth,2.240532e-14
37.597656,fourth,2.926786e-15
37.646484,fourth,7.881248e-16
37.695313,fourth,3.529197e-14
37.744141,fourth,1.085697e-13
37.792969,fourth,2.342543e-13
37.841797,fourth,2.146749e-13
37.890625,fourth,1.570620e-13
37.939453,fourth,1.635848e-13
37.988281,fourth,6.064292e-14
38.037109,fourth,3.527806e-13
38.085938,fourth,7.052406e-13
38.134766,fourth,9.874174e-13
38.183594,fourth,1.111207e-12
38.232422,fourth,1.135576e-12
38.281250,fourth,1.573161e-12
38.330078,fourth,7.460215e-13
38.378906,fourth,4.445702e-13
38.427734,fourth,6.097632e-14
38.476563,fourth,3.213626e-13
38.525391,fourth,7.688276e-13
38.574219,fourth,1.145143e-12
38.623047,fourth,1.415837e-12
38.671875,fourth,8.948174e-13
38.720703,fourth,3.266992e-13
38.769531,fourth,5.793690e-14
38.818359,fourth,5.535428e-15
38.867188,fourth,2.423436e-14
38.916016,fourth,1.136242e-14
38.964844,fourth,2.748026e-14
39.013672,fourth,4.091553e-14
39.062500,fourth,5.263797e-14
39.111328,fourth,5.790994e-14
39.160156,fourth,2.772758e-14
39.208984,fourth,4.168017e-14
39.257813,fourth,4.513984e-13
39.306641,fourth,5.774236e-13
39.355469,fourth,1.060914e-12
39.404297,fourth,6.907429e-13
39.453125,fourth,1.054946e-12
39.501953,fourth,6.510909e-13
39.550781,fourth,6.550249e-13
39.599609,fourth,1.493222e-13
39.648438,fourth,2.484047e-13
39.697266,fourth,5.925626e-13
39.746094,fourth,6.841506e-13
39.794922,fourth,1.658230e-12
39.843750,fourth,1.227171e-12
39.892578,fourth,1.174746e-12
39.941406,fourth,2.458771e-13
39.990234,fourth,6.998834e-14
40.039063,fourth,3.981488e-14
40.087891,fourth,7.286559e-14
40.136719,fourth,1.704333e-13
40.185547,fourth,6.949250e-14
40.234375,fourth,4.307698e-14
40.283203,fourth,4.146657e-15
40.332031,fourth,3.966914e-15
40.380859,fourth,1.286096e-15
40.429688,fourth,8.839943e-14
40.478516,fourth,2.299064e-13
40.527344,fourth,7.180839e-13
40.576172,fourth,5.655943e-13
40.625000,fourth,6.974377e-13
40.673828,fourth,4.886912e-13
40.722656,fourth,4.177702e-13
40.771484,fourth,3.005135e-13
40.820313,fourth,1.309492e-13
40.869141,fourth,6.061969e-13
40.917969,fourth,5.315987e-13
40.966797,fourth,1.083961e-12
41.015625,fourth,1.211275e-12
41.064453,fourth,1.594001e-12
41.113281,fourth,7.307756e-13
41.162109,fourth,3.518616e-13
41.210938,fourth,2.656395e-14
41.259766,fourth,6.239017e-14
41.308594,fourth,2.965863e-13
41.357422,fourth,3.230138e-13
41.406250,fourth,3.623860e-13
41.455078,fourth,1.195133e-13
41.503906,fourth,4.285877e-14
41.552734,fourth,1.091489e-15
41.601563,fourth,3.004060e-15
41.650391,fourth,4.393163e-14
41.699219,fourth,1.641838e-13
41.748047,fourth,3.759413e-13
41.796875,fourth,4.595520e-13
41.845703,fourth,3.660084e-13
41.894531,fourth,2.291497e-13
41.943359,fourth,2.390721e-13
41.992188,fourth,7.188732e-14
42.041016,fourth,3.991321e-13
42.089844,fourth,5.944075e-13
42.138672,fourth,8.331560e-13
42.187500,fourth,9.917860e-13
42.236328,fourth,1.053978e-12
42.285156,fourth,1.277824e-12
42.333984,fourth,5.782954e-13
42.382813,fourth,2.464042e-13
42.431641,fourth,3.419795e-14
42.480469,fourth,1.973902e-13
42.529297,fourth,4.738346e-13
42.578125,fourth,6.283896e-13
42.626953,fourth,6.168868e-13
42.675781,fourth,3.212715e-13
42.724609,fourth,8.264047e-14
42.773438,fourth,1.033868e-14
42.822266,fourth,4.583211e-16
42.871094,fourth,5.775240e-15
42.919922,fourth,7.370165e-14
42.968750,fourth,1.212986e-13
43.017578,fourth,2.480468e-13
43.066406,fourth,1.414804e-13
43.115234,fourth,1.312078e-13
43.164063,fourth,5.322391e-14
43.212891,fourth,8.572555e-14
43.261719,fourth,5.400699e-13
43.310547,fourth,6.351986e-13
43.359375,fourth,9.932620e-13
43.408203,fourth,6.719231e-13
43.457031,fourth,1.096180e-12
43.505859,fourth,6.071690e-13
43.554688,fourth,5.675664e-13
43.603516,fourth,7.932599e-14
43.652344,fourth,1.701691e-13
43.701172,fourth,4.065122e-13
43.750000,fourth,5.013562e-13
43.798828,fourth,1.087904e-12
43.847656,fourth,6.912489e-13
43.896484,fourth,5.442624e-13
43.945313,fourth,9.117595e-14
43.994141,fourth,1.749109e-14
44.042969,fourth,1.081064e-14
44.091797,fourth,8.083614e-15
44.140625,fourth,1.067826e-14
44.189453,fourth,3.883486e-14
44.238281,fourth,3.544235e-14
44.287109,fourth,7.098698e-14
44.335938,fourth,2.504584e-14
44.384766,fourth,6.188654e-15
44.433594,fourth,1.878311e-13
44.482422,fourth,3.616109e-13
44.531250,fourth,9.296359e-13
44.580078,fourth,6.353873e-13
44.628906,fourth,7.602271e-13
44.677734,fourth,5.572232e-13
44.726563,fourth,4.925002e-13
44.775391,fourth,2.626733e-13
44.824219,fourth,1.194387e-13
44.873047,fourth,4.418293e-13
44.921875,fourth,4.095800e-13
44.970703,fourth,8.856702e-13
45.019531,fourth,9.142889e-13
45.068359,fourth,1.104698e-12
45.117188,fourth,3.915345e-13
45.166016,fourth,1.722061e-13
45.214844,fourth,7.902151e-15
45.263672,fourth,2.811027e-14
45.312500,fourth,9.728600e-14
45.361328,fourth,7.536791e-14
45.410156,fourth,4.149259e-14
45.458984,fourth,1.287894e-14
45.507813,fourth,2.787620e-15
45.556641,fourth,3.712127e-15
45.605469,fourth,1.445648e-14
45.654297,fourth,1.382049e-13
45.703125,fourth,3.825761e-13
45.751953,fourth,6.373979e-13
45.800781,fourth,6.438505e-13
45.849609,fourth,4.807582e-13
45.898438,fourth,2.959039e-13
45.947266,fourth,3.128579e-13
45.996094,fourth,7.530827e-14
46.044922,fourth,4.048662e-13
46.093750,fourth,4.761964e-13
46.142578,fourth,6.962628e-13
46.191406,fourth,8.901165e-13
46.240234,fourth,9.633140e-13
46.289063,fourth,9.659489e-13
46.337891,fourth,4.158554e-13
46.386719,fourth,1.201679e-13
46.435547,fourth,1.995858e-14
46.484375,fourth,1.147906e-13
46.533203,fourth,2.407048e-13
46.582031,fourth,2.527455e-13
46.630859,fourth,1.883039e-13
46.679688,fourth,5.774906e-14
46.728516,fourth,9.894390e-15
46.777344,fourth,3.797116e-16
46.826172,fourth,1.414705e-14
46.875000,fourth,5.734857e-14
46.923828,fourth,3.083943e-13
46.972656,fourth,3.478024e-13
47.021484,fourth,4.903392e-13
47.070313,fourth,2.282925e-13
47.119141,fourth,2.128710e-13
47.167969,fourth,7.852642e-14
47.216797,fourth,1.430469e-13
47.265625,fourth,5.679098e-13
47.314453,fourth,6.424832e-13
47.363281,fourth,8.983289e-13
47.412109,fourth,6.627154e-13
47.460938,fourth,1.102910e-12
47.509766,fourth,5.461380e-13
47.558594,fourth,4.471459e-13
47.607422,fourth,3.770807e-14
47.656250,fourth,1.065592e-13
47.705078,fourth,2.791110e-13
47.753906,fourth,3.336332e-13
47.802734,fourth,6.065712e-13
47.851563,fourth,3.128969e-13
47.900391,fourth,1.913961e-13
47.949219,fourth,2.071972e-14
47.998047,fourth,3.482421e-15
48.046875,fourth,3.926822e-16
48.095703,fourth,3.286817e-14
48.144531,fourth,7.832991e-14
48.193359,fourth,2.422338e-13
48.242188,fourth,1.676438e-13
48.291016,fourth,1.717827e-13
48.339844,fourth,5.879984e-14
48.388672,fourth,1.630437e-14
48.437500,fourth,3.134456e-13
48.486328,fourth,4.664664e-13
48.535156,fourth,1.053966e-12
48.583984,fourth,6.574104e-13
48.632813,fourth,8.184873e-13
48.681641,fourth,6.121166e-13
48.730469,fourth,5.471085e-13
48.779297,fourth,2.056966e-13
48.828125,fourth,1.013451e-13
48.876953,fourth,3.125425e-13
48.925781,fourth,3.134271e-13
48.974609,fourth,7.014059e-13
49.023438,fourth,6.237565e-13
49.072266,fourth,6.648999e-13
49.121094,fourth,1.798250e-13
49.169922,fourth,6.521554e-14
49.218750,fourth,2.312451e-15
49.267578,fourth,5.796300e-15
49.316406,fourth,4.662678e-15
49.365234,fourth,2.563207e-14
49.414063,fourth,3.766264e-14
49.462891,fourth,7.691325e-14
49.511719,fourth,4.669791e-14
49.560547,fourth,1.093344e-14
49.609375,fourth,4.844274e-14
49.658203,fourth,2.661765e-13
49.707031,fourth,6.589261e-13
49.755859,fourth,8.331494e-13
49.804688,fourth,7.818678e-13
49.853516,fourth,5.829076e-13
49.902344,fourth,3.750176e-13
49.951172,fourth,3.728084e-13
50.000000,fourth,3.786527e-14
