frequency_hz,controller,S_mag_db,T_mag_db
0.010000,standard_pd,-49.8693,0.0277
0.010000,filtered_pd,-49.9388,0.0272
0.010093,standard_pd,-49.7096,0.0282
0.010093,filtered_pd,-49.7804,0.0277
0.010186,standard_pd,-49.5500,0.0287
0.010186,filtered_pd,-49.6221,0.0282
0.010280,standard_pd,-49.3903,0.0292
0.010280,filtered_pd,-49.4637,0.0287
0.010376,standard_pd,-49.2307,0.0298
0.010376,filtered_pd,-49.3054,0.0293
0.010472,standard_pd,-49.0710,0.0303
0.010472,filtered_pd,-49.1472,0.0298
0.010569,standard_pd,-48.9114,0.0309
0.010569,filtered_pd,-48.9890,0.0303
0.010667,standard_pd,-48.7518,0.0314
0.010667,filtered_pd,-48.8308,0.0309
0.010765,standard_pd,-48.5922,0.0320
0.010765,filtered_pd,-48.6726,0.0314
0.010865,standard_pd,-48.4326,0.0326
0.010865,filtered_pd,-48.5145,0.0320
0.010966,standard_pd,-48.2730,0.0332
0.010966,filtered_pd,-48.3564,0.0326
0.011067,standard_pd,-48.1135,0.0338
0.011067,filtered_pd,-48.1984,0.0332
0.011170,standard_pd,-47.9539,0.0344
0.011170,filtered_pd,-48.0404,0.0338
0.011273,standard_pd,-47.7944,0.0351
0.011273,filtered_pd,-47.8824,0.0344
0.011378,standard_pd,-47.6348,0.0357
0.011378,filtered_pd,-47.7245,0.0350
0.011483,standard_pd,-47.4753,0.0364
0.011483,filtered_pd,-47.5666,0.0356
0.011589,standard_pd,-47.3158,0.0370
0.011589,filtered_pd,-47.4087,0.0362
0.011697,standard_pd,-47.1563,0.0377
0.011697,filtered_pd,-47.2509,0.0369
0.011805,standard_pd,-46.9968,0.0384
0.011805,filtered_pd,-47.0932,0.0376
0.011915,standard_pd,-46.8373,0.0391
0.011915,filtered_pd,-46.9354,0.0382
0.012025,standard_pd,-46.6779,0.0398
0.012025,filtered_pd,-46.7778,0.0389
0.012136,standard_pd,-46.5184,0.0405
0.012136,filtered_pd,-46.6201,0.0396
0.012249,standard_pd,-46.3590,0.0413
0.012249,filtered_pd,-46.4626,0.0403
0.012362,standard_pd,-46.1995,0.0420
0.012362,filtered_pd,-46.3050,0.0410
0.012477,standard_pd,-46.0401,0.0428
0.012477,filtered_pd,-46.1475,0.0418
0.012592,standard_pd,-45.8807,0.0436
0.012592,filtered_pd,-45.9901,0.0425
0.012709,standard_pd,-45.7214,0.0444
0.012709,filtered_pd,-45.8327,0.0433
0.012826,standard_pd,-45.5620,0.0452
0.012826,filtered_pd,-45.6754,0.0441
0.012945,standard_pd,-45.4026,0.0460
0.012945,filtered_pd,-45.5181,0.0448
0.013065,standard_pd,-45.2433,0.0469
0.013065,filtered_pd,-45.3608,0.0456
0.013186,standard_pd,-45.0840,0.0477
0.013186,filtered_pd,-45.2036,0.0464
0.013308,standard_pd,-44.9247,0.0486
0.013308,filtered_pd,-45.0465,0.0473
0.013432,standard_pd,-44.7654,0.0495
0.013432,filtered_pd,-44.8894,0.0481
0.013556,standard_pd,-44.6061,0.0504
0.013556,filtered_pd,-44.7324,0.0490
0.013682,standard_pd,-44.4468,0.0513
0.013682,filtered_pd,-44.5754,0.0498
0.013808,standard_pd,-44.2876,0.0522
0.013808,filtered_pd,-44.4185,0.0507
0.013936,standard_pd,-44.1284,0.0532
0.013936,filtered_pd,-44.2616,0.0516
0.014065,standard_pd,-43.9692,0.0541
0.014065,filtered_pd,-44.1048,0.0525
0.014196,standard_pd,-43.8100,0.0551
0.014196,filtered_pd,-43.9481,0.0534
0.014327,standard_pd,-43.6508,0.0561
0.014327,filtered_pd,-43.7914,0.0544
0.014460,standard_pd,-43.4916,0.0572
0.014460,filtered_pd,-43.6348,0.0553
0.014594,standard_pd,-43.3325,0.0582
0.014594,filtered_pd,-43.4783,0.0563
0.014729,standard_pd,-43.1734,0.0593
0.014729,filtered_pd,-43.3218,0.0573
0.014865,standard_pd,-43.0143,0.0603
0.014865,filtered_pd,-43.1654,0.0583
0.015003,standard_pd,-42.8552,0.0614
0.015003,filtered_pd,-43.0090,0.0593
0.015142,standard_pd,-42.6962,0.0625
0.015142,filtered_pd,-42.8527,0.0604
0.015282,standard_pd,-42.5371,0.0637
0.015282,filtered_pd,-42.6965,0.0614
0.015424,standard_pd,-42.3781,0.0648
0.015424,filtered_pd,-42.5404,0.0625
0.015567,standard_pd,-42.2191,0.0660
0.015567,filtered_pd,-42.3843,0.0636
0.015711,standard_pd,-42.0601,0.0672
0.015711,filtered_pd,-42.2283,0.0647
0.015856,standard_pd,-41.9012,0.0684
0.015856,filtered_pd,-42.0723,0.0658
0.016003,standard_pd,-41.7422,0.0697
0.016003,filtered_pd,-41.9165,0.0670
0.016151,standard_pd,-41.5833,0.0709
0.016151,filtered_pd,-41.7607,0.0681
0.016301,standard_pd,-41.4245,0.0722
0.016301,filtered_pd,-41.6050,0.0693
0.016452,standard_pd,-41.2656,0.0735
0.016452,filtered_pd,-41.4494,0.0705
0.016604,standard_pd,-41.1068,0.0748
0.016604,filtered_pd,-41.2938,0.0717
0.016758,standard_pd,-40.9479,0.0762
0.016758,filtered_pd,-41.1383,0.0730
0.016913,standard_pd,-40.7892,0.0776
0.016913,filtered_pd,-40.9830,0.0742
0.017070,standard_pd,-40.6304,0.0790
0.017070,filtered_pd,-40.8277,0.0755
0.017228,standard_pd,-40.4717,0.0804
0.017228,filtered_pd,-40.6724,0.0768
0.017388,standard_pd,-40.3130,0.0818
0.017388,filtered_pd,-40.5173,0.0781
0.017549,standard_pd,-40.1543,0.0833
0.017549,filtered_pd,-40.3623,0.0795
0.017711,standard_pd,-39.9956,0.0848
0.017711,filtered_pd,-40.2073,0.0809
0.017875,standard_pd,-39.8370,0.0863
0.017875,filtered_pd,-40.0525,0.0822
0.018041,standard_pd,-39.6784,0.0879
0.018041,filtered_pd,-39.8977,0.0836
0.018208,standard_pd,-39.5198,0.0894
0.018208,filtered_pd,-39.7430,0.0851
0.018377,standard_pd,-39.3613,0.0911
0.018377,filtered_pd,-39.5884,0.0865
0.018547,standard_pd,-39.2028,0.0927
0.018547,filtered_pd,-39.4340,0.0880
0.018719,standard_pd,-39.0443,0.0943
0.018719,filtered_pd,-39.2796,0.0895
0.018892,standard_pd,-38.8858,0.0960
0.018892,filtered_pd,-39.1253,0.0910
0.019067,standard_pd,-38.7274,0.0977
0.019067,filtered_pd,-38.9711,0.0925
0.019244,standard_pd,-38.5690,0.0995
0.019244,filtered_pd,-38.8170,0.0941
0.019422,standard_pd,-38.4107,0.1013
0.019422,filtered_pd,-38.6630,0.0957
0.019602,standard_pd,-38.2523,0.1031
0.019602,filtered_pd,-38.5092,0.0973
0.019783,standard_pd,-38.0941,0.1049
0.019783,filtered_pd,-38.3554,0.0989
0.019966,standard_pd,-37.9358,0.1068
0.019966,filtered_pd,-38.2018,0.1006
0.020151,standard_pd,-37.7776,0.1087
0.020151,filtered_pd,-38.0482,0.1023
0.020338,standard_pd,-37.6194,0.1106
0.020338,filtered_pd,-37.8948,0.1040
0.020526,standard_pd,-37.4612,0.1126
0.020526,filtered_pd,-37.7415,0.1057
0.020716,standard_pd,-37.3031,0.1146
0.020716,filtered_pd,-37.5883,0.1075
0.020908,standard_pd,-37.1451,0.1166
0.020908,filtered_pd,-37.4352,0.1093
0.021102,standard_pd,-36.9870,0.1187
0.021102,filtered_pd,-37.2822,0.1111
0.021297,standard_pd,-36.8290,0.1208
0.021297,filtered_pd,-37.1294,0.1129
0.021495,standard_pd,-36.6711,0.1229
0.021495,filtered_pd,-36.9767,0.1148
0.021694,standard_pd,-36.5132,0.1251
0.021694,filtered_pd,-36.8241,0.1167
0.021895,standard_pd,-36.3553,0.1273
0.021895,filtered_pd,-36.6716,0.1186
0.022098,standard_pd,-36.1975,0.1296
0.022098,filtered_pd,-36.5193,0.1206
0.022302,standard_pd,-36.0397,0.1318
0.022302,filtered_pd,-36.3671,0.1225
0.022509,standard_pd,-35.8819,0.1342
0.022509,filtered_pd,-36.2151,0.1245
0.022717,standard_pd,-35.7242,0.1365
0.022717,filtered_pd,-36.0631,0.1266
0.022928,standard_pd,-35.5666,0.1389
0.022928,filtered_pd,-35.9113,0.1286
0.023140,standard_pd,-35.4090,0.1414
0.023140,filtered_pd,-35.7597,0.1307
0.023354,standard_pd,-35.2514,0.1438
0.023354,filtered_pd,-35.6082,0.1328
0.023571,standard_pd,-35.0939,0.1464
0.023571,filtered_pd,-35.4568,0.1350
0.023789,standard_pd,-34.9364,0.1489
0.023789,filtered_pd,-35.3056,0.1371
0.024009,standard_pd,-34.7790,0.1515
0.024009,filtered_pd,-35.1545,0.1393
0.024232,standard_pd,-34.6216,0.1542
0.024232,filtered_pd,-35.0036,0.1416
0.024456,standard_pd,-34.4643,0.1569
0.024456,filtered_pd,-34.8528,0.1438
0.024683,standard_pd,-34.3070,0.1596
0.024683,filtered_pd,-34.7022,0.1461
0.024911,standard_pd,-34.1498,0.1624
0.024911,filtered_pd,-34.5518,0.1485
0.025142,standard_pd,-33.9927,0.1652
0.025142,filtered_pd,-34.4015,0.1508
0.025375,standard_pd,-33.8356,0.1681
0.025375,filtered_pd,-34.2513,0.1532
0.025610,standard_pd,-33.6785,0.1710
0.025610,filtered_pd,-34.1013,0.1556
0.025847,standard_pd,-33.5215,0.1739
0.025847,filtered_pd,-33.9515,0.1581
0.026087,standard_pd,-33.3646,0.1769
0.026087,filtered_pd,-33.8019,0.1605
0.026328,standard_pd,-33.2077,0.1800
0.026328,filtered_pd,-33.6524,0.1630
0.026572,standard_pd,-33.0509,0.1831
0.026572,filtered_pd,-33.5031,0.1656
0.026818,standard_pd,-32.8942,0.1862
0.026818,filtered_pd,-33.3540,0.1681
0.027067,standard_pd,-32.7375,0.1895
0.027067,filtered_pd,-33.2051,0.1707
0.027317,standard_pd,-32.5808,0.1927
0.027317,filtered_pd,-33.0563,0.1734
0.027570,standard_pd,-32.4243,0.1960
0.027570,filtered_pd,-32.9077,0.1760
0.027826,standard_pd,-32.2678,0.1994
0.027826,filtered_pd,-32.7593,0.1787
0.028083,standard_pd,-32.1113,0.2028
0.028083,filtered_pd,-32.6111,0.1815
0.028343,standard_pd,-31.9550,0.2062
0.028343,filtered_pd,-32.4631,0.1842
0.028606,standard_pd,-31.7987,0.2097
0.028606,filtered_pd,-32.3152,0.1870
0.028871,standard_pd,-31.6425,0.2133
0.028871,filtered_pd,-32.1676,0.1899
0.029138,standard_pd,-31.4863,0.2169
0.029138,filtered_pd,-32.0202,0.1927
0.029408,standard_pd,-31.3302,0.2206
0.029408,filtered_pd,-31.8729,0.1956
0.029681,standard_pd,-31.1742,0.2243
0.029681,filtered_pd,-31.7259,0.1985
0.029955,standard_pd,-31.0183,0.2281
0.029955,filtered_pd,-31.5791,0.2015
0.030233,standard_pd,-30.8624,0.2320
0.030233,filtered_pd,-31.4324,0.2045
0.030513,standard_pd,-30.7066,0.2359
0.030513,filtered_pd,-31.2860,0.2075
0.030796,standard_pd,-30.5509,0.2398
0.030796,filtered_pd,-31.1398,0.2106
0.031081,standard_pd,-30.3953,0.2439
0.031081,filtered_pd,-30.9938,0.2136
0.031369,standard_pd,-30.2398,0.2479
0.031369,filtered_pd,-30.8481,0.2168
0.031659,standard_pd,-30.0843,0.2521
0.031659,filtered_pd,-30.7025,0.2199
0.031952,standard_pd,-29.9290,0.2563
0.031952,filtered_pd,-30.5572,0.2231
0.032248,standard_pd,-29.7737,0.2605
0.032248,filtered_pd,-30.4121,0.2263
0.032547,standard_pd,-29.6185,0.2649
0.032547,filtered_pd,-30.2672,0.2296
0.032849,standard_pd,-29.4634,0.2693
0.032849,filtered_pd,-30.1226,0.2329
0.033153,standard_pd,-29.3084,0.2737
0.033153,filtered_pd,-29.9782,0.2362
0.033460,standard_pd,-29.1535,0.2782
0.033460,filtered_pd,-29.8340,0.2395
0.033770,standard_pd,-28.9986,0.2828
0.033770,filtered_pd,-29.6901,0.2429
0.034083,standard_pd,-28.8439,0.2874
0.034083,filtered_pd,-29.5464,0.2463
0.034398,standard_pd,-28.6893,0.2922
0.034398,filtered_pd,-29.4029,0.2497
0.034717,standard_pd,-28.5347,0.2969
0.034717,filtered_pd,-29.2597,0.2532
0.035038,standard_pd,-28.3803,0.3018
0.035038,filtered_pd,-29.1168,0.2567
0.035363,standard_pd,-28.2260,0.3067
0.035363,filtered_pd,-28.9741,0.2602
0.035690,standard_pd,-28.0717,0.3117
0.035690,filtered_pd,-28.8317,0.2638
0.036021,standard_pd,-27.9176,0.3167
0.036021,filtered_pd,-28.6895,0.2674
0.036355,standard_pd,-27.7636,0.3218
0.036355,filtered_pd,-28.5475,0.2710
0.036691,standard_pd,-27.6097,0.3270
0.036691,filtered_pd,-28.4059,0.2747
0.037031,standard_pd,-27.4559,0.3322
0.037031,filtered_pd,-28.2645,0.2784
0.037374,standard_pd,-27.3023,0.3376
0.037374,filtered_pd,-28.1234,0.2821
0.037720,standard_pd,-27.1487,0.3430
0.037720,filtered_pd,-27.9825,0.2858
0.038070,standard_pd,-26.9953,0.3484
0.038070,filtered_pd,-27.8419,0.2896
0.038422,standard_pd,-26.8419,0.3540
0.038422,filtered_pd,-27.7016,0.2934
0.038778,standard_pd,-26.6887,0.3596
0.038778,filtered_pd,-27.5616,0.2972
0.039137,standard_pd,-26.5356,0.3652
0.039137,filtered_pd,-27.4219,0.3010
0.039500,standard_pd,-26.3827,0.3710
0.039500,filtered_pd,-27.2824,0.3049
0.039866,standard_pd,-26.2299,0.3768
0.039866,filtered_pd,-27.1432,0.3088
0.040235,standard_pd,-26.0772,0.3827
0.040235,filtered_pd,-27.0044,0.3128
0.040608,standard_pd,-25.9246,0.3887
0.040608,filtered_pd,-26.8658,0.3167
0.040984,standard_pd,-25.7722,0.3947
0.040984,filtered_pd,-26.7275,0.3207
0.041363,standard_pd,-25.6199,0.4008
0.041363,filtered_pd,-26.5895,0.3247
0.041747,standard_pd,-25.4678,0.4070
0.041747,filtered_pd,-26.4518,0.3287
0.042133,standard_pd,-25.3157,0.4133
0.042133,filtered_pd,-26.3144,0.3328
0.042523,standard_pd,-25.1639,0.4196
0.042523,filtered_pd,-26.1773,0.3368
0.042917,standard_pd,-25.0122,0.4260
0.042917,filtered_pd,-26.0406,0.3409
0.043315,standard_pd,-24.8606,0.4325
0.043315,filtered_pd,-25.9041,0.3450
0.043716,standard_pd,-24.7092,0.4391
0.043716,filtered_pd,-25.7680,0.3492
0.044121,standard_pd,-24.5579,0.4457
0.044121,filtered_pd,-25.6321,0.3533
0.044530,standard_pd,-24.4068,0.4524
0.044530,filtered_pd,-25.4966,0.3575
0.044942,standard_pd,-24.2558,0.4592
0.044942,filtered_pd,-25.3614,0.3617
0.045358,standard_pd,-24.1050,0.4661
0.045358,filtered_pd,-25.2265,0.3659
0.045778,standard_pd,-23.9544,0.4730
0.045778,filtered_pd,-25.0920,0.3701
0.046202,standard_pd,-23.8040,0.4800
0.046202,filtered_pd,-24.9578,0.3743
0.046630,standard_pd,-23.6537,0.4871
0.046630,filtered_pd,-24.8239,0.3786
0.047062,standard_pd,-23.5036,0.4943
0.047062,filtered_pd,-24.6903,0.3829
0.047498,standard_pd,-23.3536,0.5015
0.047498,filtered_pd,-24.5571,0.3871
0.047938,standard_pd,-23.2038,0.5088
0.047938,filtered_pd,-24.4242,0.3914
0.048382,standard_pd,-23.0543,0.5162
0.048382,filtered_pd,-24.2916,0.3957
0.048830,standard_pd,-22.9049,0.5236
0.048830,filtered_pd,-24.1594,0.4000
0.049282,standard_pd,-22.7556,0.5311
0.049282,filtered_pd,-24.0276,0.4044
0.049739,standard_pd,-22.6066,0.5387
0.049739,filtered_pd,-23.8960,0.4087
0.050200,standard_pd,-22.4578,0.5464
0.050200,filtered_pd,-23.7649,0.4130
0.050665,standard_pd,-22.3091,0.5541
0.050665,filtered_pd,-23.6340,0.4174
0.051134,standard_pd,-22.1607,0.5619
0.051134,filtered_pd,-23.5036,0.4217
0.051607,standard_pd,-22.0125,0.5698
0.051607,filtered_pd,-23.3734,0.4261
0.052085,standard_pd,-21.8644,0.5778
0.052085,filtered_pd,-23.2437,0.4304
0.052568,standard_pd,-21.7166,0.5858
0.052568,filtered_pd,-23.1143,0.4348
0.053055,standard_pd,-21.5690,0.5939
0.053055,filtered_pd,-22.9852,0.4392
0.053546,standard_pd,-21.4216,0.6020
0.053546,filtered_pd,-22.8565,0.4435
0.054042,standard_pd,-21.2744,0.6102
0.054042,filtered_pd,-22.7282,0.4479
0.054543,standard_pd,-21.1274,0.6185
0.054543,filtered_pd,-22.6002,0.4523
0.055048,standard_pd,-20.9807,0.6268
0.055048,filtered_pd,-22.4726,0.4566
0.055558,standard_pd,-20.8342,0.6352
0.055558,filtered_pd,-22.3454,0.4610
0.056072,standard_pd,-20.6879,0.6437
0.056072,filtered_pd,-22.2185,0.4653
0.056592,standard_pd,-20.5419,0.6522
0.056592,filtered_pd,-22.0920,0.4697
0.057116,standard_pd,-20.3961,0.6608
0.057116,filtered_pd,-21.9659,0.4740
0.057645,standard_pd,-20.2505,0.6694
0.057645,filtered_pd,-21.8401,0.4783
0.058179,standard_pd,-20.1052,0.6781
0.058179,filtered_pd,-21.7147,0.4826
0.058718,standard_pd,-19.9602,0.6869
0.058718,filtered_pd,-21.5897,0.4869
0.059262,standard_pd,-19.8153,0.6957
0.059262,filtered_pd,-21.4651,0.4912
0.059810,standard_pd,-19.6708,0.7045
0.059810,filtered_pd,-21.3408,0.4955
0.060364,standard_pd,-19.5265,0.7134
0.060364,filtered_pd,-21.2169,0.4997
0.060923,standard_pd,-19.3825,0.7223
0.060923,filtered_pd,-21.0934,0.5040
0.061488,standard_pd,-19.2387,0.7313
0.061488,filtered_pd,-20.9703,0.5082
0.062057,standard_pd,-19.0952,0.7404
0.062057,filtered_pd,-20.8476,0.5124
0.062632,standard_pd,-18.9520,0.7494
0.062632,filtered_pd,-20.7252,0.5166
0.063212,standard_pd,-18.8091,0.7585
0.063212,filtered_pd,-20.6032,0.5208
0.063798,standard_pd,-18.6665,0.7677
0.063798,filtered_pd,-20.4816,0.5249
0.064389,standard_pd,-18.5241,0.7769
0.064389,filtered_pd,-20.3604,0.5290
0.064985,standard_pd,-18.3821,0.7861
0.064985,filtered_pd,-20.2396,0.5331
0.065587,standard_pd,-18.2403,0.7953
0.065587,filtered_pd,-20.1191,0.5372
0.066194,standard_pd,-18.0989,0.8046
0.066194,filtered_pd,-19.9991,0.5412
0.066807,standard_pd,-17.9577,0.8139
0.066807,filtered_pd,-19.8794,0.5452
0.067426,standard_pd,-17.8169,0.8232
0.067426,filtered_pd,-19.7601,0.5492
0.068051,standard_pd,-17.6763,0.8326
0.068051,filtered_pd,-19.6412,0.5531
0.068681,standard_pd,-17.5361,0.8419
0.068681,filtered_pd,-19.5227,0.5570
0.069317,standard_pd,-17.3963,0.8513
0.069317,filtered_pd,-19.4046,0.5609
0.069959,standard_pd,-17.2567,0.8607
0.069959,filtered_pd,-19.2868,0.5647
0.070607,standard_pd,-17.1175,0.8700
0.070607,filtered_pd,-19.1695,0.5685
0.071261,standard_pd,-16.9786,0.8794
0.071261,filtered_pd,-19.0525,0.5723
0.071921,standard_pd,-16.8400,0.8888
0.071921,filtered_pd,-18.9359,0.5760
0.072587,standard_pd,-16.7019,0.8982
0.072587,filtered_pd,-18.8197,0.5797
0.073260,standard_pd,-16.5640,0.9076
0.073260,filtered_pd,-18.7039,0.5833
0.073938,standard_pd,-16.4265,0.9169
0.073938,filtered_pd,-18.5885,0.5869
0.074623,standard_pd,-16.2894,0.9263
0.074623,filtered_pd,-18.4735,0.5904
0.075314,standard_pd,-16.1526,0.9356
0.075314,filtered_pd,-18.3588,0.5939
0.076012,standard_pd,-16.0162,0.9449
0.076012,filtered_pd,-18.2445,0.5974
0.076716,standard_pd,-15.8802,0.9542
0.076716,filtered_pd,-18.1307,0.6008
0.077426,standard_pd,-15.7446,0.9635
0.077426,filtered_pd,-18.0172,0.6041
0.078144,standard_pd,-15.6093,0.9727
0.078144,filtered_pd,-17.9041,0.6074
0.078867,standard_pd,-15.4745,0.9819
0.078867,filtered_pd,-17.7913,0.6106
0.079598,standard_pd,-15.3400,0.9910
0.079598,filtered_pd,-17.6790,0.6138
0.080335,standard_pd,-15.2059,1.0001
0.080335,filtered_pd,-17.5670,0.6169
0.081079,standard_pd,-15.0722,1.0092
0.081079,filtered_pd,-17.4554,0.6200
0.081830,standard_pd,-14.9390,1.0182
0.081830,filtered_pd,-17.3442,0.6230
0.082588,standard_pd,-14.8061,1.0271
0.082588,filtered_pd,-17.2334,0.6259
0.083353,standard_pd,-14.6737,1.0359
0.083353,filtered_pd,-17.1230,0.6288
0.084125,standard_pd,-14.5417,1.0447
0.084125,filtered_pd,-17.0129,0.6316
0.084904,standard_pd,-14.4101,1.0535
0.084904,filtered_pd,-16.9032,0.6344
0.085691,standard_pd,-14.2790,1.0621
0.085691,filtered_pd,-16.7939,0.6370
0.086484,standard_pd,-14.1483,1.0706
0.086484,filtered_pd,-16.6850,0.6397
0.087285,standard_pd,-14.0180,1.0791
0.087285,filtered_pd,-16.5764,0.6422
0.088094,standard_pd,-13.8882,1.0875
0.088094,filtered_pd,-16.4682,0.6447
0.088910,standard_pd,-13.7589,1.0957
0.088910,filtered_pd,-16.3604,0.6471
0.089733,standard_pd,-13.6300,1.1039
0.089733,filtered_pd,-16.2530,0.6494
0.090564,standard_pd,-13.5015,1.1120
0.090564,filtered_pd,-16.1459,0.6516
0.091403,standard_pd,-13.3736,1.1199
0.091403,filtered_pd,-16.0392,0.6538
0.092250,standard_pd,-13.2461,1.1277
0.092250,filtered_pd,-15.9328,0.6559
0.093104,standard_pd,-13.1191,1.1354
0.093104,filtered_pd,-15.8268,0.6579
0.093966,standard_pd,-12.9926,1.1429
0.093966,filtered_pd,-15.7212,0.6599
0.094837,standard_pd,-12.8665,1.1503
0.094837,filtered_pd,-15.6160,0.6617
0.095715,standard_pd,-12.7410,1.1576
0.095715,filtered_pd,-15.5111,0.6635
0.096602,standard_pd,-12.6160,1.1647
0.096602,filtered_pd,-15.4065,0.6652
0.097496,standard_pd,-12.4915,1.1716
0.097496,filtered_pd,-15.3024,0.6668
0.098400,standard_pd,-12.3674,1.1784
0.098400,filtered_pd,-15.1985,0.6683
0.099311,standard_pd,-12.2439,1.1850
0.099311,filtered_pd,-15.0951,0.6697
0.100231,standard_pd,-12.1210,1.1915
0.100231,filtered_pd,-14.9920,0.6711
0.101159,standard_pd,-11.9985,1.1977
0.101159,filtered_pd,-14.8892,0.6723
0.102096,standard_pd,-11.8766,1.2038
0.102096,filtered_pd,-14.7868,0.6735
0.103042,standard_pd,-11.7552,1.2096
0.103042,filtered_pd,-14.6847,0.6745
0.103996,standard_pd,-11.6343,1.2153
0.103996,filtered_pd,-14.5830,0.6755
0.104959,standard_pd,-11.5140,1.2207
0.104959,filtered_pd,-14.4816,0.6763
0.105931,standard_pd,-11.3943,1.2260
0.105931,filtered_pd,-14.3806,0.6771
0.106913,standard_pd,-11.2751,1.2310
0.106913,filtered_pd,-14.2799,0.6778
0.107903,standard_pd,-11.1565,1.2358
0.107903,filtered_pd,-14.1795,0.6784
0.108902,standard_pd,-11.0384,1.2403
0.108902,filtered_pd,-14.0795,0.6788
0.109911,standard_pd,-10.9209,1.2446
0.109911,filtered_pd,-13.9798,0.6792
0.110929,standard_pd,-10.8040,1.2487
0.110929,filtered_pd,-13.8805,0.6794
0.111956,standard_pd,-10.6876,1.2525
0.111956,filtered_pd,-13.7814,0.6796
0.112993,standard_pd,-10.5719,1.2560
0.112993,filtered_pd,-13.6828,0.6796
0.114040,standard_pd,-10.4567,1.2593
0.114040,filtered_pd,-13.5844,0.6796
0.115096,standard_pd,-10.3421,1.2623
0.115096,filtered_pd,-13.4864,0.6794
0.116162,standard_pd,-10.2281,1.2650
0.116162,filtered_pd,-13.3886,0.6791
0.117238,standard_pd,-10.1148,1.2674
0.117238,filtered_pd,-13.2912,0.6787
0.118324,standard_pd,-10.0020,1.2696
0.118324,filtered_pd,-13.1942,0.6782
0.119420,standard_pd,-9.8898,1.2714
0.119420,filtered_pd,-13.0974,0.6776
0.120526,standard_pd,-9.7783,1.2729
0.120526,filtered_pd,-13.0010,0.6768
0.121642,standard_pd,-9.6674,1.2741
0.121642,filtered_pd,-12.9049,0.6760
0.122769,standard_pd,-9.5571,1.2750
0.122769,filtered_pd,-12.8090,0.6750
0.123906,standard_pd,-9.4474,1.2755
0.123906,filtered_pd,-12.7135,0.6739
0.125054,standard_pd,-9.3384,1.2757
0.125054,filtered_pd,-12.6183,0.6726
0.126212,standard_pd,-9.2300,1.2756
0.126212,filtered_pd,-12.5234,0.6713
0.127381,standard_pd,-9.1222,1.2751
0.127381,filtered_pd,-12.4289,0.6698
0.128561,standard_pd,-9.0151,1.2742
0.128561,filtered_pd,-12.3346,0.6682
0.129752,standard_pd,-8.9086,1.2730
0.129752,filtered_pd,-12.2406,0.6665
0.130954,standard_pd,-8.8028,1.2714
0.130954,filtered_pd,-12.1469,0.6646
0.132166,standard_pd,-8.6977,1.2695
0.132166,filtered_pd,-12.0535,0.6626
0.133391,standard_pd,-8.5931,1.2671
0.133391,filtered_pd,-11.9604,0.6605
0.134626,standard_pd,-8.4893,1.2644
0.134626,filtered_pd,-11.8676,0.6582
0.135873,standard_pd,-8.3861,1.2612
0.135873,filtered_pd,-11.7751,0.6558
0.137131,standard_pd,-8.2836,1.2577
0.137131,filtered_pd,-11.6829,0.6532
0.138402,standard_pd,-8.1818,1.2537
0.138402,filtered_pd,-11.5909,0.6505
0.139684,standard_pd,-8.0806,1.2493
0.139684,filtered_pd,-11.4993,0.6477
0.140977,standard_pd,-7.9801,1.2445
0.140977,filtered_pd,-11.4079,0.6447
0.142283,standard_pd,-7.8803,1.2393
0.142283,filtered_pd,-11.3168,0.6416
0.143601,standard_pd,-7.7812,1.2336
0.143601,filtered_pd,-11.2260,0.6383
0.144931,standard_pd,-7.6827,1.2275
0.144931,filtered_pd,-11.1355,0.6349
0.146273,standard_pd,-7.5850,1.2209
0.146273,filtered_pd,-11.0452,0.6313
0.147628,standard_pd,-7.4879,1.2139
0.147628,filtered_pd,-10.9552,0.6276
0.148996,standard_pd,-7.3915,1.2064
0.148996,filtered_pd,-10.8655,0.6237
0.150376,standard_pd,-7.2958,1.1985
0.150376,filtered_pd,-10.7760,0.6196
0.151768,standard_pd,-7.2009,1.1900
0.151768,filtered_pd,-10.6868,0.6154
0.153174,standard_pd,-7.1066,1.1811
0.153174,filtered_pd,-10.5979,0.6110
0.154593,standard_pd,-7.0130,1.1717
0.154593,filtered_pd,-10.5092,0.6065
0.156025,standard_pd,-6.9201,1.1618
0.156025,filtered_pd,-10.4208,0.6018
0.157470,standard_pd,-6.8279,1.1514
0.157470,filtered_pd,-10.3327,0.5969
0.158928,standard_pd,-6.7364,1.1405
0.158928,filtered_pd,-10.2448,0.5919
0.160400,standard_pd,-6.6456,1.1291
0.160400,filtered_pd,-10.1572,0.5866
0.161886,standard_pd,-6.5555,1.1172
0.161886,filtered_pd,-10.0698,0.5812
0.163385,standard_pd,-6.4661,1.1047
0.163385,filtered_pd,-9.9826,0.5757
0.164899,standard_pd,-6.3775,1.0917
0.164899,filtered_pd,-9.8958,0.5699
0.166426,standard_pd,-6.2895,1.0782
0.166426,filtered_pd,-9.8091,0.5640
0.167967,standard_pd,-6.2022,1.0642
0.167967,filtered_pd,-9.7227,0.5578
0.169523,standard_pd,-6.1157,1.0496
0.169523,filtered_pd,-9.6366,0.5515
0.171093,standard_pd,-6.0298,1.0344
0.171093,filtered_pd,-9.5506,0.5450
0.172678,standard_pd,-5.9447,1.0187
0.172678,filtered_pd,-9.4650,0.5383
0.174277,standard_pd,-5.8603,1.0024
0.174277,filtered_pd,-9.3795,0.5314
0.175892,standard_pd,-5.7766,0.9856
0.175892,filtered_pd,-9.2943,0.5243
0.177521,standard_pd,-5.6935,0.9681
0.177521,filtered_pd,-9.2093,0.5170
0.179165,standard_pd,-5.6112,0.9501
0.179165,filtered_pd,-9.1246,0.5094
0.180824,standard_pd,-5.5296,0.9316
0.180824,filtered_pd,-9.0400,0.5017
0.182499,standard_pd,-5.4487,0.9124
0.182499,filtered_pd,-8.9557,0.4938
0.184190,standard_pd,-5.3685,0.8926
0.184190,filtered_pd,-8.8716,0.4856
0.185896,standard_pd,-5.2890,0.8722
0.185896,filtered_pd,-8.7878,0.4772
0.187617,standard_pd,-5.2102,0.8513
0.187617,filtered_pd,-8.7041,0.4686
0.189355,standard_pd,-5.1321,0.8297
0.189355,filtered_pd,-8.6207,0.4598
0.191109,standard_pd,-5.0546,0.8075
0.191109,filtered_pd,-8.5375,0.4507
0.192879,standard_pd,-4.9779,0.7847
0.192879,filtered_pd,-8.4544,0.4414
0.194666,standard_pd,-4.9019,0.7612
0.194666,filtered_pd,-8.3716,0.4318
0.196469,standard_pd,-4.8265,0.7371
0.196469,filtered_pd,-8.2890,0.4220
0.198288,standard_pd,-4.7519,0.7124
0.198288,filtered_pd,-8.2066,0.4120
0.200125,standard_pd,-4.6779,0.6870
0.200125,filtered_pd,-8.1243,0.4017
0.201979,standard_pd,-4.6046,0.6610
0.201979,filtered_pd,-8.0423,0.3911
0.203849,standard_pd,-4.5319,0.6343
0.203849,filtered_pd,-7.9604,0.3803
0.205737,standard_pd,-4.4600,0.6070
0.205737,filtered_pd,-7.8788,0.3692
0.207643,standard_pd,-4.3887,0.5790
0.207643,filtered_pd,-7.7973,0.3578
0.209566,standard_pd,-4.3180,0.5503
0.209566,filtered_pd,-7.7160,0.3461
0.211507,standard_pd,-4.2481,0.5209
0.211507,filtered_pd,-7.6349,0.3342
0.213466,standard_pd,-4.1787,0.4908
0.213466,filtered_pd,-7.5539,0.3220
0.215443,standard_pd,-4.1101,0.4601
0.215443,filtered_pd,-7.4731,0.3094
0.217439,standard_pd,-4.0421,0.4286
0.217439,filtered_pd,-7.3924,0.2966
0.219453,standard_pd,-3.9747,0.3964
0.219453,filtered_pd,-7.3119,0.2834
0.221486,standard_pd,-3.9079,0.3635
0.221486,filtered_pd,-7.2316,0.2699
0.223537,standard_pd,-3.8418,0.3299
0.223537,filtered_pd,-7.1514,0.2561
0.225607,standard_pd,-3.7763,0.2955
0.225607,filtered_pd,-7.0713,0.2420
0.227697,standard_pd,-3.7114,0.2604
0.227697,filtered_pd,-6.9914,0.2275
0.229806,standard_pd,-3.6472,0.2246
0.229806,filtered_pd,-6.9116,0.2126
0.231935,standard_pd,-3.5835,0.1879
0.231935,filtered_pd,-6.8319,0.1974
0.234083,standard_pd,-3.5204,0.1505
0.234083,filtered_pd,-6.7523,0.1818
0.236251,standard_pd,-3.4579,0.1123
0.236251,filtered_pd,-6.6728,0.1658
0.238439,standard_pd,-3.3960,0.0733
0.238439,filtered_pd,-6.5934,0.1494
0.240648,standard_pd,-3.3347,0.0334
0.240648,filtered_pd,-6.5141,0.1327
0.242876,standard_pd,-3.2739,-0.0072
0.242876,filtered_pd,-6.4348,0.1155
0.245126,standard_pd,-3.2137,-0.0488
0.245126,filtered_pd,-6.3556,0.0978
0.247396,standard_pd,-3.1541,-0.0911
0.247396,filtered_pd,-6.2765,0.0797
0.249688,standard_pd,-3.0950,-0.1344
0.249688,filtered_pd,-6.1974,0.0612
0.252000,standard_pd,-3.0364,-0.1786
0.252000,filtered_pd,-6.1184,0.0421
0.254335,standard_pd,-2.9783,-0.2237
0.254335,filtered_pd,-6.0393,0.0226
0.256690,standard_pd,-2.9207,-0.2697
0.256690,filtered_pd,-5.9603,0.0026
0.259068,standard_pd,-2.8636,-0.3168
0.259068,filtered_pd,-5.8812,-0.0180
0.261467,standard_pd,-2.8070,-0.3648
0.261467,filtered_pd,-5.8021,-0.0392
0.263889,standard_pd,-2.7509,-0.4139
0.263889,filtered_pd,-5.7230,-0.0609
0.266333,standard_pd,-2.6952,-0.4640
0.266333,filtered_pd,-5.6438,-0.0833
0.268800,standard_pd,-2.6400,-0.5152
0.268800,filtered_pd,-5.5645,-0.1063
0.271290,standard_pd,-2.5852,-0.5676
0.271290,filtered_pd,-5.4851,-0.1299
0.273803,standard_pd,-2.5308,-0.6212
0.273803,filtered_pd,-5.4055,-0.1543
0.276339,standard_pd,-2.4768,-0.6760
0.276339,filtered_pd,-5.3258,-0.1794
0.278898,standard_pd,-2.4232,-0.7321
0.278898,filtered_pd,-5.2459,-0.2053
0.281481,standard_pd,-2.3699,-0.7896
0.281481,filtered_pd,-5.1658,-0.2321
0.284088,standard_pd,-2.3170,-0.8484
0.284088,filtered_pd,-5.0854,-0.2597
0.286720,standard_pd,-2.2645,-0.9088
0.286720,filtered_pd,-5.0047,-0.2882
0.289375,standard_pd,-2.2122,-0.9707
0.289375,filtered_pd,-4.9237,-0.3178
0.292056,standard_pd,-2.1602,-1.0344
0.292056,filtered_pd,-4.8424,-0.3484
0.294761,standard_pd,-2.1085,-1.0998
0.294761,filtered_pd,-4.7605,-0.3802
0.297491,standard_pd,-2.0570,-1.1670
0.297491,filtered_pd,-4.6783,-0.4132
0.300246,standard_pd,-2.0058,-1.2363
0.300246,filtered_pd,-4.5954,-0.4475
0.303027,standard_pd,-1.9547,-1.3078
0.303027,filtered_pd,-4.5120,-0.4833
0.305834,standard_pd,-1.9038,-1.3817
0.305834,filtered_pd,-4.4280,-0.5207
0.308666,standard_pd,-1.8530,-1.4580
0.308666,filtered_pd,-4.3432,-0.5598
0.311525,standard_pd,-1.8024,-1.5372
0.311525,filtered_pd,-4.2575,-0.6008
0.314411,standard_pd,-1.7518,-1.6194
0.314411,filtered_pd,-4.1710,-0.6439
0.317323,standard_pd,-1.7014,-1.7049
0.317323,filtered_pd,-4.0835,-0.6893
0.320262,standard_pd,-1.6509,-1.7941
0.320262,filtered_pd,-3.9948,-0.7373
0.323228,standard_pd,-1.6005,-1.8875
0.323228,filtered_pd,-3.9050,-0.7882
0.326222,standard_pd,-1.5500,-1.9854
0.326222,filtered_pd,-3.8138,-0.8425
0.329244,standard_pd,-1.4996,-2.0884
0.329244,filtered_pd,-3.7210,-0.9004
0.332293,standard_pd,-1.4491,-2.1973
0.332293,filtered_pd,-3.6267,-0.9626
0.335371,standard_pd,-1.3986,-2.3129
0.335371,filtered_pd,-3.5306,-1.0298
0.338477,standard_pd,-1.3481,-2.4361
0.338477,filtered_pd,-3.4325,-1.1027
0.341612,standard_pd,-1.2977,-2.5682
0.341612,filtered_pd,-3.3322,-1.1823
0.344776,standard_pd,-1.2474,-2.7106
0.344776,filtered_pd,-3.2297,-1.2699
0.347970,standard_pd,-1.1975,-2.8653
0.347970,filtered_pd,-3.1248,-1.3670
0.351193,standard_pd,-1.1480,-3.0344
0.351193,filtered_pd,-3.0173,-1.4756
0.354446,standard_pd,-1.0994,-3.2210
0.354446,filtered_pd,-2.9072,-1.5982
0.357729,standard_pd,-1.0522,-3.4287
0.357729,filtered_pd,-2.7947,-1.7382
0.361042,standard_pd,-1.0072,-3.6626
0.361042,filtered_pd,-2.6799,-1.9001
0.364386,standard_pd,-0.9654,-3.9291
0.364386,filtered_pd,-2.5636,-2.0897
0.367761,standard_pd,-0.9286,-4.2367
0.367761,filtered_pd,-2.4472,-2.3154
0.371167,standard_pd,-0.8993,-4.5970
0.371167,filtered_pd,-2.3328,-2.5883
0.374605,standard_pd,-0.8816,-5.0261
0.374605,filtered_pd,-2.2246,-2.9247
0.378075,standard_pd,-0.8815,-5.5455
0.378075,filtered_pd,-2.1296,-3.3472
0.381576,standard_pd,-0.9084,-6.1849
0.381576,filtered_pd,-2.0599,-3.8878
0.385111,standard_pd,-0.9773,-6.9811
0.385111,filtered_pd,-2.0360,-4.5891
0.388678,standard_pd,-1.1120,-7.9698
0.388678,filtered_pd,-2.0926,-5.4978
0.392278,standard_pd,-1.3499,-9.1375
0.392278,filtered_pd,-2.2864,-6.6195
0.395911,standard_pd,-1.7490,-10.2493
0.395911,filtered_pd,-2.7056,-7.7493
0.399578,standard_pd,-2.3942,-10.5569
0.399578,filtered_pd,-3.4710,-8.1753
0.403279,standard_pd,-3.3927,-9.3546
0.403279,filtered_pd,-4.7135,-7.2151
0.407014,standard_pd,-4.8339,-7.2779
0.407014,filtered_pd,-6.5027,-5.4845
0.410784,standard_pd,-6.6552,-5.3077
0.410784,filtered_pd,-8.7038,-3.8924
0.414589,standard_pd,-8.3591,-3.8224
0.414589,filtered_pd,-10.7341,-2.7318
0.418429,standard_pd,-9.0114,-2.8300
0.418429,filtered_pd,-11.6114,-1.9627
0.422304,standard_pd,-8.4117,-2.2207
0.422304,filtered_pd,-11.1345,-1.4744
0.426216,standard_pd,-7.3284,-1.8752
0.426216,filtered_pd,-10.0958,-1.1719
0.430164,standard_pd,-6.2953,-1.7001
0.430164,filtered_pd,-9.0562,-0.9887
0.434148,standard_pd,-5.4485,-1.6318
0.434148,filtered_pd,-8.1728,-0.8822
0.438169,standard_pd,-4.7794,-1.6293
0.438169,filtered_pd,-7.4507,-0.8253
0.442227,standard_pd,-4.2509,-1.6673
0.442227,filtered_pd,-6.8613,-0.8010
0.446323,standard_pd,-3.8286,-1.7301
0.446323,filtered_pd,-6.3752,-0.7984
0.450457,standard_pd,-3.4859,-1.8079
0.450457,filtered_pd,-5.9684,-0.8107
0.454630,standard_pd,-3.2035,-1.8947
0.454630,filtered_pd,-5.6230,-0.8331
0.458840,standard_pd,-2.9672,-1.9868
0.458840,filtered_pd,-5.3256,-0.8627
0.463090,standard_pd,-2.7666,-2.0816
0.463090,filtered_pd,-5.0662,-0.8974
0.467380,standard_pd,-2.5942,-2.1778
0.467380,filtered_pd,-4.8372,-0.9357
0.471708,standard_pd,-2.4442,-2.2743
0.471708,filtered_pd,-4.6329,-0.9766
0.476078,standard_pd,-2.3125,-2.3707
0.476078,filtered_pd,-4.4489,-1.0196
0.480487,standard_pd,-2.1956,-2.4665
0.480487,filtered_pd,-4.2819,-1.0639
0.484937,standard_pd,-2.0911,-2.5615
0.484937,filtered_pd,-4.1289,-1.1095
0.489429,standard_pd,-1.9969,-2.6558
0.489429,filtered_pd,-3.9880,-1.1558
0.493962,standard_pd,-1.9114,-2.7491
0.493962,filtered_pd,-3.8573,-1.2029
0.498537,standard_pd,-1.8332,-2.8416
0.498537,filtered_pd,-3.7355,-1.2506
0.503155,standard_pd,-1.7615,-2.9332
0.503155,filtered_pd,-3.6214,-1.2987
0.507815,standard_pd,-1.6953,-3.0240
0.507815,filtered_pd,-3.5139,-1.3473
0.512519,standard_pd,-1.6339,-3.1140
0.512519,filtered_pd,-3.4124,-1.3962
0.517266,standard_pd,-1.5767,-3.2033
0.517266,filtered_pd,-3.3161,-1.4455
0.522057,standard_pd,-1.5232,-3.2920
0.522057,filtered_pd,-3.2244,-1.4951
0.526892,standard_pd,-1.4730,-3.3802
0.526892,filtered_pd,-3.1369,-1.5451
0.531772,standard_pd,-1.4258,-3.4678
0.531772,filtered_pd,-3.0532,-1.5953
0.536698,standard_pd,-1.3812,-3.5549
0.536698,filtered_pd,-2.9729,-1.6459
0.541669,standard_pd,-1.3390,-3.6416
0.541669,filtered_pd,-2.8957,-1.6967
0.546686,standard_pd,-1.2989,-3.7279
0.546686,filtered_pd,-2.8212,-1.7479
0.551749,standard_pd,-1.2608,-3.8139
0.551749,filtered_pd,-2.7494,-1.7995
0.556860,standard_pd,-1.2245,-3.8997
0.556860,filtered_pd,-2.6800,-1.8513
0.562017,standard_pd,-1.1898,-3.9852
0.562017,filtered_pd,-2.6127,-1.9036
0.567223,standard_pd,-1.1566,-4.0705
0.567223,filtered_pd,-2.5475,-1.9562
0.572477,standard_pd,-1.1248,-4.1557
0.572477,filtered_pd,-2.4841,-2.0091
0.577779,standard_pd,-1.0942,-4.2407
0.577779,filtered_pd,-2.4226,-2.0625
0.583131,standard_pd,-1.0649,-4.3256
0.583131,filtered_pd,-2.3626,-2.1162
0.588532,standard_pd,-1.0367,-4.4105
0.588532,filtered_pd,-2.3043,-2.1704
0.593983,standard_pd,-1.0095,-4.4953
0.593983,filtered_pd,-2.2474,-2.2250
0.599484,standard_pd,-0.9832,-4.5802
0.599484,filtered_pd,-2.1918,-2.2800
0.605037,standard_pd,-0.9579,-4.6650
0.605037,filtered_pd,-2.1376,-2.3355
0.610641,standard_pd,-0.9334,-4.7499
0.610641,filtered_pd,-2.0846,-2.3914
0.616297,standard_pd,-0.9097,-4.8349
0.616297,filtered_pd,-2.0327,-2.4478
0.622005,standard_pd,-0.8867,-4.9200
0.622005,filtered_pd,-1.9820,-2.5047
0.627766,standard_pd,-0.8645,-5.0052
0.627766,filtered_pd,-1.9324,-2.5621
0.633580,standard_pd,-0.8429,-5.0905
0.633580,filtered_pd,-1.8838,-2.6200
0.639449,standard_pd,-0.8220,-5.1760
0.639449,filtered_pd,-1.8361,-2.6784
0.645372,standard_pd,-0.8016,-5.2617
0.645372,filtered_pd,-1.7894,-2.7374
0.651349,standard_pd,-0.7819,-5.3476
0.651349,filtered_pd,-1.7436,-2.7969
0.657382,standard_pd,-0.7626,-5.4337
0.657382,filtered_pd,-1.6986,-2.8570
0.663471,standard_pd,-0.7440,-5.5201
0.663471,filtered_pd,-1.6545,-2.9177
0.669616,standard_pd,-0.7258,-5.6067
0.669616,filtered_pd,-1.6111,-2.9790
0.675818,standard_pd,-0.7080,-5.6936
0.675818,filtered_pd,-1.5686,-3.0408
0.682078,standard_pd,-0.6908,-5.7808
0.682078,filtered_pd,-1.5268,-3.1033
0.688395,standard_pd,-0.6739,-5.8683
0.688395,filtered_pd,-1.4858,-3.1665
0.694771,standard_pd,-0.6575,-5.9562
0.694771,filtered_pd,-1.4454,-3.2303
0.701206,standard_pd,-0.6415,-6.0445
0.701206,filtered_pd,-1.4057,-3.2948
0.707701,standard_pd,-0.6259,-6.1331
0.707701,filtered_pd,-1.3667,-3.3600
0.714256,standard_pd,-0.6106,-6.2221
0.714256,filtered_pd,-1.3284,-3.4259
0.720872,standard_pd,-0.5957,-6.3116
0.720872,filtered_pd,-1.2907,-3.4925
0.727548,standard_pd,-0.5811,-6.4016
0.727548,filtered_pd,-1.2536,-3.5599
0.734287,standard_pd,-0.5669,-6.4920
0.734287,filtered_pd,-1.2171,-3.6281
0.741088,standard_pd,-0.5530,-6.5829
0.741088,filtered_pd,-1.1812,-3.6970
0.747952,standard_pd,-0.5394,-6.6744
0.747952,filtered_pd,-1.1458,-3.7668
0.754880,standard_pd,-0.5261,-6.7664
0.754880,filtered_pd,-1.1110,-3.8375
0.761872,standard_pd,-0.5130,-6.8591
0.761872,filtered_pd,-1.0768,-3.9090
0.768928,standard_pd,-0.5003,-6.9523
0.768928,filtered_pd,-1.0431,-3.9815
0.776050,standard_pd,-0.4878,-7.0462
0.776050,filtered_pd,-1.0100,-4.0548
0.783238,standard_pd,-0.4756,-7.1408
0.783238,filtered_pd,-0.9773,-4.1292
0.790493,standard_pd,-0.4636,-7.2361
0.790493,filtered_pd,-0.9452,-4.2046
0.797814,standard_pd,-0.4519,-7.3322
0.797814,filtered_pd,-0.9135,-4.2810
0.805204,standard_pd,-0.4404,-7.4292
0.805204,filtered_pd,-0.8823,-4.3585
0.812662,standard_pd,-0.4291,-7.5269
0.812662,filtered_pd,-0.8517,-4.4371
0.820189,standard_pd,-0.4181,-7.6256
0.820189,filtered_pd,-0.8215,-4.5169
0.827786,standard_pd,-0.4072,-7.7252
0.827786,filtered_pd,-0.7917,-4.5979
0.835453,standard_pd,-0.3966,-7.8259
0.835453,filtered_pd,-0.7624,-4.6803
0.843191,standard_pd,-0.3862,-7.9276
0.843191,filtered_pd,-0.7336,-4.7639
0.851001,standard_pd,-0.3760,-8.0304
0.851001,filtered_pd,-0.7052,-4.8490
0.858883,standard_pd,-0.3659,-8.1345
0.858883,filtered_pd,-0.6772,-4.9355
0.866838,standard_pd,-0.3561,-8.2398
0.866838,filtered_pd,-0.6497,-5.0236
0.874867,standard_pd,-0.3464,-8.3465
0.874867,filtered_pd,-0.6226,-5.1133
0.882970,standard_pd,-0.3369,-8.4546
0.882970,filtered_pd,-0.5959,-5.2048
0.891148,standard_pd,-0.3276,-8.5643
0.891148,filtered_pd,-0.5696,-5.2980
0.899402,standard_pd,-0.3185,-8.6756
0.899402,filtered_pd,-0.5438,-5.3932
0.907733,standard_pd,-0.3095,-8.7886
0.907733,filtered_pd,-0.5183,-5.4904
0.916140,standard_pd,-0.3007,-8.9036
0.916140,filtered_pd,-0.4933,-5.5898
0.924626,standard_pd,-0.2920,-9.0206
0.924626,filtered_pd,-0.4687,-5.6914
0.933190,standard_pd,-0.2835,-9.1398
0.933190,filtered_pd,-0.4445,-5.7955
0.941833,standard_pd,-0.2751,-9.2613
0.941833,filtered_pd,-0.4207,-5.9023
0.950557,standard_pd,-0.2669,-9.3853
0.950557,filtered_pd,-0.3973,-6.0119
0.959361,standard_pd,-0.2589,-9.5121
0.959361,filtered_pd,-0.3744,-6.1245
0.968247,standard_pd,-0.2510,-9.6418
0.968247,filtered_pd,-0.3518,-6.2403
0.977215,standard_pd,-0.2433,-9.7748
0.977215,filtered_pd,-0.3297,-6.3597
0.986266,standard_pd,-0.2357,-9.9112
0.986266,filtered_pd,-0.3080,-6.4829
0.995401,standard_pd,-0.2282,-10.0515
0.995401,filtered_pd,-0.2868,-6.6102
1.004620,standard_pd,-0.2210,-10.1960
1.004620,filtered_pd,-0.2660,-6.7420
1.013925,standard_pd,-0.2139,-10.3450
1.013925,filtered_pd,-0.2457,-6.8788
1.023317,standard_pd,-0.2069,-10.4992
1.023317,filtered_pd,-0.2259,-7.0210
1.032795,standard_pd,-0.2002,-10.6589
1.032795,filtered_pd,-0.2066,-7.1691
1.042361,standard_pd,-0.1936,-10.8248
1.042361,filtered_pd,-0.1878,-7.3239
1.052015,standard_pd,-0.1872,-10.9976
1.052015,filtered_pd,-0.1697,-7.4859
1.061759,standard_pd,-0.1811,-11.1782
1.061759,filtered_pd,-0.1522,-7.6561
1.071593,standard_pd,-0.1752,-11.3673
1.071593,filtered_pd,-0.1353,-7.8355
1.081519,standard_pd,-0.1696,-11.5663
1.081519,filtered_pd,-0.1193,-8.0251
1.091536,standard_pd,-0.1643,-11.7762
1.091536,filtered_pd,-0.1040,-8.2263
1.101646,standard_pd,-0.1594,-11.9988
1.101646,filtered_pd,-0.0898,-8.4407
1.111850,standard_pd,-0.1548,-12.2358
1.111850,filtered_pd,-0.0766,-8.6702
1.122148,standard_pd,-0.1508,-12.4895
1.122148,filtered_pd,-0.0646,-8.9172
1.132541,standard_pd,-0.1473,-12.7625
1.132541,filtered_pd,-0.0540,-9.1844
1.143031,standard_pd,-0.1445,-13.0582
1.143031,filtered_pd,-0.0451,-9.4754
1.153618,standard_pd,-0.1425,-13.3807
1.153618,filtered_pd,-0.0382,-9.7942
1.164303,standard_pd,-0.1415,-13.7351
1.164303,filtered_pd,-0.0336,-10.1464
1.175087,standard_pd,-0.1418,-14.1281
1.175087,filtered_pd,-0.0319,-10.5389
1.185971,standard_pd,-0.1436,-14.5683
1.185971,filtered_pd,-0.0336,-10.9804
1.196956,standard_pd,-0.1474,-15.0668
1.196956,filtered_pd,-0.0396,-11.4826
1.208042,standard_pd,-0.1537,-15.6387
1.208042,filtered_pd,-0.0511,-12.0612
1.219231,standard_pd,-0.1632,-16.3047
1.219231,filtered_pd,-0.0693,-12.7375
1.230524,standard_pd,-0.1770,-17.0935
1.230524,filtered_pd,-0.0963,-13.5411
1.241921,standard_pd,-0.1965,-18.0458
1.241921,filtered_pd,-0.1347,-14.5140
1.253424,standard_pd,-0.2236,-19.2189
1.253424,filtered_pd,-0.1882,-15.7152
1.265034,standard_pd,-0.2612,-20.6869
1.265034,filtered_pd,-0.2617,-17.2208
1.276751,standard_pd,-0.3135,-22.4998
1.276751,filtered_pd,-0.3627,-19.0842
1.288576,standard_pd,-0.3869,-24.4049
1.288576,filtered_pd,-0.5017,-21.0566
1.300511,standard_pd,-0.4912,-24.9458
1.300511,filtered_pd,-0.6942,-21.6876
1.312557,standard_pd,-0.6417,-22.6471
1.312557,filtered_pd,-0.9634,-19.5094
1.324714,standard_pd,-0.8638,-19.1636
1.324714,filtered_pd,-1.3442,-16.1865
1.336984,standard_pd,-1.1987,-15.8220
1.336984,filtered_pd,-1.8891,-13.0569
1.349367,standard_pd,-1.7155,-12.8404
1.349367,filtered_pd,-2.6761,-10.3475
1.361865,standard_pd,-2.5247,-10.2078
1.361865,filtered_pd,-3.8131,-8.0446
1.374479,standard_pd,-3.7780,-7.9425
1.374479,filtered_pd,-5.4207,-6.1358
1.387210,standard_pd,-5.5551,-6.1307
1.387210,filtered_pd,-7.5037,-4.6320
1.400058,standard_pd,-7.3310,-4.8822
1.400058,filtered_pd,-9.4375,-3.5436
1.413026,standard_pd,-7.5446,-4.2320
1.413026,filtered_pd,-9.6056,-2.8502
1.426114,standard_pd,-6.1643,-4.0828
1.426114,filtered_pd,-8.0132,-2.4911
1.439323,standard_pd,-4.6566,-4.2626
1.439323,filtered_pd,-6.2148,-2.3826
1.452654,standard_pd,-3.5257,-4.6159
1.452654,filtered_pd,-4.7883,-2.4425
1.466109,standard_pd,-2.7373,-5.0401
1.466109,filtered_pd,-3.7361,-2.6054
1.479688,standard_pd,-2.1865,-5.4792
1.479688,filtered_pd,-2.9639,-2.8255
1.493393,standard_pd,-1.7930,-5.9061
1.493393,filtered_pd,-2.3892,-3.0737
1.507225,standard_pd,-1.5042,-6.3093
1.507225,filtered_pd,-1.9531,-3.3322
1.521186,standard_pd,-1.2866,-6.6853
1.521186,filtered_pd,-1.6154,-3.5908
1.535275,standard_pd,-1.1186,-7.0342
1.535275,filtered_pd,-1.3488,-3.8437
1.549495,standard_pd,-0.9860,-7.3576
1.549495,filtered_pd,-1.1345,-4.0881
1.563847,standard_pd,-0.8793,-7.6579
1.563847,filtered_pd,-0.9593,-4.3228
1.578331,standard_pd,-0.7921,-7.9377
1.578331,filtered_pd,-0.8141,-4.5473
1.592950,standard_pd,-0.7197,-8.1991
1.592950,filtered_pd,-0.6919,-4.7619
1.607704,standard_pd,-0.6587,-8.4442
1.607704,filtered_pd,-0.5880,-4.9670
1.622595,standard_pd,-0.6068,-8.6750
1.622595,filtered_pd,-0.4986,-5.1633
1.637624,standard_pd,-0.5621,-8.8931
1.637624,filtered_pd,-0.4208,-5.3513
1.652792,standard_pd,-0.5233,-9.0999
1.652792,filtered_pd,-0.3526,-5.5319
1.668101,standard_pd,-0.4893,-9.2966
1.668101,filtered_pd,-0.2924,-5.7055
1.683551,standard_pd,-0.4592,-9.4844
1.683551,filtered_pd,-0.2387,-5.8728
1.699144,standard_pd,-0.4325,-9.6641
1.699144,filtered_pd,-0.1905,-6.0344
1.714882,standard_pd,-0.4086,-9.8366
1.714882,filtered_pd,-0.1470,-6.1907
1.730766,standard_pd,-0.3871,-10.0025
1.730766,filtered_pd,-0.1075,-6.3422
1.746796,standard_pd,-0.3676,-10.1627
1.746796,filtered_pd,-0.0715,-6.4893
1.762975,standard_pd,-0.3499,-10.3175
1.762975,filtered_pd,-0.0385,-6.6324
1.779304,standard_pd,-0.3337,-10.4674
1.779304,filtered_pd,-0.0082,-6.7718
1.795785,standard_pd,-0.3188,-10.6130
1.795785,filtered_pd,0.0199,-6.9079
1.812418,standard_pd,-0.3051,-10.7546
1.812418,filtered_pd,0.0460,-7.0408
1.829205,standard_pd,-0.2924,-10.8925
1.829205,filtered_pd,0.0703,-7.1709
1.846147,standard_pd,-0.2807,-11.0270
1.846147,filtered_pd,0.0929,-7.2985
1.863246,standard_pd,-0.2698,-11.1584
1.863246,filtered_pd,0.1141,-7.4236
1.880504,standard_pd,-0.2596,-11.2870
1.880504,filtered_pd,0.1340,-7.5465
1.897922,standard_pd,-0.2500,-11.4130
1.897922,filtered_pd,0.1528,-7.6673
1.915501,standard_pd,-0.2411,-11.5365
1.915501,filtered_pd,0.1705,-7.7863
1.933242,standard_pd,-0.2327,-11.6577
1.933242,filtered_pd,0.1872,-7.9035
1.951148,standard_pd,-0.2248,-11.7769
1.951148,filtered_pd,0.2030,-8.0191
1.969220,standard_pd,-0.2173,-11.8941
1.969220,filtered_pd,0.2181,-8.1332
1.987460,standard_pd,-0.2103,-12.0095
1.987460,filtered_pd,0.2323,-8.2460
2.005868,standard_pd,-0.2036,-12.1232
2.005868,filtered_pd,0.2459,-8.3574
2.024447,standard_pd,-0.1972,-12.2354
2.024447,filtered_pd,0.2589,-8.4676
2.043197,standard_pd,-0.1912,-12.3460
2.043197,filtered_pd,0.2712,-8.5767
2.062122,standard_pd,-0.1854,-12.4553
2.062122,filtered_pd,0.2830,-8.6848
2.081222,standard_pd,-0.1799,-12.5633
2.081222,filtered_pd,0.2943,-8.7920
2.100498,standard_pd,-0.1747,-12.6700
2.100498,filtered_pd,0.3051,-8.8982
2.119953,standard_pd,-0.1697,-12.7756
2.119953,filtered_pd,0.3154,-9.0036
2.139589,standard_pd,-0.1649,-12.8802
2.139589,filtered_pd,0.3253,-9.1082
2.159406,standard_pd,-0.1604,-12.9837
2.159406,filtered_pd,0.3349,-9.2121
2.179407,standard_pd,-0.1560,-13.0862
2.179407,filtered_pd,0.3440,-9.3153
2.199593,standard_pd,-0.1518,-13.1879
2.199593,filtered_pd,0.3528,-9.4179
2.219966,standard_pd,-0.1477,-13.2887
2.219966,filtered_pd,0.3612,-9.5199
2.240528,standard_pd,-0.1438,-13.3887
2.240528,filtered_pd,0.3693,-9.6214
2.261280,standard_pd,-0.1401,-13.4879
2.261280,filtered_pd,0.3771,-9.7224
2.282224,standard_pd,-0.1365,-13.5864
2.282224,filtered_pd,0.3846,-9.8229
2.303363,standard_pd,-0.1330,-13.6842
2.303363,filtered_pd,0.3919,-9.9229
2.324697,standard_pd,-0.1296,-13.7814
2.324697,filtered_pd,0.3988,-10.0226
2.346229,standard_pd,-0.1264,-13.8779
2.346229,filtered_pd,0.4056,-10.1218
2.367960,standard_pd,-0.1233,-13.9738
2.367960,filtered_pd,0.4120,-10.2208
2.389893,standard_pd,-0.1203,-14.0692
2.389893,filtered_pd,0.4183,-10.3194
2.412028,standard_pd,-0.1173,-14.1640
2.412028,filtered_pd,0.4243,-10.4177
2.434369,standard_pd,-0.1145,-14.2584
2.434369,filtered_pd,0.4300,-10.5157
2.456916,standard_pd,-0.1118,-14.3522
2.456916,filtered_pd,0.4356,-10.6135
2.479673,standard_pd,-0.1091,-14.4456
2.479673,filtered_pd,0.4410,-10.7110
2.502640,standard_pd,-0.1066,-14.5385
2.502640,filtered_pd,0.4462,-10.8084
2.525820,standard_pd,-0.1041,-14.6310
2.525820,filtered_pd,0.4512,-10.9055
2.549215,standard_pd,-0.1017,-14.7231
2.549215,filtered_pd,0.4560,-11.0025
2.572826,standard_pd,-0.0993,-14.8148
2.572826,filtered_pd,0.4606,-11.0993
2.596656,standard_pd,-0.0971,-14.9061
2.596656,filtered_pd,0.4651,-11.1959
2.620707,standard_pd,-0.0949,-14.9971
2.620707,filtered_pd,0.4694,-11.2924
2.644980,standard_pd,-0.0927,-15.0877
2.644980,filtered_pd,0.4735,-11.3889
2.669478,standard_pd,-0.0906,-15.1780
2.669478,filtered_pd,0.4775,-11.4852
2.694204,standard_pd,-0.0886,-15.2680
2.694204,filtered_pd,0.4813,-11.5814
2.719158,standard_pd,-0.0867,-15.3577
2.719158,filtered_pd,0.4850,-11.6775
2.744343,standard_pd,-0.0847,-15.4471
2.744343,filtered_pd,0.4885,-11.7736
2.769762,standard_pd,-0.0829,-15.5362
2.769762,filtered_pd,0.4919,-11.8697
2.795416,standard_pd,-0.0811,-15.6250
2.795416,filtered_pd,0.4952,-11.9657
2.821308,standard_pd,-0.0793,-15.7136
2.821308,filtered_pd,0.4983,-12.0617
2.847439,standard_pd,-0.0776,-15.8020
2.847439,filtered_pd,0.5013,-12.1576
2.873813,standard_pd,-0.0759,-15.8901
2.873813,filtered_pd,0.5041,-12.2536
2.900430,standard_pd,-0.0743,-15.9780
2.900430,filtered_pd,0.5069,-12.3495
2.927295,standard_pd,-0.0727,-16.0656
2.927295,filtered_pd,0.5095,-12.4455
2.954408,standard_pd,-0.0711,-16.1530
2.954408,filtered_pd,0.5120,-12.5414
2.981772,standard_pd,-0.0696,-16.2403
2.981772,filtered_pd,0.5144,-12.6375
3.009390,standard_pd,-0.0682,-16.3273
3.009390,filtered_pd,0.5166,-12.7335
3.037264,standard_pd,-0.0667,-16.4141
3.037264,filtered_pd,0.5188,-12.8296
3.065395,standard_pd,-0.0653,-16.5008
3.065395,filtered_pd,0.5208,-12.9257
3.093788,standard_pd,-0.0640,-16.5873
3.093788,filtered_pd,0.5228,-13.0219
3.122443,standard_pd,-0.0626,-16.6736
3.122443,filtered_pd,0.5246,-13.1182
3.151363,standard_pd,-0.0613,-16.7597
3.151363,filtered_pd,0.5263,-13.2146
3.180552,standard_pd,-0.0601,-16.8457
3.180552,filtered_pd,0.5279,-13.3110
3.210011,standard_pd,-0.0588,-16.9315
3.210011,filtered_pd,0.5295,-13.4075
3.239743,standard_pd,-0.0576,-17.0172
3.239743,filtered_pd,0.5309,-13.5041
3.269750,standard_pd,-0.0564,-17.1027
3.269750,filtered_pd,0.5322,-13.6008
3.300035,standard_pd,-0.0553,-17.1881
3.300035,filtered_pd,0.5335,-13.6977
3.330600,standard_pd,-0.0542,-17.2734
3.330600,filtered_pd,0.5346,-13.7946
3.361449,standard_pd,-0.0531,-17.3585
3.361449,filtered_pd,0.5357,-13.8917
3.392583,standard_pd,-0.0520,-17.4435
3.392583,filtered_pd,0.5366,-13.9888
3.424006,standard_pd,-0.0509,-17.5283
3.424006,filtered_pd,0.5375,-14.0862
3.455720,standard_pd,-0.0499,-17.6131
3.455720,filtered_pd,0.5383,-14.1836
3.487727,standard_pd,-0.0489,-17.6977
3.487727,filtered_pd,0.5390,-14.2812
3.520031,standard_pd,-0.0479,-17.7822
3.520031,filtered_pd,0.5396,-14.3789
3.552635,standard_pd,-0.0469,-17.8666
3.552635,filtered_pd,0.5401,-14.4768
3.585540,standard_pd,-0.0460,-17.9509
3.585540,filtered_pd,0.5406,-14.5749
3.618750,standard_pd,-0.0451,-18.0351
3.618750,filtered_pd,0.5409,-14.6731
3.652267,standard_pd,-0.0442,-18.1192
3.652267,filtered_pd,0.5412,-14.7715
3.686095,standard_pd,-0.0433,-18.2032
3.686095,filtered_pd,0.5414,-14.8701
3.720237,standard_pd,-0.0424,-18.2871
3.720237,filtered_pd,0.5415,-14.9688
3.754694,standard_pd,-0.0416,-18.3709
3.754694,filtered_pd,0.5416,-15.0677
3.789471,standard_pd,-0.0408,-18.4546
3.789471,filtered_pd,0.5416,-15.1668
3.824570,standard_pd,-0.0400,-18.5383
3.824570,filtered_pd,0.5415,-15.2661
3.859994,standard_pd,-0.0392,-18.6218
3.859994,filtered_pd,0.5413,-15.3656
3.895746,standard_pd,-0.0384,-18.7053
3.895746,filtered_pd,0.5411,-15.4653
3.931829,standard_pd,-0.0377,-18.7887
3.931829,filtered_pd,0.5407,-15.5652
3.968246,standard_pd,-0.0369,-18.8720
3.968246,filtered_pd,0.5404,-15.6653
4.005001,standard_pd,-0.0362,-18.9552
4.005001,filtered_pd,0.5399,-15.7657
4.042096,standard_pd,-0.0355,-19.0384
4.042096,filtered_pd,0.5394,-15.8662
4.079535,standard_pd,-0.0348,-19.1215
4.079535,filtered_pd,0.5388,-15.9670
4.117320,standard_pd,-0.0341,-19.2045
4.117320,filtered_pd,0.5381,-16.0680
4.155455,standard_pd,-0.0335,-19.2875
4.155455,filtered_pd,0.5374,-16.1692
4.193944,standard_pd,-0.0328,-19.3704
4.193944,filtered_pd,0.5366,-16.2706
4.232789,standard_pd,-0.0322,-19.4532
4.232789,filtered_pd,0.5358,-16.3723
4.271994,standard_pd,-0.0316,-19.5360
4.271994,filtered_pd,0.5348,-16.4743
4.311562,standard_pd,-0.0309,-19.6187
4.311562,filtered_pd,0.5339,-16.5764
4.351497,standard_pd,-0.0303,-19.7013
4.351497,filtered_pd,0.5328,-16.6789
4.391801,standard_pd,-0.0298,-19.7839
4.391801,filtered_pd,0.5317,-16.7815
4.432479,standard_pd,-0.0292,-19.8664
4.432479,filtered_pd,0.5305,-16.8845
4.473533,standard_pd,-0.0286,-19.9489
4.473533,filtered_pd,0.5293,-16.9876
4.514968,standard_pd,-0.0281,-20.0313
4.514968,filtered_pd,0.5280,-17.0911
4.556786,standard_pd,-0.0275,-20.1137
4.556786,filtered_pd,0.5267,-17.1948
4.598992,standard_pd,-0.0270,-20.1960
4.598992,filtered_pd,0.5253,-17.2988
4.641589,standard_pd,-0.0265,-20.2783
4.641589,filtered_pd,0.5239,-17.4031
4.684580,standard_pd,-0.0260,-20.3606
4.684580,filtered_pd,0.5223,-17.5076
4.727970,standard_pd,-0.0255,-20.4427
4.727970,filtered_pd,0.5208,-17.6124
4.771761,standard_pd,-0.0250,-20.5249
4.771761,filtered_pd,0.5192,-17.7175
4.815958,standard_pd,-0.0245,-20.6070
4.815958,filtered_pd,0.5175,-17.8229
4.860564,standard_pd,-0.0240,-20.6890
4.860564,filtered_pd,0.5158,-17.9286
4.905584,standard_pd,-0.0236,-20.7710
4.905584,filtered_pd,0.5140,-18.0345
4.951020,standard_pd,-0.0231,-20.8530
4.951020,filtered_pd,0.5122,-18.1408
4.996877,standard_pd,-0.0227,-20.9349
4.996877,filtered_pd,0.5103,-18.2473
5.043159,standard_pd,-0.0223,-21.0168
5.043159,filtered_pd,0.5084,-18.3542
5.089870,standard_pd,-0.0218,-21.0986
5.089870,filtered_pd,0.5064,-18.4613
5.137014,standard_pd,-0.0214,-21.1805
5.137014,filtered_pd,0.5044,-18.5688
5.184594,standard_pd,-0.0210,-21.2622
5.184594,filtered_pd,0.5024,-18.6765
5.232614,standard_pd,-0.0206,-21.3440
5.232614,filtered_pd,0.5002,-18.7846
5.281080,standard_pd,-0.0202,-21.4257
5.281080,filtered_pd,0.4981,-18.8930
5.329994,standard_pd,-0.0198,-21.5073
5.329994,filtered_pd,0.4959,-19.0017
5.379362,standard_pd,-0.0195,-21.5890
5.379362,filtered_pd,0.4937,-19.1107
5.429186,standard_pd,-0.0191,-21.6706
5.429186,filtered_pd,0.4914,-19.2200
5.479472,standard_pd,-0.0187,-21.7522
5.479472,filtered_pd,0.4890,-19.3297
5.530224,standard_pd,-0.0184,-21.8337
5.530224,filtered_pd,0.4867,-19.4397
5.581446,standard_pd,-0.0180,-21.9152
5.581446,filtered_pd,0.4843,-19.5500
5.633143,standard_pd,-0.0177,-21.9967
5.633143,filtered_pd,0.4818,-19.6606
5.685318,standard_pd,-0.0174,-22.0781
5.685318,filtered_pd,0.4793,-19.7716
5.737976,standard_pd,-0.0170,-22.1596
5.737976,filtered_pd,0.4768,-19.8829
5.791123,standard_pd,-0.0167,-22.2410
5.791123,filtered_pd,0.4743,-19.9945
5.844761,standard_pd,-0.0164,-22.3223
5.844761,filtered_pd,0.4717,-20.1065
5.898896,standard_pd,-0.0161,-22.4037
5.898896,filtered_pd,0.4690,-20.2188
5.953533,standard_pd,-0.0158,-22.4850
5.953533,filtered_pd,0.4664,-20.3314
6.008676,standard_pd,-0.0155,-22.5663
6.008676,filtered_pd,0.4637,-20.4444
6.064329,standard_pd,-0.0152,-22.6476
6.064329,filtered_pd,0.4610,-20.5578
6.120498,standard_pd,-0.0149,-22.7288
6.120498,filtered_pd,0.4582,-20.6714
6.177188,standard_pd,-0.0146,-22.8100
6.177188,filtered_pd,0.4554,-20.7855
6.234402,standard_pd,-0.0144,-22.8912
6.234402,filtered_pd,0.4526,-20.8998
6.292146,standard_pd,-0.0141,-22.9724
6.292146,filtered_pd,0.4497,-21.0146
6.350425,standard_pd,-0.0138,-23.0536
6.350425,filtered_pd,0.4469,-21.1296
6.409244,standard_pd,-0.0136,-23.1347
6.409244,filtered_pd,0.4439,-21.2450
6.468608,standard_pd,-0.0133,-23.2158
6.468608,filtered_pd,0.4410,-21.3608
6.528521,standard_pd,-0.0131,-23.2969
6.528521,filtered_pd,0.4381,-21.4769
6.588990,standard_pd,-0.0128,-23.3780
6.588990,filtered_pd,0.4351,-21.5934
6.650018,standard_pd,-0.0126,-23.4590
6.650018,filtered_pd,0.4321,-21.7102
6.711612,standard_pd,-0.0124,-23.5400
6.711612,filtered_pd,0.4290,-21.8274
6.773776,standard_pd,-0.0121,-23.6210
6.773776,filtered_pd,0.4260,-21.9450
6.836516,standard_pd,-0.0119,-23.7020
6.836516,filtered_pd,0.4229,-22.0629
6.899837,standard_pd,-0.0117,-23.7830
6.899837,filtered_pd,0.4198,-22.1811
6.963745,standard_pd,-0.0115,-23.8640
6.963745,filtered_pd,0.4167,-22.2998
7.028244,standard_pd,-0.0112,-23.9449
7.028244,filtered_pd,0.4136,-22.4188
7.093341,standard_pd,-0.0110,-24.0258
7.093341,filtered_pd,0.4104,-22.5381
7.159041,standard_pd,-0.0108,-24.1067
7.159041,filtered_pd,0.4072,-22.6578
7.225349,standard_pd,-0.0106,-24.1876
7.225349,filtered_pd,0.4041,-22.7779
7.292272,standard_pd,-0.0104,-24.2685
7.292272,filtered_pd,0.4009,-22.8983
7.359814,standard_pd,-0.0102,-24.3494
7.359814,filtered_pd,0.3976,-23.0191
7.427982,standard_pd,-0.0100,-24.4302
7.427982,filtered_pd,0.3944,-23.1402
7.496782,standard_pd,-0.0099,-24.5110
7.496782,filtered_pd,0.3912,-23.2617
7.566219,standard_pd,-0.0097,-24.5918
7.566219,filtered_pd,0.3879,-23.3836
7.636298,standard_pd,-0.0095,-24.6726
7.636298,filtered_pd,0.3846,-23.5058
7.707027,standard_pd,-0.0093,-24.7534
7.707027,filtered_pd,0.3814,-23.6284
7.778411,standard_pd,-0.0091,-24.8342
7.778411,filtered_pd,0.3781,-23.7514
7.850456,standard_pd,-0.0090,-24.9150
7.850456,filtered_pd,0.3748,-23.8747
7.923169,standard_pd,-0.0088,-24.9957
7.923169,filtered_pd,0.3715,-23.9984
7.996555,standard_pd,-0.0086,-25.0764
7.996555,filtered_pd,0.3682,-24.1224
8.070620,standard_pd,-0.0085,-25.1572
8.070620,filtered_pd,0.3649,-24.2468
8.145372,standard_pd,-0.0083,-25.2379
8.145372,filtered_pd,0.3616,-24.3716
8.220816,standard_pd,-0.0082,-25.3186
8.220816,filtered_pd,0.3582,-24.4967
8.296959,standard_pd,-0.0080,-25.3992
8.296959,filtered_pd,0.3549,-24.6221
8.373807,standard_pd,-0.0079,-25.4799
8.373807,filtered_pd,0.3516,-24.7480
8.451366,standard_pd,-0.0077,-25.5606
8.451366,filtered_pd,0.3482,-24.8742
8.529644,standard_pd,-0.0076,-25.6412
8.529644,filtered_pd,0.3449,-25.0007
8.608648,standard_pd,-0.0074,-25.7219
8.608648,filtered_pd,0.3416,-25.1276
8.688383,standard_pd,-0.0073,-25.8025
8.688383,filtered_pd,0.3382,-25.2548
8.768856,standard_pd,-0.0072,-25.8831
8.768856,filtered_pd,0.3349,-25.3824
8.850075,standard_pd,-0.0070,-25.9637
8.850075,filtered_pd,0.3316,-25.5104
8.932046,standard_pd,-0.0069,-26.0443
8.932046,filtered_pd,0.3283,-25.6387
9.014776,standard_pd,-0.0068,-26.1249
9.014776,filtered_pd,0.3249,-25.7673
9.098273,standard_pd,-0.0067,-26.2055
9.098273,filtered_pd,0.3216,-25.8963
9.182543,standard_pd,-0.0065,-26.2860
9.182543,filtered_pd,0.3183,-26.0257
9.267593,standard_pd,-0.0064,-26.3666
9.267593,filtered_pd,0.3150,-26.1554
9.353432,standard_pd,-0.0063,-26.4471
9.353432,filtered_pd,0.3117,-26.2854
9.440065,standard_pd,-0.0062,-26.5277
9.440065,filtered_pd,0.3084,-26.4158
9.527500,standard_pd,-0.0061,-26.6082
9.527500,filtered_pd,0.3051,-26.5465
9.615746,standard_pd,-0.0060,-26.6887
9.615746,filtered_pd,0.3018,-26.6776
9.704809,standard_pd,-0.0058,-26.7693
9.704809,filtered_pd,0.2985,-26.8090
9.794697,standard_pd,-0.0057,-26.8498
9.794697,filtered_pd,0.2953,-26.9407
9.885417,standard_pd,-0.0056,-26.9303
9.885417,filtered_pd,0.2920,-27.0728
9.976978,standard_pd,-0.0055,-27.0107
9.976978,filtered_pd,0.2888,-27.2052
10.069386,standard_pd,-0.0054,-27.0912
10.069386,filtered_pd,0.2855,-27.3379
10.162651,standard_pd,-0.0053,-27.1717
10.162651,filtered_pd,0.2823,-27.4709
10.256779,standard_pd,-0.0052,-27.2522
10.256779,filtered_pd,0.2791,-27.6043
10.351780,standard_pd,-0.0051,-27.3326
10.351780,filtered_pd,0.2759,-27.7380
10.447660,standard_pd,-0.0050,-27.4131
10.447660,filtered_pd,0.2727,-27.8721
10.544428,standard_pd,-0.0049,-27.4935
10.544428,filtered_pd,0.2696,-28.0064
10.642092,standard_pd,-0.0049,-27.5740
10.642092,filtered_pd,0.2664,-28.1411
10.740662,standard_pd,-0.0048,-27.6544
10.740662,filtered_pd,0.2633,-28.2761
10.840144,standard_pd,-0.0047,-27.7348
10.840144,filtered_pd,0.2601,-28.4114
10.940547,standard_pd,-0.0046,-27.8152
10.940547,filtered_pd,0.2570,-28.5470
11.041881,standard_pd,-0.0045,-27.8957
11.041881,filtered_pd,0.2540,-28.6830
11.144153,standard_pd,-0.0044,-27.9761
11.144153,filtered_pd,0.2509,-28.8192
11.247372,standard_pd,-0.0043,-28.0565
11.247372,filtered_pd,0.2478,-28.9557
11.351547,standard_pd,-0.0043,-28.1369
11.351547,filtered_pd,0.2448,-29.0926
11.456687,standard_pd,-0.0042,-28.2172
11.456687,filtered_pd,0.2418,-29.2298
11.562801,standard_pd,-0.0041,-28.2976
11.562801,filtered_pd,0.2388,-29.3672
11.669898,standard_pd,-0.0040,-28.3780
11.669898,filtered_pd,0.2358,-29.5050
11.777987,standard_pd,-0.0040,-28.4584
11.777987,filtered_pd,0.2328,-29.6430
11.887077,standard_pd,-0.0039,-28.5387
11.887077,filtered_pd,0.2299,-29.7813
11.997177,standard_pd,-0.0038,-28.6191
11.997177,filtered_pd,0.2269,-29.9200
12.108298,standard_pd,-0.0037,-28.6994
12.108298,filtered_pd,0.2240,-30.0589
12.220447,standard_pd,-0.0037,-28.7798
12.220447,filtered_pd,0.2212,-30.1981
12.333635,standard_pd,-0.0036,-28.8601
12.333635,filtered_pd,0.2183,-30.3376
12.447871,standard_pd,-0.0035,-28.9405
12.447871,filtered_pd,0.2155,-30.4773
12.563166,standard_pd,-0.0035,-29.0208
12.563166,filtered_pd,0.2126,-30.6174
12.679528,standard_pd,-0.0034,-29.1011
12.679528,filtered_pd,0.2098,-30.7577
12.796969,standard_pd,-0.0033,-29.1815
12.796969,filtered_pd,0.2071,-30.8983
12.915497,standard_pd,-0.0033,-29.2618
12.915497,filtered_pd,0.2043,-31.0391
13.035122,standard_pd,-0.0032,-29.3421
13.035122,filtered_pd,0.2016,-31.1802
13.155856,standard_pd,-0.0032,-29.4224
13.155856,filtered_pd,0.1989,-31.3216
13.277708,standard_pd,-0.0031,-29.5027
13.277708,filtered_pd,0.1962,-31.4633
13.400689,standard_pd,-0.0031,-29.5830
13.400689,filtered_pd,0.1935,-31.6052
13.524809,standard_pd,-0.0030,-29.6633
13.524809,filtered_pd,0.1909,-31.7474
13.650078,standard_pd,-0.0029,-29.7436
13.650078,filtered_pd,0.1883,-31.8898
13.776508,standard_pd,-0.0029,-29.8239
13.776508,filtered_pd,0.1857,-32.0325
13.904108,standard_pd,-0.0028,-29.9042
13.904108,filtered_pd,0.1831,-32.1754
14.032891,standard_pd,-0.0028,-29.9845
14.032891,filtered_pd,0.1806,-32.3186
14.162866,standard_pd,-0.0027,-30.0648
14.162866,filtered_pd,0.1781,-32.4620
14.294045,standard_pd,-0.0027,-30.1450
14.294045,filtered_pd,0.1756,-32.6057
14.426440,standard_pd,-0.0026,-30.2253
14.426440,filtered_pd,0.1731,-32.7496
14.560060,standard_pd,-0.0026,-30.3056
14.560060,filtered_pd,0.1706,-32.8937
14.694918,standard_pd,-0.0025,-30.3858
14.694918,filtered_pd,0.1682,-33.0381
14.831025,standard_pd,-0.0025,-30.4661
14.831025,filtered_pd,0.1658,-33.1827
14.968393,standard_pd,-0.0024,-30.5464
14.968393,filtered_pd,0.1635,-33.3275
15.107033,standard_pd,-0.0024,-30.6266
15.107033,filtered_pd,0.1611,-33.4726
15.246957,standard_pd,-0.0024,-30.7069
15.246957,filtered_pd,0.1588,-33.6179
15.388178,standard_pd,-0.0023,-30.7871
15.388178,filtered_pd,0.1565,-33.7634
15.530706,standard_pd,-0.0023,-30.8674
15.530706,filtered_pd,0.1542,-33.9091
15.674554,standard_pd,-0.0022,-30.9476
15.674554,filtered_pd,0.1520,-34.0551
15.819735,standard_pd,-0.0022,-31.0278
15.819735,filtered_pd,0.1497,-34.2012
15.966260,standard_pd,-0.0021,-31.1081
15.966260,filtered_pd,0.1475,-34.3476
16.114143,standard_pd,-0.0021,-31.1883
16.114143,filtered_pd,0.1453,-34.4942
16.263395,standard_pd,-0.0021,-31.2685
16.263395,filtered_pd,0.1432,-34.6410
16.414030,standard_pd,-0.0020,-31.3488
16.414030,filtered_pd,0.1411,-34.7879
16.566060,standard_pd,-0.0020,-31.4290
16.566060,filtered_pd,0.1390,-34.9351
16.719498,standard_pd,-0.0020,-31.5092
16.719498,filtered_pd,0.1369,-35.0825
16.874357,standard_pd,-0.0019,-31.5894
16.874357,filtered_pd,0.1348,-35.2301
17.030650,standard_pd,-0.0019,-31.6697
17.030650,filtered_pd,0.1328,-35.3779
17.188391,standard_pd,-0.0019,-31.7499
17.188391,filtered_pd,0.1308,-35.5258
17.347594,standard_pd,-0.0018,-31.8301
17.347594,filtered_pd,0.1288,-35.6740
17.508270,standard_pd,-0.0018,-31.9103
17.508270,filtered_pd,0.1268,-35.8223
17.670435,standard_pd,-0.0018,-31.9905
17.670435,filtered_pd,0.1249,-35.9709
17.834102,standard_pd,-0.0017,-32.0707
17.834102,filtered_pd,0.1230,-36.1196
17.999285,standard_pd,-0.0017,-32.1509
17.999285,filtered_pd,0.1211,-36.2685
18.165998,standard_pd,-0.0017,-32.2311
18.165998,filtered_pd,0.1192,-36.4175
18.334255,standard_pd,-0.0016,-32.3113
18.334255,filtered_pd,0.1174,-36.5668
18.504070,standard_pd,-0.0016,-32.3915
18.504070,filtered_pd,0.1156,-36.7162
18.675458,standard_pd,-0.0016,-32.4717
18.675458,filtered_pd,0.1138,-36.8658
18.848434,standard_pd,-0.0015,-32.5519
18.848434,filtered_pd,0.1120,-37.0155
19.023012,standard_pd,-0.0015,-32.6321
19.023012,filtered_pd,0.1103,-37.1655
19.199207,standard_pd,-0.0015,-32.7123
19.199207,filtered_pd,0.1085,-37.3155
19.377033,standard_pd,-0.0015,-32.7924
19.377033,filtered_pd,0.1068,-37.4658
19.556507,standard_pd,-0.0014,-32.8726
19.556507,filtered_pd,0.1051,-37.6162
19.737643,standard_pd,-0.0014,-32.9528
19.737643,filtered_pd,0.1035,-37.7667
19.920457,standard_pd,-0.0014,-33.0330
19.920457,filtered_pd,0.1018,-37.9174
20.104964,standard_pd,-0.0014,-33.1132
20.104964,filtered_pd,0.1002,-38.0683
20.291180,standard_pd,-0.0013,-33.1933
20.291180,filtered_pd,0.0986,-38.2193
20.479121,standard_pd,-0.0013,-33.2735
20.479121,filtered_pd,0.0971,-38.3705
20.668802,standard_pd,-0.0013,-33.3537
20.668802,filtered_pd,0.0955,-38.5218
20.860241,standard_pd,-0.0013,-33.4339
20.860241,filtered_pd,0.0940,-38.6732
21.053452,standard_pd,-0.0012,-33.5140
21.053452,filtered_pd,0.0925,-38.8248
21.248454,standard_pd,-0.0012,-33.5942
21.248454,filtered_pd,0.0910,-38.9766
21.445261,standard_pd,-0.0012,-33.6744
21.445261,filtered_pd,0.0895,-39.1285
21.643891,standard_pd,-0.0012,-33.7545
21.643891,filtered_pd,0.0881,-39.2805
21.844361,standard_pd,-0.0011,-33.8347
21.844361,filtered_pd,0.0866,-39.4326
22.046687,standard_pd,-0.0011,-33.9149
22.046687,filtered_pd,0.0852,-39.5849
22.250888,standard_pd,-0.0011,-33.9950
22.250888,filtered_pd,0.0839,-39.7373
22.456980,standard_pd,-0.0011,-34.0752
22.456980,filtered_pd,0.0825,-39.8898
22.664981,standard_pd,-0.0011,-34.1553
22.664981,filtered_pd,0.0811,-40.0425
22.874908,standard_pd,-0.0010,-34.2355
22.874908,filtered_pd,0.0798,-40.1953
23.086780,standard_pd,-0.0010,-34.3156
23.086780,filtered_pd,0.0785,-40.3482
23.300614,standard_pd,-0.0010,-34.3958
23.300614,filtered_pd,0.0772,-40.5012
23.516429,standard_pd,-0.0010,-34.4759
23.516429,filtered_pd,0.0759,-40.6543
23.734243,standard_pd,-0.0010,-34.5561
23.734243,filtered_pd,0.0747,-40.8076
23.954074,standard_pd,-0.0010,-34.6362
23.954074,filtered_pd,0.0735,-40.9610
24.175941,standard_pd,-0.0009,-34.7164
24.175941,filtered_pd,0.0722,-41.1145
24.399863,standard_pd,-0.0009,-34.7965
24.399863,filtered_pd,0.0711,-41.2681
24.625859,standard_pd,-0.0009,-34.8767
24.625859,filtered_pd,0.0699,-41.4218
24.853949,standard_pd,-0.0009,-34.9568
24.853949,filtered_pd,0.0687,-41.5756
25.084151,standard_pd,-0.0009,-35.0370
25.084151,filtered_pd,0.0676,-41.7295
25.316485,standard_pd,-0.0009,-35.1171
25.316485,filtered_pd,0.0664,-41.8836
25.550971,standard_pd,-0.0008,-35.1973
25.550971,filtered_pd,0.0653,-42.0377
25.787629,standard_pd,-0.0008,-35.2774
25.787629,filtered_pd,0.0642,-42.1919
26.026479,standard_pd,-0.0008,-35.3575
26.026479,filtered_pd,0.0632,-42.3463
26.267541,standard_pd,-0.0008,-35.4377
26.267541,filtered_pd,0.0621,-42.5007
26.510836,standard_pd,-0.0008,-35.5178
26.510836,filtered_pd,0.0611,-42.6552
26.756384,standard_pd,-0.0008,-35.5979
26.756384,filtered_pd,0.0600,-42.8099
27.004207,standard_pd,-0.0007,-35.6781
27.004207,filtered_pd,0.0590,-42.9646
27.254325,standard_pd,-0.0007,-35.7582
27.254325,filtered_pd,0.0580,-43.1194
27.506760,standard_pd,-0.0007,-35.8383
27.506760,filtered_pd,0.0570,-43.2743
27.761533,standard_pd,-0.0007,-35.9185
27.761533,filtered_pd,0.0561,-43.4293
28.018666,standard_pd,-0.0007,-35.9986
28.018666,filtered_pd,0.0551,-43.5844
28.278180,standard_pd,-0.0007,-36.0787
28.278180,filtered_pd,0.0542,-43.7396
28.540098,standard_pd,-0.0007,-36.1589
28.540098,filtered_pd,0.0533,-43.8948
28.804442,standard_pd,-0.0007,-36.2390
28.804442,filtered_pd,0.0524,-44.0502
29.071234,standard_pd,-0.0006,-36.3191
29.071234,filtered_pd,0.0515,-44.2056
29.340497,standard_pd,-0.0006,-36.3992
29.340497,filtered_pd,0.0506,-44.3611
29.612254,standard_pd,-0.0006,-36.4794
29.612254,filtered_pd,0.0497,-44.5167
29.886529,standard_pd,-0.0006,-36.5595
29.886529,filtered_pd,0.0489,-44.6723
30.163343,standard_pd,-0.0006,-36.6396
30.163343,filtered_pd,0.0480,-44.8281
30.442722,standard_pd,-0.0006,-36.7197
30.442722,filtered_pd,0.0472,-44.9839
30.724688,standard_pd,-0.0006,-36.7999
30.724688,filtered_pd,0.0464,-45.1398
31.009266,standard_pd,-0.0006,-36.8800
31.009266,filtered_pd,0.0456,-45.2958
31.296480,standard_pd,-0.0006,-36.9601
31.296480,filtered_pd,0.0448,-45.4518
31.586354,standard_pd,-0.0005,-37.0402
31.586354,filtered_pd,0.0440,-45.6079
31.878913,standard_pd,-0.0005,-37.1203
31.878913,filtered_pd,0.0433,-45.7641
32.174182,standard_pd,-0.0005,-37.2005
32.174182,filtered_pd,0.0425,-45.9204
32.472185,standard_pd,-0.0005,-37.2806
32.472185,filtered_pd,0.0418,-46.0767
32.772948,standard_pd,-0.0005,-37.3607
32.772948,filtered_pd,0.0411,-46.2331
33.076498,standard_pd,-0.0005,-37.4408
33.076498,filtered_pd,0.0404,-46.3895
33.382859,standard_pd,-0.0005,-37.5209
33.382859,filtered_pd,0.0397,-46.5460
33.692057,standard_pd,-0.0005,-37.6010
33.692057,filtered_pd,0.0390,-46.7026
34.004119,standard_pd,-0.0005,-37.6811
34.004119,filtered_pd,0.0383,-46.8593
34.319072,standard_pd,-0.0005,-37.7613
34.319072,filtered_pd,0.0376,-47.0160
34.636942,standard_pd,-0.0005,-37.8414
34.636942,filtered_pd,0.0370,-47.1727
34.957756,standard_pd,-0.0004,-37.9215
34.957756,filtered_pd,0.0363,-47.3295
35.281541,standard_pd,-0.0004,-38.0016
35.281541,filtered_pd,0.0357,-47.4864
35.608326,standard_pd,-0.0004,-38.0817
35.608326,filtered_pd,0.0351,-47.6434
35.938137,standard_pd,-0.0004,-38.1618
35.938137,filtered_pd,0.0345,-47.8004
36.271003,standard_pd,-0.0004,-38.2419
36.271003,filtered_pd,0.0339,-47.9574
36.606951,standard_pd,-0.0004,-38.3220
36.606951,filtered_pd,0.0333,-48.1145
36.946012,standard_pd,-0.0004,-38.4021
36.946012,filtered_pd,0.0327,-48.2717
37.288213,standard_pd,-0.0004,-38.4823
37.288213,filtered_pd,0.0321,-48.4289
37.633584,standard_pd,-0.0004,-38.5624
37.633584,filtered_pd,0.0316,-48.5862
37.982153,standard_pd,-0.0004,-38.6425
37.982153,filtered_pd,0.0310,-48.7435
38.333951,standard_pd,-0.0004,-38.7226
38.333951,filtered_pd,0.0305,-48.9008
38.689007,standard_pd,-0.0004,-38.8027
38.689007,filtered_pd,0.0299,-49.0583
39.047352,standard_pd,-0.0004,-38.8828
39.047352,filtered_pd,0.0294,-49.2157
39.409016,standard_pd,-0.0004,-38.9629
39.409016,filtered_pd,0.0289,-49.3732
39.774030,standard_pd,-0.0003,-39.0430
39.774030,filtered_pd,0.0284,-49.5308
40.142425,standard_pd,-0.0003,-39.1231
40.142425,filtered_pd,0.0279,-49.6884
40.514232,standard_pd,-0.0003,-39.2032
40.514232,filtered_pd,0.0274,-49.8460
40.889482,standard_pd,-0.0003,-39.2833
40.889482,filtered_pd,0.0269,-50.0037
41.268208,standard_pd,-0.0003,-39.3634
41.268208,filtered_pd,0.0264,-50.1615
41.650442,standard_pd,-0.0003,-39.4435
41.650442,filtered_pd,0.0260,-50.3193
42.036217,standard_pd,-0.0003,-39.5236
42.036217,filtered_pd,0.0255,-50.4771
42.425564,standard_pd,-0.0003,-39.6037
42.425564,filtered_pd,0.0251,-50.6349
42.818518,standard_pd,-0.0003,-39.6838
42.818518,filtered_pd,0.0246,-50.7928
43.215111,standard_pd,-0.0003,-39.7639
43.215111,filtered_pd,0.0242,-50.9508
43.615378,standard_pd,-0.0003,-39.8440
43.615378,filtered_pd,0.0238,-51.1088
44.019352,standard_pd,-0.0003,-39.9241
44.019352,filtered_pd,0.0233,-51.2668
44.427067,standard_pd,-0.0003,-40.0042
44.427067,filtered_pd,0.0229,-51.4249
44.838559,standard_pd,-0.0003,-40.0843
44.838559,filtered_pd,0.0225,-51.5830
45.253863,standard_pd,-0.0003,-40.1644
45.253863,filtered_pd,0.0221,-51.7411
45.673013,standard_pd,-0.0003,-40.2445
45.673013,filtered_pd,0.0217,-51.8993
46.096045,standard_pd,-0.0003,-40.3246
46.096045,filtered_pd,0.0213,-52.0575
46.522995,standard_pd,-0.0003,-40.4047
46.522995,filtered_pd,0.0210,-52.2157
46.953900,standard_pd,-0.0002,-40.4848
46.953900,filtered_pd,0.0206,-52.3740
47.388796,standard_pd,-0.0002,-40.5649
47.388796,filtered_pd,0.0202,-52.5323
47.827720,standard_pd,-0.0002,-40.6450
47.827720,filtered_pd,0.0199,-52.6906
48.270710,standard_pd,-0.0002,-40.7251
48.270710,filtered_pd,0.0195,-52.8490
48.717802,standard_pd,-0.0002,-40.8052
48.717802,filtered_pd,0.0192,-53.0074
49.169036,standard_pd,-0.0002,-40.8853
49.169036,filtered_pd,0.0188,-53.1659
49.624449,standard_pd,-0.0002,-40.9654
49.624449,filtered_pd,0.0185,-53.3243
50.084080,standard_pd,-0.0002,-41.0455
50.084080,filtered_pd,0.0181,-53.4828
50.547968,standard_pd,-0.0002,-41.1256
50.547968,filtered_pd,0.0178,-53.6413
51.016153,standard_pd,-0.0002,-41.2057
51.016153,filtered_pd,0.0175,-53.7999
51.488675,standard_pd,-0.0002,-41.2858
51.488675,filtered_pd,0.0172,-53.9585
51.965572,standard_pd,-0.0002,-41.3659
51.965572,filtered_pd,0.0169,-54.1171
52.446887,standard_pd,-0.0002,-41.4460
52.446887,filtered_pd,0.0166,-54.2758
52.932661,standard_pd,-0.0002,-41.5261
52.932661,filtered_pd,0.0163,-54.4344
53.422933,standard_pd,-0.0002,-41.6062
53.422933,filtered_pd,0.0160,-54.5931
53.917746,standard_pd,-0.0002,-41.6863
53.917746,filtered_pd,0.0157,-54.7518
54.417143,standard_pd,-0.0002,-41.7663
54.417143,filtered_pd,0.0154,-54.9106
54.921165,standard_pd,-0.0002,-41.8464
54.921165,filtered_pd,0.0152,-55.0694
55.429855,standard_pd,-0.0002,-41.9265
55.429855,filtered_pd,0.0149,-55.2282
55.943257,standard_pd,-0.0002,-42.0066
55.943257,filtered_pd,0.0146,-55.3870
56.461414,standard_pd,-0.0002,-42.0867
56.461414,filtered_pd,0.0144,-55.5458
56.984371,standard_pd,-0.0002,-42.1668
56.984371,filtered_pd,0.0141,-55.7047
57.512171,standard_pd,-0.0002,-42.2469
57.512171,filtered_pd,0.0138,-55.8636
58.044859,standard_pd,-0.0002,-42.3270
58.044859,filtered_pd,0.0136,-56.0225
58.582482,standard_pd,-0.0002,-42.4071
58.582482,filtered_pd,0.0133,-56.1815
59.125084,standard_pd,-0.0002,-42.4872
59.125084,filtered_pd,0.0131,-56.3404
59.672712,standard_pd,-0.0002,-42.5673
59.672712,filtered_pd,0.0129,-56.4994
60.225412,standard_pd,-0.0002,-42.6474
60.225412,filtered_pd,0.0126,-56.6584
60.783231,standard_pd,-0.0001,-42.7274
60.783231,filtered_pd,0.0124,-56.8174
61.346217,standard_pd,-0.0001,-42.8075
61.346217,filtered_pd,0.0122,-56.9765
61.914418,standard_pd,-0.0001,-42.8876
61.914418,filtered_pd,0.0120,-57.1355
62.487881,standard_pd,-0.0001,-42.9677
62.487881,filtered_pd,0.0118,-57.2946
63.066655,standard_pd,-0.0001,-43.0478
63.066655,filtered_pd,0.0115,-57.4537
63.650791,standard_pd,-0.0001,-43.1279
63.650791,filtered_pd,0.0113,-57.6128
64.240337,standard_pd,-0.0001,-43.2080
64.240337,filtered_pd,0.0111,-57.7720
64.835343,standard_pd,-0.0001,-43.2881
64.835343,filtered_pd,0.0109,-57.9311
65.435860,standard_pd,-0.0001,-43.3682
65.435860,filtered_pd,0.0107,-58.0903
66.041940,standard_pd,-0.0001,-43.4483
66.041940,filtered_pd,0.0105,-58.2495
66.653633,standard_pd,-0.0001,-43.5283
66.653633,filtered_pd,0.0104,-58.4087
67.270991,standard_pd,-0.0001,-43.6084
67.270991,filtered_pd,0.0102,-58.5680
67.894068,standard_pd,-0.0001,-43.6885
67.894068,filtered_pd,0.0100,-58.7272
68.522916,standard_pd,-0.0001,-43.7686
68.522916,filtered_pd,0.0098,-58.8865
69.157588,standard_pd,-0.0001,-43.8487
69.157588,filtered_pd,0.0096,-59.0458
69.798139,standard_pd,-0.0001,-43.9288
69.798139,filtered_pd,0.0095,-59.2051
70.444623,standard_pd,-0.0001,-44.0089
70.444623,filtered_pd,0.0093,-59.3644
71.097094,standard_pd,-0.0001,-44.0890
71.097094,filtered_pd,0.0091,-59.5237
71.755609,standard_pd,-0.0001,-44.1690
71.755609,filtered_pd,0.0089,-59.6830
72.420223,standard_pd,-0.0001,-44.2491
72.420223,filtered_pd,0.0088,-59.8424
73.090993,standard_pd,-0.0001,-44.3292
73.090993,filtered_pd,0.0086,-60.0018
73.767976,standard_pd,-0.0001,-44.4093
73.767976,filtered_pd,0.0085,-60.1612
74.451229,standard_pd,-0.0001,-44.4894
74.451229,filtered_pd,0.0083,-60.3205
75.140811,standard_pd,-0.0001,-44.5695
75.140811,filtered_pd,0.0082,-60.4800
75.836779,standard_pd,-0.0001,-44.6496
75.836779,filtered_pd,0.0080,-60.6394
76.539194,standard_pd,-0.0001,-44.7297
76.539194,filtered_pd,0.0079,-60.7988
77.248115,standard_pd,-0.0001,-44.8097
77.248115,filtered_pd,0.0077,-60.9583
77.963601,standard_pd,-0.0001,-44.8898
77.963601,filtered_pd,0.0076,-61.1177
78.685715,standard_pd,-0.0001,-44.9699
78.685715,filtered_pd,0.0075,-61.2772
79.414517,standard_pd,-0.0001,-45.0500
79.414517,filtered_pd,0.0073,-61.4367
80.150070,standard_pd,-0.0001,-45.1301
80.150070,filtered_pd,0.0072,-61.5962
80.892435,standard_pd,-0.0001,-45.2102
80.892435,filtered_pd,0.0071,-61.7557
81.641676,standard_pd,-0.0001,-45.2903
81.641676,filtered_pd,0.0069,-61.9153
82.397857,standard_pd,-0.0001,-45.3703
82.397857,filtered_pd,0.0068,-62.0748
83.161042,standard_pd,-0.0001,-45.4504
83.161042,filtered_pd,0.0067,-62.2344
83.931295,standard_pd,-0.0001,-45.5305
83.931295,filtered_pd,0.0066,-62.3939
84.708683,standard_pd,-0.0001,-45.6106
84.708683,filtered_pd,0.0064,-62.5535
85.493271,standard_pd,-0.0001,-45.6907
85.493271,filtered_pd,0.0063,-62.7131
86.285126,standard_pd,-0.0001,-45.7708
86.285126,filtered_pd,0.0062,-62.8727
87.084315,standard_pd,-0.0001,-45.8509
87.084315,filtered_pd,0.0061,-63.0323
87.890907,standard_pd,-0.0001,-45.9309
87.890907,filtered_pd,0.0060,-63.1919
88.704969,standard_pd,-0.0001,-46.0110
88.704969,filtered_pd,0.0059,-63.3515
89.526571,standard_pd,-0.0001,-46.0911
89.526571,filtered_pd,0.0058,-63.5111
90.355783,standard_pd,-0.0001,-46.1712
90.355783,filtered_pd,0.0057,-63.6708
91.192676,standard_pd,-0.0001,-46.2513
91.192676,filtered_pd,0.0056,-63.8304
92.037320,standard_pd,-0.0001,-46.3314
92.037320,filtered_pd,0.0055,-63.9901
92.889787,standard_pd,-0.0001,-46.4115
92.889787,filtered_pd,0.0054,-64.1498
93.750150,standard_pd,-0.0001,-46.4915
93.750150,filtered_pd,0.0053,-64.3094
94.618482,standard_pd,-0.0001,-46.5716
94.618482,filtered_pd,0.0052,-64.4691
95.494856,standard_pd,-0.0001,-46.6517
95.494856,filtered_pd,0.0051,-64.6288
96.379348,standard_pd,-0.0001,-46.7318
96.379348,filtered_pd,0.0050,-64.7885
97.272032,standard_pd,-0.0001,-46.8119
97.272032,filtered_pd,0.0049,-64.9482
98.172984,standard_pd,-0.0001,-46.8920
98.172984,filtered_pd,0.0048,-65.1080
99.082281,standard_pd,-0.0001,-46.9720
99.082281,filtered_pd,0.0047,-65.2677
100.000000,standard_pd,-0.0001,-47.0521
100.000000,filtered_pd,0.0046,-65.4274
